DDInterID_A,Drug_A,DDInterID_B,Drug_B,Level
DDInter1263,Naltrexone,DDInter1,Abacavir,Moderate
DDInter1,Abacavir,DDInter1348,Orlistat,Moderate
DDInter58,Aluminum hydroxide,DDInter582,Dolutegravir,Major
DDInter112,Aprepitant,DDInter582,Dolutegravir,Minor
DDInter138,Attapulgite,DDInter582,Dolutegravir,Major
DDInter270,Calcium acetate,DDInter582,Dolutegravir,Major
DDInter271,Calcium carbonate,DDInter582,Dolutegravir,Major
DDInter582,Dolutegravir,DDInter273,Calcium citrate,Major
DDInter582,Dolutegravir,DDInter274,Calcium glubionate anhydrous,Major
DDInter582,Dolutegravir,DDInter276,Calcium gluconate,Major
DDInter582,Dolutegravir,DDInter278,Calcium lactate,Major
DDInter582,Dolutegravir,DDInter279,Calcium Phosphate,Major
DDInter975,Iron,DDInter582,Dolutegravir,Major
DDInter380,Cimetidine,DDInter582,Dolutegravir,Minor
DDInter393,Clarithromycin,DDInter582,Dolutegravir,Minor
DDInter416,Clotrimazole,DDInter582,Dolutegravir,Minor
DDInter513,Dexamethasone,DDInter582,Dolutegravir,Minor
DDInter1005,Kaolin,DDInter582,Dolutegravir,Major
DDInter1019,Lamivudine,DDInter1016,Lactitol,Moderate
DDInter582,Dolutegravir,DDInter1112,Magaldrate,Major
DDInter582,Dolutegravir,DDInter1113,Magnesium carbonate,Major
DDInter582,Dolutegravir,DDInter1114,Magnesium chloride,Major
DDInter582,Dolutegravir,DDInter1115,Magnesium citrate,Major
DDInter582,Dolutegravir,DDInter1116,Magnesium gluconate,Major
DDInter582,Dolutegravir,DDInter1118,Magnesium hydroxide,Major
DDInter1119,Magnesium oxide,DDInter582,Dolutegravir,Major
DDInter1120,Magnesium sulfate,DDInter582,Dolutegravir,Major
DDInter1019,Lamivudine,DDInter1123,Mannitol,Moderate
DDInter1164,Metformin,DDInter582,Dolutegravir,Moderate
DDInter1209,Miconazole,DDInter582,Dolutegravir,Minor
DDInter1263,Naltrexone,DDInter1019,Lamivudine,Moderate
DDInter1019,Lamivudine,DDInter1348,Orlistat,Moderate
DDInter1019,Lamivudine,DDInter1703,Sorbitol,Moderate
DDInter1717,Sucralfate,DDInter582,Dolutegravir,Major
DDInter1881,Troglitazone,DDInter582,Dolutegravir,Minor
DDInter1961,Zidovudine,DDInter85,Amphotericin B,Moderate
DDInter1961,Zidovudine,DDInter86,Amphotericin B (cholesteryl sulfate),Moderate
DDInter1961,Zidovudine,DDInter87,Amphotericin B (lipid complex),Moderate
DDInter195,Betamethasone,DDInter1961,Zidovudine,Moderate
DDInter1961,Zidovudine,DDInter246,Budesonide,Moderate
DDInter1961,Zidovudine,DDInter380,Cimetidine,Minor
DDInter1961,Zidovudine,DDInter393,Clarithromycin,Minor
DDInter1961,Zidovudine,DDInter513,Dexamethasone,Moderate
DDInter1961,Zidovudine,DDInter885,Hydrocortisone,Moderate
DDInter1961,Zidovudine,DDInter1263,Naltrexone,Moderate
DDInter1961,Zidovudine,DDInter1513,Prednisolone,Moderate
DDInter1961,Zidovudine,DDInter1515,Prednisone,Moderate
DDInter1961,Zidovudine,DDInter1622,Rosuvastatin,Moderate
DDInter1961,Zidovudine,DDInter1675,Simvastatin,Moderate
DDInter1961,Zidovudine,DDInter1855,Triamcinolone,Moderate
DDInter269,Calcitriol (topical),DDInter2,Abaloparatide,Moderate
DDInter52,Alosetron,DDInter3,Abametapir (topical),Moderate
DDInter112,Aprepitant,DDInter3,Abametapir (topical),Moderate
DDInter195,Betamethasone,DDInter3,Abametapir (topical),Moderate
DDInter246,Budesonide,DDInter3,Abametapir (topical),Moderate
DDInter252,Bupropion,DDInter3,Abametapir (topical),Moderate
DDInter385,Cisapride,DDInter3,Abametapir (topical),Moderate
DDInter393,Clarithromycin,DDInter3,Abametapir (topical),Moderate
DDInter513,Dexamethasone,DDInter3,Abametapir (topical),Moderate
DDInter519,Dexlansoprazole,DDInter3,Abametapir (topical),Moderate
DDInter581,Dolasetron,DDInter3,Abametapir (topical),Moderate
DDInter601,Dronabinol,DDInter3,Abametapir (topical),Moderate
DDInter629,Eliglustat,DDInter3,Abametapir (topical),Moderate
DDInter676,Esomeprazole,DDInter3,Abametapir (topical),Moderate
DDInter831,Glyburide,DDInter3,Abametapir (topical),Moderate
DDInter840,Granisetron,DDInter3,Abametapir (topical),Moderate
DDInter885,Hydrocortisone,DDInter3,Abametapir (topical),Moderate
DDInter1022,Lansoprazole,DDInter3,Abametapir (topical),Moderate
DDInter1070,Linagliptin,DDInter3,Abametapir (topical),Moderate
DDInter1258,Naldemedine,DDInter3,Abametapir (topical),Moderate
DDInter1261,Naloxegol,DDInter3,Abametapir (topical),Moderate
DDInter1269,Nateglinide,DDInter3,Abametapir (topical),Moderate
DDInter1300,Nitisinone,DDInter3,Abametapir (topical),Moderate
DDInter1340,Omeprazole,DDInter3,Abametapir (topical),Moderate
DDInter1342,Ondansetron,DDInter3,Abametapir (topical),Moderate
DDInter1388,Pantoprazole,DDInter3,Abametapir (topical),Moderate
DDInter1472,Pioglitazone,DDInter3,Abametapir (topical),Moderate
DDInter1513,Prednisolone,DDInter3,Abametapir (topical),Moderate
DDInter1515,Prednisone,DDInter3,Abametapir (topical),Moderate
DDInter1559,Rabeprazole,DDInter3,Abametapir (topical),Moderate
DDInter1581,Repaglinide,DDInter3,Abametapir (topical),Moderate
DDInter1615,Rolapitant,DDInter3,Abametapir (topical),Moderate
DDInter1646,Saxagliptin,DDInter3,Abametapir (topical),Moderate
DDInter1665,Sibutramine,DDInter3,Abametapir (topical),Moderate
DDInter1675,Simvastatin,DDInter3,Abametapir (topical),Moderate
DDInter1811,Tinidazole,DDInter3,Abametapir (topical),Moderate
DDInter1855,Triamcinolone,DDInter3,Abametapir (topical),Moderate
DDInter1881,Troglitazone,DDInter3,Abametapir (topical),Moderate
DDInter5,Abatacept,DDInter1963,Zinc acetate,Minor
DDInter5,Abatacept,DDInter1965,Zinc gluconate,Minor
DDInter5,Abatacept,DDInter1966,Zinc sulfate,Minor
DDInter6,Abciximab,DDInter20,Acetylsalicylic acid,Moderate
DDInter6,Abciximab,DDInter518,Dexfenfluramine,Moderate
DDInter6,Abciximab,DDInter717,Fenfluramine,Moderate
DDInter6,Abciximab,DDInter1665,Sibutramine,Moderate
DDInter112,Aprepitant,DDInter7,Abemaciclib,Moderate
DDInter393,Clarithromycin,DDInter7,Abemaciclib,Major
DDInter416,Clotrimazole,DDInter7,Abemaciclib,Moderate
DDInter513,Dexamethasone,DDInter7,Abemaciclib,Moderate
DDInter1164,Metformin,DDInter7,Abemaciclib,Moderate
DDInter1201,Metreleptin,DDInter7,Abemaciclib,Moderate
DDInter1263,Naltrexone,DDInter7,Abemaciclib,Moderate
DDInter1881,Troglitazone,DDInter7,Abemaciclib,Moderate
DDInter8,Abiraterone,DDInter212,Bisacodyl,Moderate
DDInter8,Abiraterone,DDInter307,Castor oil,Moderate
DDInter385,Cisapride,DDInter8,Abiraterone,Major
DDInter393,Clarithromycin,DDInter8,Abiraterone,Moderate
DDInter518,Dexfenfluramine,DDInter8,Abiraterone,Moderate
DDInter581,Dolasetron,DDInter8,Abiraterone,Major
DDInter8,Abiraterone,DDInter629,Eliglustat,Major
DDInter8,Abiraterone,DDInter632,Eluxadoline,Moderate
DDInter712,Famotidine,DDInter8,Abiraterone,Moderate
DDInter717,Fenfluramine,DDInter8,Abiraterone,Moderate
DDInter8,Abiraterone,DDInter832,Glycerin,Moderate
DDInter840,Granisetron,DDInter8,Abiraterone,Moderate
DDInter8,Abiraterone,DDInter1016,Lactitol,Moderate
DDInter1018,Lactulose,DDInter8,Abiraterone,Moderate
DDInter1055,Levofloxacin,DDInter8,Abiraterone,Moderate
DDInter1088,Loperamide,DDInter8,Abiraterone,Major
DDInter8,Abiraterone,DDInter1115,Magnesium citrate,Moderate
DDInter8,Abiraterone,DDInter1118,Magnesium hydroxide,Moderate
DDInter1197,Metoclopramide,DDInter8,Abiraterone,Moderate
DDInter1202,Metronidazole,DDInter8,Abiraterone,Minor
DDInter8,Abiraterone,DDInter1223,Mineral oil,Moderate
DDInter8,Abiraterone,DDInter1261,Naloxegol,Minor
DDInter1263,Naltrexone,DDInter8,Abiraterone,Moderate
DDInter1300,Nitisinone,DDInter8,Abiraterone,Moderate
DDInter1342,Ondansetron,DDInter8,Abiraterone,Moderate
DDInter1382,Palonosetron,DDInter8,Abiraterone,Moderate
DDInter1389,Papaverine,DDInter8,Abiraterone,Major
DDInter1443,Phenolphthalein,DDInter8,Abiraterone,Moderate
DDInter1472,Pioglitazone,DDInter8,Abiraterone,Moderate
DDInter8,Abiraterone,DDInter1488,Polyethylene glycol (3350),Moderate
DDInter8,Abiraterone,DDInter1487,Polyethylene glycol (3350 with electrolytes),Moderate
DDInter1581,Repaglinide,DDInter8,Abiraterone,Moderate
DDInter1621,Rosiglitazone,DDInter8,Abiraterone,Moderate
DDInter225,Botulinum toxin type A,DDInter136,Atropine,Moderate
DDInter225,Botulinum toxin type A,DDInter397,Clidinium,Moderate
DDInter225,Botulinum toxin type A,DDInter543,Dicyclomine,Moderate
DDInter225,Botulinum toxin type A,DDInter834,Glycopyrronium,Moderate
DDInter225,Botulinum toxin type A,DDInter896,Hyoscyamine,Moderate
DDInter225,Botulinum toxin type A,DDInter1004,Kanamycin,Major
DDInter225,Botulinum toxin type A,DDInter1149,Mepenzolate,Moderate
DDInter225,Botulinum toxin type A,DDInter1180,Methscopolamine,Moderate
DDInter225,Botulinum toxin type A,DDInter1277,Neomycin,Major
DDInter225,Botulinum toxin type A,DDInter1489,Polymyxin B,Major
DDInter225,Botulinum toxin type A,DDInter1535,Propantheline,Moderate
DDInter225,Botulinum toxin type A,DDInter1647,Scopolamine,Moderate
DDInter225,Botulinum toxin type A,DDInter1713,Streptomycin,Major
DDInter225,Botulinum toxin type A,DDInter1886,Trospium,Moderate
DDInter112,Aprepitant,DDInter1377,Paclitaxel,Moderate
DDInter124,Ascorbic acid,DDInter1377,Paclitaxel,Minor
DDInter380,Cimetidine,DDInter1377,Paclitaxel,Moderate
DDInter393,Clarithromycin,DDInter1377,Paclitaxel,Moderate
DDInter416,Clotrimazole,DDInter1377,Paclitaxel,Moderate
DDInter1377,Paclitaxel,DDInter513,Dexamethasone,Moderate
DDInter1377,Paclitaxel,DDInter629,Eliglustat,Moderate
DDInter1055,Levofloxacin,DDInter1377,Paclitaxel,Minor
DDInter1202,Metronidazole,DDInter1377,Paclitaxel,Moderate
DDInter1209,Miconazole,DDInter1377,Paclitaxel,Moderate
DDInter1377,Paclitaxel,DDInter1615,Rolapitant,Moderate
DDInter1622,Rosuvastatin,DDInter1377,Paclitaxel,Moderate
DDInter1675,Simvastatin,DDInter1377,Paclitaxel,Moderate
DDInter1811,Tinidazole,DDInter1377,Paclitaxel,Moderate
DDInter1881,Troglitazone,DDInter1377,Paclitaxel,Moderate
DDInter195,Betamethasone,DDInter991,Isotretinoin,Moderate
DDInter991,Isotretinoin,DDInter246,Budesonide,Moderate
DDInter991,Isotretinoin,DDInter513,Dexamethasone,Moderate
DDInter598,Doxycycline,DDInter991,Isotretinoin,Major
DDInter885,Hydrocortisone,DDInter991,Isotretinoin,Moderate
DDInter991,Isotretinoin,DDInter1224,Minocycline,Major
DDInter1263,Naltrexone,DDInter991,Isotretinoin,Moderate
DDInter1300,Nitisinone,DDInter991,Isotretinoin,Moderate
DDInter1513,Prednisolone,DDInter991,Isotretinoin,Moderate
DDInter1515,Prednisone,DDInter991,Isotretinoin,Moderate
DDInter1783,Tetracycline,DDInter991,Isotretinoin,Major
DDInter1855,Triamcinolone,DDInter991,Isotretinoin,Moderate
DDInter1941,Vitamin A,DDInter991,Isotretinoin,Major
DDInter722,Fentanyl,DDInter59,Alvimopan,Major
DDInter112,Aprepitant,DDInter722,Fentanyl,Major
DDInter136,Atropine,DDInter722,Fentanyl,Moderate
DDInter722,Fentanyl,DDInter252,Bupropion,Major
DDInter380,Cimetidine,DDInter722,Fentanyl,Moderate
DDInter722,Fentanyl,DDInter393,Clarithromycin,Major
DDInter397,Clidinium,DDInter722,Fentanyl,Moderate
DDInter416,Clotrimazole,DDInter722,Fentanyl,Major
DDInter722,Fentanyl,DDInter513,Dexamethasone,Major
DDInter722,Fentanyl,DDInter518,Dexfenfluramine,Major
DDInter543,Dicyclomine,DDInter722,Fentanyl,Moderate
DDInter581,Dolasetron,DDInter722,Fentanyl,Major
DDInter601,Dronabinol,DDInter722,Fentanyl,Moderate
DDInter722,Fentanyl,DDInter632,Eluxadoline,Moderate
DDInter717,Fenfluramine,DDInter722,Fentanyl,Major
DDInter722,Fentanyl,DDInter833,Glycerol phenylbutyrate,Moderate
DDInter722,Fentanyl,DDInter834,Glycopyrronium,Moderate
DDInter722,Fentanyl,DDInter840,Granisetron,Major
DDInter896,Hyoscyamine,DDInter722,Fentanyl,Moderate
DDInter722,Fentanyl,DDInter1093,Lorcaserin,Major
DDInter1126,Mazindol,DDInter722,Fentanyl,Moderate
DDInter722,Fentanyl,DDInter1149,Mepenzolate,Moderate
DDInter722,Fentanyl,DDInter1180,Methscopolamine,Moderate
DDInter722,Fentanyl,DDInter1197,Metoclopramide,Moderate
DDInter722,Fentanyl,DDInter1201,Metreleptin,Moderate
DDInter722,Fentanyl,DDInter1209,Miconazole,Moderate
DDInter1244,Morphine,DDInter722,Fentanyl,Major
DDInter1245,Morphine (liposomal),DDInter722,Fentanyl,Major
DDInter1253,Nabilone,DDInter722,Fentanyl,Moderate
DDInter722,Fentanyl,DDInter1262,Naloxone,Moderate
DDInter1263,Naltrexone,DDInter722,Fentanyl,Major
DDInter722,Fentanyl,DDInter1342,Ondansetron,Major
DDInter722,Fentanyl,DDInter1344,Opium,Moderate
DDInter1382,Palonosetron,DDInter722,Fentanyl,Major
DDInter1447,Phentermine,DDInter722,Fentanyl,Moderate
DDInter722,Fentanyl,DDInter1487,Polyethylene glycol (3350 with electrolytes),Moderate
DDInter1535,Propantheline,DDInter722,Fentanyl,Moderate
DDInter1647,Scopolamine,DDInter722,Fentanyl,Moderate
DDInter722,Fentanyl,DDInter1665,Sibutramine,Major
DDInter1881,Troglitazone,DDInter722,Fentanyl,Moderate
DDInter1886,Trospium,DDInter722,Fentanyl,Moderate
DDInter58,Aluminum hydroxide,DDInter9,Acalabrutinib,Moderate
DDInter112,Aprepitant,DDInter9,Acalabrutinib,Major
DDInter20,Acetylsalicylic acid,DDInter9,Acalabrutinib,Major
DDInter271,Calcium carbonate,DDInter9,Acalabrutinib,Moderate
DDInter380,Cimetidine,DDInter9,Acalabrutinib,Moderate
DDInter393,Clarithromycin,DDInter9,Acalabrutinib,Major
DDInter416,Clotrimazole,DDInter9,Acalabrutinib,Moderate
DDInter513,Dexamethasone,DDInter9,Acalabrutinib,Moderate
DDInter518,Dexfenfluramine,DDInter9,Acalabrutinib,Moderate
DDInter519,Dexlansoprazole,DDInter9,Acalabrutinib,Major
DDInter676,Esomeprazole,DDInter9,Acalabrutinib,Major
DDInter712,Famotidine,DDInter9,Acalabrutinib,Moderate
DDInter717,Fenfluramine,DDInter9,Acalabrutinib,Moderate
DDInter833,Glycerol phenylbutyrate,DDInter9,Acalabrutinib,Moderate
DDInter1022,Lansoprazole,DDInter9,Acalabrutinib,Major
DDInter1112,Magaldrate,DDInter9,Acalabrutinib,Moderate
DDInter1113,Magnesium carbonate,DDInter9,Acalabrutinib,Moderate
DDInter1118,Magnesium hydroxide,DDInter9,Acalabrutinib,Moderate
DDInter1119,Magnesium oxide,DDInter9,Acalabrutinib,Moderate
DDInter1201,Metreleptin,DDInter9,Acalabrutinib,Moderate
DDInter1209,Miconazole,DDInter9,Acalabrutinib,Moderate
DDInter1309,Nizatidine,DDInter9,Acalabrutinib,Moderate
DDInter1340,Omeprazole,DDInter9,Acalabrutinib,Major
DDInter1388,Pantoprazole,DDInter9,Acalabrutinib,Major
DDInter1559,Rabeprazole,DDInter9,Acalabrutinib,Major
DDInter1568,Ranitidine,DDInter9,Acalabrutinib,Moderate
DDInter1569,Ranitidine (bismuth citrate),DDInter9,Acalabrutinib,Moderate
DDInter1665,Sibutramine,DDInter9,Acalabrutinib,Moderate
DDInter1881,Troglitazone,DDInter9,Acalabrutinib,Moderate
DDInter11,Acarbose,DDInter15,Acetazolamide,Moderate
DDInter11,Acarbose,DDInter36,Albiglutide,Minor
DDInter11,Acarbose,DDInter1632,Salbutamol,Moderate
DDInter37,Alclometasone (topical),DDInter11,Acarbose,Minor
DDInter11,Acarbose,DDInter50,Aloe Vera Leaf,Moderate
DDInter11,Acarbose,DDInter53,Alpelisib,Moderate
DDInter1076,Lipoic acid,DDInter11,Acarbose,Minor
DDInter11,Acarbose,DDInter63,Amcinonide,Minor
DDInter11,Acarbose,DDInter90,Amprenavir,Moderate
DDInter11,Acarbose,DDInter98,Anisindione,Minor
DDInter11,Acarbose,DDInter118,Aripiprazole,Moderate
DDInter11,Acarbose,DDInter125,Asenapine,Moderate
DDInter11,Acarbose,DDInter126,Asparaginase Erwinia chrysanthemi,Moderate
DDInter127,Asparaginase Escherichia coli,DDInter11,Acarbose,Moderate
DDInter11,Acarbose,DDInter129,Atazanavir,Moderate
DDInter11,Acarbose,DDInter170,Bedaquiline,Moderate
DDInter11,Acarbose,DDInter179,Bendroflumethiazide,Moderate
DDInter11,Acarbose,DDInter187,Benzphetamine,Moderate
DDInter11,Acarbose,DDInter188,Benzthiazide,Moderate
DDInter11,Acarbose,DDInter195,Betamethasone,Moderate
DDInter11,Acarbose,DDInter196,Betamethasone (topical),Minor
DDInter222,Bortezomib,DDInter11,Acarbose,Moderate
DDInter11,Acarbose,DDInter228,Brentuximab vedotin,Moderate
DDInter11,Acarbose,DDInter231,Brexpiprazole,Moderate
DDInter11,Acarbose,DDInter233,Brigatinib,Moderate
DDInter11,Acarbose,DDInter248,Bumetanide,Moderate
DDInter11,Acarbose,DDInter264,Calaspargase pegol,Moderate
DDInter11,Acarbose,DDInter284,Cannabidiol,Moderate
DDInter11,Acarbose,DDInter300,Cariprazine,Moderate
DDInter11,Acarbose,DDInter340,Ceritinib,Moderate
DDInter11,Acarbose,DDInter24,Activated charcoal,Moderate
DDInter11,Acarbose,DDInter360,Chlorothiazide,Moderate
DDInter11,Acarbose,DDInter363,Chlorpromazine,Moderate
DDInter11,Acarbose,DDInter365,Chlorthalidone,Moderate
DDInter11,Acarbose,DDInter373,Chromic chloride,Moderate
DDInter11,Acarbose,DDInter374,Chromium picolinate,Moderate
DDInter11,Acarbose,DDInter383,Cinoxacin,Moderate
DDInter11,Acarbose,DDInter384,Ciprofloxacin,Moderate
DDInter11,Acarbose,DDInter393,Clarithromycin,Moderate
DDInter11,Acarbose,DDInter403,Clobetasol (topical),Minor
DDInter11,Acarbose,DDInter404,Clocortolone (topical),Minor
DDInter11,Acarbose,DDInter405,Clofarabine,Moderate
DDInter11,Acarbose,DDInter419,Clozapine,Moderate
DDInter11,Acarbose,DDInter439,Conjugated estrogens,Moderate
DDInter11,Acarbose,DDInter440,Conjugated estrogens (topical),Moderate
DDInter11,Acarbose,DDInter441,Copanlisib,Moderate
DDInter11,Acarbose,DDInter445,Corticotropin,Moderate
DDInter11,Acarbose,DDInter1782,Tetracosactide,Moderate
DDInter11,Acarbose,DDInter462,Dabrafenib,Moderate
DDInter11,Acarbose,DDInter472,Danazol,Moderate
DDInter11,Acarbose,DDInter482,Darunavir,Moderate
DDInter11,Acarbose,DDInter492,Deflazacort,Moderate
DDInter11,Acarbose,DDInter495,Delafloxacin,Moderate
DDInter11,Acarbose,DDInter509,Desonide (topical),Minor
DDInter11,Acarbose,DDInter510,Desoximetasone (topical),Minor
DDInter11,Acarbose,DDInter513,Dexamethasone,Moderate
DDInter11,Acarbose,DDInter515,Dexamethasone (ophthalmic),Minor
DDInter11,Acarbose,DDInter516,Dexamethasone (topical),Minor
DDInter11,Acarbose,DDInter518,Dexfenfluramine,Moderate
DDInter11,Acarbose,DDInter535,Diazoxide,Moderate
DDInter11,Acarbose,DDInter540,Diclofenamide,Moderate
DDInter542,Dicoumarol,DDInter11,Acarbose,Minor
DDInter11,Acarbose,DDInter545,Dienestrol (topical),Moderate
DDInter11,Acarbose,DDInter547,Diethylpropion,Moderate
DDInter548,Diethylstilbestrol,DDInter11,Acarbose,Moderate
DDInter550,Diflorasone (topical),DDInter11,Acarbose,Minor
DDInter11,Acarbose,DDInter553,Digitoxin,Moderate
DDInter11,Acarbose,DDInter554,Digoxin,Moderate
DDInter11,Acarbose,DDInter577,Dobutamine,Moderate
DDInter11,Acarbose,DDInter584,Dopamine,Moderate
DDInter11,Acarbose,DDInter604,Drospirenone,Moderate
DDInter11,Acarbose,DDInter624,Efavirenz,Moderate
DDInter11,Acarbose,DDInter642,Enfortumab vedotin,Moderate
DDInter11,Acarbose,DDInter644,Enoxacin,Moderate
DDInter11,Acarbose,DDInter650,Ephedrine,Moderate
DDInter11,Acarbose,DDInter652,Epinephrine,Moderate
DDInter11,Acarbose,DDInter655,Epirubicin,Moderate
DDInter11,Acarbose,DDInter678,Esterified estrogens,Moderate
DDInter11,Acarbose,DDInter679,Estradiol,Moderate
DDInter11,Acarbose,DDInter680,Estradiol (topical),Moderate
DDInter11,Acarbose,DDInter681,Estramustine,Moderate
DDInter11,Acarbose,DDInter682,Estrone,Moderate
DDInter11,Acarbose,DDInter683,Estrone sulfate,Moderate
DDInter11,Acarbose,DDInter684,Estrone sulfate (topical),Moderate
DDInter11,Acarbose,DDInter686,Etacrynic acid,Moderate
DDInter11,Acarbose,DDInter690,Ethanol,Moderate
DDInter11,Acarbose,DDInter692,Ethinylestradiol,Moderate
DDInter11,Acarbose,DDInter701,Etonogestrel,Moderate
DDInter11,Acarbose,DDInter704,Everolimus,Moderate
DDInter11,Acarbose,DDInter717,Fenfluramine,Moderate
DDInter11,Acarbose,DDInter747,Fludrocortisone,Moderate
DDInter11,Acarbose,DDInter753,Fluocinonide (topical),Minor
DDInter11,Acarbose,DDInter760,Fluphenazine,Moderate
DDInter11,Acarbose,DDInter761,Flurandrenolide (topical),Minor
DDInter11,Acarbose,DDInter768,Fluticasone (topical),Minor
DDInter11,Acarbose,DDInter776,Formoterol,Moderate
DDInter11,Acarbose,DDInter777,Fosamprenavir,Moderate
DDInter11,Acarbose,DDInter783,Fosphenytoin,Moderate
DDInter11,Acarbose,DDInter790,Furosemide,Moderate
DDInter11,Acarbose,DDInter808,Garlic,Minor
DDInter11,Acarbose,DDInter809,Gatifloxacin,Major
DDInter11,Acarbose,DDInter813,Gemifloxacin,Moderate
DDInter11,Acarbose,DDInter820,Ginseng,Moderate
DDInter839,Goserelin,DDInter11,Acarbose,Moderate
DDInter11,Acarbose,DDInter842,Grepafloxacin,Moderate
DDInter11,Acarbose,DDInter851,Halcinonide (topical),Minor
DDInter11,Acarbose,DDInter1898,Ulobetasol (topical),Minor
DDInter11,Acarbose,DDInter864,Histrelin,Moderate
DDInter11,Acarbose,DDInter883,Hydrochlorothiazide,Moderate
DDInter11,Acarbose,DDInter885,Hydrocortisone,Moderate
DDInter11,Acarbose,DDInter887,Hydrocortisone (topical),Minor
DDInter11,Acarbose,DDInter889,Hydroflumethiazide,Moderate
DDInter11,Acarbose,DDInter905,Idelalisib,Moderate
DDInter11,Acarbose,DDInter907,Iloperidone,Moderate
DDInter11,Acarbose,DDInter915,Indacaterol,Moderate
DDInter11,Acarbose,DDInter916,Indapamide,Moderate
DDInter917,Indinavir,DDInter11,Acarbose,Moderate
DDInter947,Interferon beta-1a,DDInter11,Acarbose,Moderate
DDInter948,Interferon beta-1b,DDInter11,Acarbose,Moderate
DDInter11,Acarbose,DDInter986,Isoniazid,Moderate
DDInter11,Acarbose,DDInter987,Isoprenaline,Moderate
DDInter11,Acarbose,DDInter1021,Lanreotide,Moderate
DDInter11,Acarbose,DDInter1033,Leflunomide,Major
DDInter1042,Leuprolide,DDInter11,Acarbose,Moderate
DDInter11,Acarbose,DDInter1055,Levofloxacin,Moderate
DDInter11,Acarbose,DDInter1061,Levonorgestrel,Moderate
DDInter11,Acarbose,DDInter1064,Levothyroxine,Moderate
DDInter1074,Liothyronine,DDInter11,Acarbose,Moderate
DDInter11,Acarbose,DDInter1075,Liotrix,Moderate
DDInter11,Acarbose,DDInter1081,Lithium carbonate,Moderate
DDInter11,Acarbose,DDInter1084,Lomefloxacin,Moderate
DDInter11,Acarbose,DDInter1085,Lomitapide,Major
DDInter11,Acarbose,DDInter1093,Lorcaserin,Moderate
DDInter11,Acarbose,DDInter1102,Lumateperone,Moderate
DDInter11,Acarbose,DDInter1104,Lurasidone,Moderate
DDInter11,Acarbose,DDInter1126,Mazindol,Moderate
DDInter11,Acarbose,DDInter1137,Medroxyprogesterone acetate,Moderate
DDInter11,Acarbose,DDInter1141,Megestrol acetate,Moderate
DDInter11,Acarbose,DDInter1151,Mephentermine,Moderate
DDInter11,Acarbose,DDInter1159,Mesoridazine,Moderate
DDInter11,Acarbose,DDInter1346,Orciprenaline,Moderate
DDInter11,Acarbose,DDInter1162,Metaraminol,Moderate
DDInter11,Acarbose,DDInter1164,Metformin,Minor
DDInter11,Acarbose,DDInter1161,Metamfetamine,Moderate
DDInter11,Acarbose,DDInter1167,Methazolamide,Moderate
DDInter11,Acarbose,DDInter1168,Methdilazine,Moderate
DDInter11,Acarbose,DDInter1174,Methotrexate,Moderate
DDInter11,Acarbose,DDInter1175,Methotrimeprazine,Moderate
DDInter11,Acarbose,DDInter1176,Methoxamine,Moderate
DDInter11,Acarbose,DDInter1184,Methylcellulose,Minor
DDInter11,Acarbose,DDInter1191,Methylprednisolone,Moderate
DDInter11,Acarbose,DDInter1192,Methylprednisolone (topical),Minor
DDInter11,Acarbose,DDInter1199,Metolazone,Moderate
DDInter11,Acarbose,DDInter1214,Midostaurin,Moderate
DDInter11,Acarbose,DDInter1228,Mipomersen,Major
DDInter1247,Moxifloxacin,DDInter11,Acarbose,Moderate
DDInter11,Acarbose,DDInter1259,Nalidixic acid,Moderate
DDInter11,Acarbose,DDInter1263,Naltrexone,Moderate
DDInter1276,Nelfinavir,DDInter11,Acarbose,Moderate
DDInter11,Acarbose,DDInter1277,Neomycin,Moderate
DDInter11,Acarbose,DDInter1286,Niacin,Moderate
DDInter11,Acarbose,DDInter1289,Nicotinamide,Moderate
DDInter11,Acarbose,DDInter1311,Norepinephrine,Moderate
DDInter11,Acarbose,DDInter1312,Norethisterone,Moderate
DDInter11,Acarbose,DDInter1313,Norfloxacin,Moderate
DDInter11,Acarbose,DDInter1315,Norgestrel,Moderate
DDInter1323,Octreotide,DDInter11,Acarbose,Moderate
DDInter11,Acarbose,DDInter1325,Ofloxacin,Moderate
DDInter11,Acarbose,DDInter1326,Olanzapine,Moderate
DDInter11,Acarbose,DDInter1335,Omacetaxine mepesuccinate,Moderate
DDInter11,Acarbose,DDInter1348,Orlistat,Moderate
DDInter11,Acarbose,DDInter1381,Paliperidone,Moderate
DDInter1384,Pancrelipase,DDInter11,Acarbose,Moderate
DDInter11,Acarbose,DDInter1398,Pasireotide,Moderate
DDInter1404,Pegaspargase,DDInter11,Acarbose,Moderate
DDInter11,Acarbose,DDInter1409,Peginterferon beta-1a,Moderate
DDInter1412,Pegvisomant,DDInter11,Acarbose,Moderate
DDInter11,Acarbose,DDInter1420,Pentamidine,Moderate
DDInter11,Acarbose,DDInter1432,Perphenazine,Moderate
DDInter11,Acarbose,DDInter1435,Pexidartinib,Major
DDInter11,Acarbose,DDInter1439,Phendimetrazine,Moderate
DDInter1447,Phentermine,DDInter11,Acarbose,Moderate
DDInter11,Acarbose,DDInter1453,Phenylephrine,Moderate
DDInter11,Acarbose,DDInter1458,Phenylpropanolamine,Moderate
DDInter1460,Phenytoin,DDInter11,Acarbose,Moderate
DDInter11,Acarbose,DDInter1490,Polythiazide,Moderate
DDInter11,Acarbose,DDInter1506,Pramlintide,Moderate
DDInter11,Acarbose,DDInter1512,Prednicarbate (topical),Minor
DDInter11,Acarbose,DDInter1513,Prednisolone,Moderate
DDInter11,Acarbose,DDInter1515,Prednisone,Moderate
DDInter11,Acarbose,DDInter1527,Prochlorperazine,Moderate
DDInter11,Acarbose,DDInter1529,Progesterone,Moderate
DDInter11,Acarbose,DDInter1530,Progesterone (topical),Moderate
DDInter11,Acarbose,DDInter1532,Promazine,Moderate
DDInter11,Acarbose,DDInter1533,Promethazine,Moderate
DDInter11,Acarbose,DDInter1537,Propiomazine,Moderate
DDInter11,Acarbose,DDInter1545,Pseudoephedrine,Moderate
DDInter11,Acarbose,DDInter1481,Plantago seed,Minor
DDInter11,Acarbose,DDInter1553,Quetiapine,Moderate
DDInter11,Acarbose,DDInter1555,Quinestrol,Moderate
DDInter11,Acarbose,DDInter1578,Remdesivir,Moderate
DDInter11,Acarbose,DDInter1605,Risperidone,Moderate
DDInter11,Acarbose,DDInter1606,Ritodrine,Moderate
DDInter11,Acarbose,DDInter1607,Ritonavir,Moderate
DDInter11,Acarbose,DDInter1635,Salmeterol,Moderate
DDInter11,Acarbose,DDInter1640,Saquinavir,Moderate
DDInter1661,Sermorelin,DDInter11,Acarbose,Moderate
DDInter11,Acarbose,DDInter1665,Sibutramine,Moderate
DDInter11,Acarbose,DDInter1678,Sirolimus,Moderate
DDInter11,Acarbose,DDInter1698,Somapacitan,Moderate
DDInter11,Acarbose,DDInter1700,Somatrem,Moderate
DDInter1699,Somatotropin,DDInter11,Acarbose,Moderate
DDInter11,Acarbose,DDInter1705,Sparfloxacin,Moderate
DDInter11,Acarbose,DDInter1717,Sucralfate,Moderate
DDInter11,Acarbose,DDInter1735,Tacrolimus,Moderate
DDInter11,Acarbose,DDInter1741,Tagraxofusp,Moderate
DDInter11,Acarbose,DDInter1763,Temsirolimus,Moderate
DDInter11,Acarbose,DDInter1766,Teprotumumab,Moderate
DDInter11,Acarbose,DDInter1769,Terbutaline,Moderate
DDInter11,Acarbose,DDInter1771,Teriflunomide,Major
DDInter11,Acarbose,DDInter1773,Tesamorelin,Moderate
DDInter11,Acarbose,DDInter1793,Thiethylperazine,Moderate
DDInter11,Acarbose,DDInter1814,Tioguanine,Moderate
DDInter11,Acarbose,DDInter1796,Thioridazine,Moderate
DDInter11,Acarbose,DDInter1799,"Thyroid, porcine",Moderate
DDInter1800,Thyrotropin alfa,DDInter11,Acarbose,Moderate
DDInter11,Acarbose,DDInter1817,Tipranavir,Moderate
DDInter1836,Torasemide,DDInter11,Acarbose,Moderate
DDInter11,Acarbose,DDInter1840,Trabectedin,Moderate
DDInter11,Acarbose,DDInter1855,Triamcinolone,Moderate
DDInter11,Acarbose,DDInter1857,Triamcinolone (ophthalmic),Moderate
DDInter11,Acarbose,DDInter1858,Triamcinolone (topical),Minor
DDInter11,Acarbose,DDInter1861,Trichlormethiazide,Moderate
DDInter11,Acarbose,DDInter1866,Trifluoperazine,Moderate
DDInter11,Acarbose,DDInter1867,Triflupromazine,Moderate
DDInter11,Acarbose,DDInter45,Alimemazine,Moderate
DDInter11,Acarbose,DDInter1880,Triptorelin,Moderate
DDInter11,Acarbose,DDInter1887,Trovafloxacin,Moderate
DDInter11,Acarbose,DDInter1892,Turmeric,Moderate
DDInter11,Acarbose,DDInter1947,Vorinostat,Moderate
DDInter11,Acarbose,DDInter1951,Warfarin,Minor
DDInter1967,Ziprasidone,DDInter11,Acarbose,Moderate
DDInter1066,Lidocaine,DDInter112,Aprepitant,Moderate
DDInter1066,Lidocaine,DDInter252,Bupropion,Major
DDInter1066,Lidocaine,DDInter380,Cimetidine,Moderate
DDInter1066,Lidocaine,DDInter513,Dexamethasone,Minor
DDInter1066,Lidocaine,DDInter1004,Kanamycin,Minor
DDInter1066,Lidocaine,DDInter1245,Morphine (liposomal),Moderate
DDInter1066,Lidocaine,DDInter1277,Neomycin,Minor
DDInter1066,Lidocaine,DDInter1319,Obeticholic acid,Moderate
DDInter1066,Lidocaine,DDInter1340,Omeprazole,Minor
DDInter1066,Lidocaine,DDInter1487,Polyethylene glycol (3350 with electrolytes),Moderate
DDInter1066,Lidocaine,DDInter1713,Streptomycin,Minor
DDInter1881,Troglitazone,DDInter1066,Lidocaine,Minor
DDInter1453,Phenylephrine,DDInter16,Acetohexamide,Moderate
DDInter1453,Phenylephrine,DDInter36,Albiglutide,Moderate
DDInter1453,Phenylephrine,DDInter51,Alogliptin,Moderate
DDInter136,Atropine,DDInter362,Chlorpheniramine,Moderate
DDInter1453,Phenylephrine,DDInter137,Atropine (ophthalmic),Moderate
DDInter362,Chlorpheniramine,DDInter252,Bupropion,Moderate
DDInter1453,Phenylephrine,DDInter280,Canagliflozin,Moderate
DDInter1453,Phenylephrine,DDInter364,Chlorpropamide,Moderate
DDInter1453,Phenylephrine,DDInter397,Clidinium,Moderate
DDInter1453,Phenylephrine,DDInter474,Dapagliflozin,Moderate
DDInter543,Dicyclomine,DDInter362,Chlorpheniramine,Moderate
DDInter1453,Phenylephrine,DDInter547,Diethylpropion,Moderate
DDInter601,Dronabinol,DDInter362,Chlorpheniramine,Moderate
DDInter1453,Phenylephrine,DDInter607,Dulaglutide,Moderate
DDInter362,Chlorpheniramine,DDInter629,Eliglustat,Moderate
DDInter362,Chlorpheniramine,DDInter632,Eluxadoline,Moderate
DDInter1453,Phenylephrine,DDInter636,Empagliflozin,Moderate
DDInter1453,Phenylephrine,DDInter669,Ertugliflozin,Moderate
DDInter1453,Phenylephrine,DDInter706,Exenatide,Moderate
DDInter825,Glimepiride,DDInter1453,Phenylephrine,Moderate
DDInter1453,Phenylephrine,DDInter826,Glipizide,Moderate
DDInter1453,Phenylephrine,DDInter831,Glyburide,Moderate
DDInter362,Chlorpheniramine,DDInter833,Glycerol phenylbutyrate,Moderate
DDInter834,Glycopyrronium,DDInter362,Chlorpheniramine,Moderate
DDInter835,Glycopyrronium (topical),DDInter362,Chlorpheniramine,Moderate
DDInter1453,Phenylephrine,DDInter896,Hyoscyamine,Moderate
DDInter934,Insulin human,DDInter1453,Phenylephrine,Moderate
DDInter1453,Phenylephrine,DDInter929,Insulin aspart (aspart),Moderate
DDInter1453,Phenylephrine,DDInter928,Insulin aspart (aspart protamine),Moderate
DDInter1453,Phenylephrine,DDInter930,Insulin degludec,Moderate
DDInter1453,Phenylephrine,DDInter931,Insulin detemir,Moderate
DDInter932,Insulin glargine,DDInter1453,Phenylephrine,Moderate
DDInter1453,Phenylephrine,DDInter933,Insulin glulisine,Moderate
DDInter935,"Insulin human (inhalation, rapid acting)",DDInter1453,Phenylephrine,Moderate
DDInter936,Insulin human (isophane),DDInter1453,Phenylephrine,Moderate
DDInter940,Insulin lispro,DDInter1453,Phenylephrine,Moderate
DDInter941,Insulin lispro (protamine),DDInter1453,Phenylephrine,Moderate
DDInter937,Insulin human (regular),DDInter1453,Phenylephrine,Moderate
DDInter939,Insulin human (zinc),DDInter1453,Phenylephrine,Moderate
DDInter938,Insulin human (zinc extended),DDInter1453,Phenylephrine,Moderate
DDInter1453,Phenylephrine,DDInter1070,Linagliptin,Moderate
DDInter1453,Phenylephrine,DDInter1077,Liraglutide,Moderate
DDInter1453,Phenylephrine,DDInter1082,Lixisenatide,Moderate
DDInter1088,Loperamide,DDInter362,Chlorpheniramine,Moderate
DDInter362,Chlorpheniramine,DDInter1093,Lorcaserin,Moderate
DDInter1453,Phenylephrine,DDInter1126,Mazindol,Moderate
DDInter362,Chlorpheniramine,DDInter1149,Mepenzolate,Moderate
DDInter1164,Metformin,DDInter1453,Phenylephrine,Moderate
DDInter362,Chlorpheniramine,DDInter1180,Methscopolamine,Moderate
DDInter362,Chlorpheniramine,DDInter1197,Metoclopramide,Moderate
DDInter1453,Phenylephrine,DDInter1217,Miglitol,Moderate
DDInter1244,Morphine,DDInter362,Chlorpheniramine,Moderate
DDInter1245,Morphine (liposomal),DDInter362,Chlorpheniramine,Moderate
DDInter1253,Nabilone,DDInter362,Chlorpheniramine,Moderate
DDInter1453,Phenylephrine,DDInter1269,Nateglinide,Moderate
DDInter362,Chlorpheniramine,DDInter1344,Opium,Moderate
DDInter1447,Phentermine,DDInter1453,Phenylephrine,Moderate
DDInter1453,Phenylephrine,DDInter1472,Pioglitazone,Moderate
DDInter1497,Potassium chloride,DDInter362,Chlorpheniramine,Major
DDInter362,Chlorpheniramine,DDInter1498,Potassium citrate,Major
DDInter1453,Phenylephrine,DDInter1506,Pramlintide,Moderate
DDInter1535,Propantheline,DDInter362,Chlorpheniramine,Moderate
DDInter1453,Phenylephrine,DDInter1581,Repaglinide,Moderate
DDInter362,Chlorpheniramine,DDInter1615,Rolapitant,Moderate
DDInter1453,Phenylephrine,DDInter1621,Rosiglitazone,Moderate
DDInter1453,Phenylephrine,DDInter1646,Saxagliptin,Moderate
DDInter1453,Phenylephrine,DDInter1647,Scopolamine,Moderate
DDInter1453,Phenylephrine,DDInter1648,Scopolamine (ophthalmic),Moderate
DDInter1453,Phenylephrine,DDInter1660,Semaglutide,Moderate
DDInter1453,Phenylephrine,DDInter1665,Sibutramine,Moderate
DDInter1453,Phenylephrine,DDInter1679,Sitagliptin,Moderate
DDInter1453,Phenylephrine,DDInter1826,Tolazamide,Moderate
DDInter1453,Phenylephrine,DDInter1828,Tolbutamide,Moderate
DDInter1881,Troglitazone,DDInter1453,Phenylephrine,Moderate
DDInter1886,Trospium,DDInter362,Chlorpheniramine,Moderate
DDInter527,Dextromethorphan,DDInter518,Dexfenfluramine,Major
DDInter527,Dextromethorphan,DDInter581,Dolasetron,Major
DDInter527,Dextromethorphan,DDInter717,Fenfluramine,Major
DDInter527,Dextromethorphan,DDInter840,Granisetron,Major
DDInter527,Dextromethorphan,DDInter1093,Lorcaserin,Major
DDInter527,Dextromethorphan,DDInter1342,Ondansetron,Major
DDInter1382,Palonosetron,DDInter527,Dextromethorphan,Major
DDInter527,Dextromethorphan,DDInter1665,Sibutramine,Major
DDInter16,Acetohexamide,DDInter12,Acebutolol,Moderate
DDInter12,Acebutolol,DDInter58,Aluminum hydroxide,Minor
DDInter20,Acetylsalicylic acid,DDInter12,Acebutolol,Minor
DDInter136,Atropine,DDInter12,Acebutolol,Moderate
DDInter12,Acebutolol,DDInter138,Attapulgite,Minor
DDInter195,Betamethasone,DDInter12,Acebutolol,Moderate
DDInter12,Acebutolol,DDInter246,Budesonide,Moderate
DDInter252,Bupropion,DDInter12,Acebutolol,Moderate
DDInter270,Calcium acetate,DDInter12,Acebutolol,Moderate
DDInter12,Acebutolol,DDInter271,Calcium carbonate,Moderate
DDInter12,Acebutolol,DDInter273,Calcium citrate,Moderate
DDInter12,Acebutolol,DDInter274,Calcium glubionate anhydrous,Moderate
DDInter12,Acebutolol,DDInter276,Calcium gluconate,Moderate
DDInter12,Acebutolol,DDInter278,Calcium lactate,Moderate
DDInter12,Acebutolol,DDInter279,Calcium Phosphate,Moderate
DDInter12,Acebutolol,DDInter280,Canagliflozin,Moderate
DDInter364,Chlorpropamide,DDInter12,Acebutolol,Moderate
DDInter380,Cimetidine,DDInter12,Acebutolol,Moderate
DDInter397,Clidinium,DDInter12,Acebutolol,Moderate
DDInter12,Acebutolol,DDInter474,Dapagliflozin,Moderate
DDInter12,Acebutolol,DDInter513,Dexamethasone,Moderate
DDInter543,Dicyclomine,DDInter12,Acebutolol,Moderate
DDInter581,Dolasetron,DDInter12,Acebutolol,Major
DDInter601,Dronabinol,DDInter12,Acebutolol,Moderate
DDInter12,Acebutolol,DDInter636,Empagliflozin,Moderate
DDInter12,Acebutolol,DDInter650,Ephedrine,Moderate
DDInter652,Epinephrine,DDInter12,Acebutolol,Moderate
DDInter12,Acebutolol,DDInter669,Ertugliflozin,Moderate
DDInter825,Glimepiride,DDInter12,Acebutolol,Moderate
DDInter826,Glipizide,DDInter12,Acebutolol,Moderate
DDInter831,Glyburide,DDInter12,Acebutolol,Moderate
DDInter12,Acebutolol,DDInter833,Glycerol phenylbutyrate,Moderate
DDInter834,Glycopyrronium,DDInter12,Acebutolol,Moderate
DDInter885,Hydrocortisone,DDInter12,Acebutolol,Moderate
DDInter896,Hyoscyamine,DDInter12,Acebutolol,Moderate
DDInter934,Insulin human,DDInter12,Acebutolol,Moderate
DDInter12,Acebutolol,DDInter929,Insulin aspart (aspart),Moderate
DDInter12,Acebutolol,DDInter928,Insulin aspart (aspart protamine),Moderate
DDInter12,Acebutolol,DDInter930,Insulin degludec,Moderate
DDInter12,Acebutolol,DDInter931,Insulin detemir,Moderate
DDInter932,Insulin glargine,DDInter12,Acebutolol,Moderate
DDInter12,Acebutolol,DDInter933,Insulin glulisine,Moderate
DDInter935,"Insulin human (inhalation, rapid acting)",DDInter12,Acebutolol,Moderate
DDInter936,Insulin human (isophane),DDInter12,Acebutolol,Moderate
DDInter940,Insulin lispro,DDInter12,Acebutolol,Moderate
DDInter941,Insulin lispro (protamine),DDInter12,Acebutolol,Moderate
DDInter937,Insulin human (regular),DDInter12,Acebutolol,Moderate
DDInter939,Insulin human (zinc),DDInter12,Acebutolol,Moderate
DDInter938,Insulin human (zinc extended),DDInter12,Acebutolol,Moderate
DDInter12,Acebutolol,DDInter1005,Kaolin,Minor
DDInter12,Acebutolol,DDInter1112,Magaldrate,Minor
DDInter12,Acebutolol,DDInter1113,Magnesium carbonate,Minor
DDInter12,Acebutolol,DDInter1118,Magnesium hydroxide,Minor
DDInter12,Acebutolol,DDInter1119,Magnesium oxide,Minor
DDInter12,Acebutolol,DDInter1149,Mepenzolate,Moderate
DDInter12,Acebutolol,DDInter1180,Methscopolamine,Moderate
DDInter1244,Morphine,DDInter12,Acebutolol,Moderate
DDInter1245,Morphine (liposomal),DDInter12,Acebutolol,Moderate
DDInter1253,Nabilone,DDInter12,Acebutolol,Moderate
DDInter1269,Nateglinide,DDInter12,Acebutolol,Moderate
DDInter12,Acebutolol,DDInter1344,Opium,Moderate
DDInter1513,Prednisolone,DDInter12,Acebutolol,Moderate
DDInter1515,Prednisone,DDInter12,Acebutolol,Moderate
DDInter1535,Propantheline,DDInter12,Acebutolol,Moderate
DDInter1581,Repaglinide,DDInter12,Acebutolol,Moderate
DDInter1647,Scopolamine,DDInter12,Acebutolol,Moderate
DDInter1717,Sucralfate,DDInter12,Acebutolol,Minor
DDInter1826,Tolazamide,DDInter12,Acebutolol,Moderate
DDInter1828,Tolbutamide,DDInter12,Acebutolol,Moderate
DDInter1855,Triamcinolone,DDInter12,Acebutolol,Moderate
DDInter1886,Trospium,DDInter12,Acebutolol,Moderate
DDInter16,Acetohexamide,DDInter887,Hydrocortisone (topical),Minor
DDInter887,Hydrocortisone (topical),DDInter36,Albiglutide,Minor
DDInter887,Hydrocortisone (topical),DDInter51,Alogliptin,Minor
DDInter887,Hydrocortisone (topical),DDInter280,Canagliflozin,Minor
DDInter364,Chlorpropamide,DDInter887,Hydrocortisone (topical),Minor
DDInter887,Hydrocortisone (topical),DDInter474,Dapagliflozin,Minor
DDInter887,Hydrocortisone (topical),DDInter607,Dulaglutide,Minor
DDInter887,Hydrocortisone (topical),DDInter636,Empagliflozin,Minor
DDInter887,Hydrocortisone (topical),DDInter669,Ertugliflozin,Minor
DDInter887,Hydrocortisone (topical),DDInter706,Exenatide,Minor
DDInter825,Glimepiride,DDInter887,Hydrocortisone (topical),Minor
DDInter887,Hydrocortisone (topical),DDInter826,Glipizide,Minor
DDInter887,Hydrocortisone (topical),DDInter831,Glyburide,Minor
DDInter934,Insulin human,DDInter887,Hydrocortisone (topical),Minor
DDInter887,Hydrocortisone (topical),DDInter929,Insulin aspart (aspart),Minor
DDInter887,Hydrocortisone (topical),DDInter928,Insulin aspart (aspart protamine),Minor
DDInter887,Hydrocortisone (topical),DDInter930,Insulin degludec,Minor
DDInter887,Hydrocortisone (topical),DDInter931,Insulin detemir,Minor
DDInter932,Insulin glargine,DDInter887,Hydrocortisone (topical),Minor
DDInter887,Hydrocortisone (topical),DDInter933,Insulin glulisine,Minor
DDInter935,"Insulin human (inhalation, rapid acting)",DDInter887,Hydrocortisone (topical),Minor
DDInter936,Insulin human (isophane),DDInter887,Hydrocortisone (topical),Minor
DDInter940,Insulin lispro,DDInter887,Hydrocortisone (topical),Minor
DDInter941,Insulin lispro (protamine),DDInter887,Hydrocortisone (topical),Minor
DDInter937,Insulin human (regular),DDInter887,Hydrocortisone (topical),Minor
DDInter939,Insulin human (zinc),DDInter887,Hydrocortisone (topical),Minor
DDInter938,Insulin human (zinc extended),DDInter887,Hydrocortisone (topical),Minor
DDInter887,Hydrocortisone (topical),DDInter1070,Linagliptin,Minor
DDInter887,Hydrocortisone (topical),DDInter1077,Liraglutide,Minor
DDInter887,Hydrocortisone (topical),DDInter1082,Lixisenatide,Minor
DDInter1164,Metformin,DDInter887,Hydrocortisone (topical),Minor
DDInter1217,Miglitol,DDInter887,Hydrocortisone (topical),Minor
DDInter1269,Nateglinide,DDInter887,Hydrocortisone (topical),Minor
DDInter887,Hydrocortisone (topical),DDInter1472,Pioglitazone,Minor
DDInter887,Hydrocortisone (topical),DDInter1506,Pramlintide,Minor
DDInter887,Hydrocortisone (topical),DDInter1581,Repaglinide,Minor
DDInter1621,Rosiglitazone,DDInter887,Hydrocortisone (topical),Minor
DDInter887,Hydrocortisone (topical),DDInter1646,Saxagliptin,Minor
DDInter887,Hydrocortisone (topical),DDInter1660,Semaglutide,Minor
DDInter887,Hydrocortisone (topical),DDInter1679,Sitagliptin,Minor
DDInter887,Hydrocortisone (topical),DDInter1826,Tolazamide,Minor
DDInter887,Hydrocortisone (topical),DDInter1828,Tolbutamide,Minor
DDInter1881,Troglitazone,DDInter887,Hydrocortisone (topical),Minor
DDInter14,Acetaminophen,DDInter136,Atropine,Minor
DDInter14,Acetaminophen,DDInter24,Activated charcoal,Moderate
DDInter14,Acetaminophen,DDInter380,Cimetidine,Minor
DDInter14,Acetaminophen,DDInter397,Clidinium,Minor
DDInter14,Acetaminophen,DDInter543,Dicyclomine,Minor
DDInter14,Acetaminophen,DDInter833,Glycerol phenylbutyrate,Moderate
DDInter14,Acetaminophen,DDInter834,Glycopyrronium,Minor
DDInter14,Acetaminophen,DDInter896,Hyoscyamine,Minor
DDInter14,Acetaminophen,DDInter1077,Liraglutide,Minor
DDInter14,Acetaminophen,DDInter1149,Mepenzolate,Minor
DDInter14,Acetaminophen,DDInter1180,Methscopolamine,Minor
DDInter14,Acetaminophen,DDInter1197,Metoclopramide,Minor
DDInter14,Acetaminophen,DDInter1263,Naltrexone,Moderate
DDInter14,Acetaminophen,DDInter1535,Propantheline,Minor
DDInter14,Acetaminophen,DDInter1568,Ranitidine,Minor
DDInter14,Acetaminophen,DDInter1569,Ranitidine (bismuth citrate),Minor
DDInter14,Acetaminophen,DDInter1647,Scopolamine,Minor
DDInter1886,Trospium,DDInter14,Acetaminophen,Minor
DDInter263,Caffeine,DDInter52,Alosetron,Moderate
DDInter556,Dihydrocodeine,DDInter59,Alvimopan,Major
DDInter112,Aprepitant,DDInter556,Dihydrocodeine,Moderate
DDInter263,Caffeine,DDInter20,Acetylsalicylic acid,Minor
DDInter136,Atropine,DDInter556,Dihydrocodeine,Moderate
DDInter556,Dihydrocodeine,DDInter138,Attapulgite,Moderate
DDInter252,Bupropion,DDInter556,Dihydrocodeine,Major
DDInter380,Cimetidine,DDInter556,Dihydrocodeine,Moderate
DDInter397,Clidinium,DDInter556,Dihydrocodeine,Moderate
DDInter513,Dexamethasone,DDInter556,Dihydrocodeine,Moderate
DDInter518,Dexfenfluramine,DDInter556,Dihydrocodeine,Moderate
DDInter543,Dicyclomine,DDInter556,Dihydrocodeine,Moderate
DDInter581,Dolasetron,DDInter556,Dihydrocodeine,Moderate
DDInter601,Dronabinol,DDInter556,Dihydrocodeine,Moderate
DDInter556,Dihydrocodeine,DDInter632,Eluxadoline,Moderate
DDInter717,Fenfluramine,DDInter556,Dihydrocodeine,Moderate
DDInter834,Glycopyrronium,DDInter556,Dihydrocodeine,Moderate
DDInter840,Granisetron,DDInter556,Dihydrocodeine,Moderate
DDInter896,Hyoscyamine,DDInter556,Dihydrocodeine,Moderate
DDInter556,Dihydrocodeine,DDInter1005,Kaolin,Moderate
DDInter1088,Loperamide,DDInter556,Dihydrocodeine,Moderate
DDInter556,Dihydrocodeine,DDInter1149,Mepenzolate,Moderate
DDInter556,Dihydrocodeine,DDInter1180,Methscopolamine,Moderate
DDInter1197,Metoclopramide,DDInter556,Dihydrocodeine,Moderate
DDInter1244,Morphine,DDInter556,Dihydrocodeine,Major
DDInter1245,Morphine (liposomal),DDInter556,Dihydrocodeine,Major
DDInter1253,Nabilone,DDInter556,Dihydrocodeine,Moderate
DDInter1262,Naloxone,DDInter556,Dihydrocodeine,Moderate
DDInter1263,Naltrexone,DDInter556,Dihydrocodeine,Major
DDInter263,Caffeine,DDInter1319,Obeticholic acid,Moderate
DDInter1342,Ondansetron,DDInter556,Dihydrocodeine,Moderate
DDInter556,Dihydrocodeine,DDInter1344,Opium,Moderate
DDInter1382,Palonosetron,DDInter556,Dihydrocodeine,Moderate
DDInter556,Dihydrocodeine,DDInter1487,Polyethylene glycol (3350 with electrolytes),Moderate
DDInter1535,Propantheline,DDInter556,Dihydrocodeine,Moderate
DDInter1647,Scopolamine,DDInter556,Dihydrocodeine,Moderate
DDInter1665,Sibutramine,DDInter556,Dihydrocodeine,Moderate
DDInter1886,Trospium,DDInter556,Dihydrocodeine,Moderate
DDInter429,Codeine,DDInter59,Alvimopan,Major
DDInter429,Codeine,DDInter136,Atropine,Moderate
DDInter429,Codeine,DDInter138,Attapulgite,Moderate
DDInter429,Codeine,DDInter252,Bupropion,Major
DDInter429,Codeine,DDInter380,Cimetidine,Moderate
DDInter429,Codeine,DDInter397,Clidinium,Moderate
DDInter429,Codeine,DDInter513,Dexamethasone,Moderate
DDInter429,Codeine,DDInter518,Dexfenfluramine,Moderate
DDInter429,Codeine,DDInter543,Dicyclomine,Moderate
DDInter429,Codeine,DDInter581,Dolasetron,Moderate
DDInter429,Codeine,DDInter601,Dronabinol,Moderate
DDInter429,Codeine,DDInter629,Eliglustat,Moderate
DDInter429,Codeine,DDInter632,Eluxadoline,Moderate
DDInter429,Codeine,DDInter717,Fenfluramine,Moderate
DDInter429,Codeine,DDInter833,Glycerol phenylbutyrate,Moderate
DDInter429,Codeine,DDInter834,Glycopyrronium,Moderate
DDInter429,Codeine,DDInter840,Granisetron,Moderate
DDInter429,Codeine,DDInter896,Hyoscyamine,Moderate
DDInter429,Codeine,DDInter1005,Kaolin,Moderate
DDInter429,Codeine,DDInter1088,Loperamide,Moderate
DDInter429,Codeine,DDInter1093,Lorcaserin,Moderate
DDInter429,Codeine,DDInter1149,Mepenzolate,Moderate
DDInter429,Codeine,DDInter1180,Methscopolamine,Moderate
DDInter429,Codeine,DDInter1197,Metoclopramide,Moderate
DDInter1244,Morphine,DDInter429,Codeine,Major
DDInter1245,Morphine (liposomal),DDInter429,Codeine,Major
DDInter429,Codeine,DDInter1253,Nabilone,Moderate
DDInter429,Codeine,DDInter1262,Naloxone,Moderate
DDInter429,Codeine,DDInter1263,Naltrexone,Major
DDInter429,Codeine,DDInter1342,Ondansetron,Moderate
DDInter429,Codeine,DDInter1344,Opium,Moderate
DDInter429,Codeine,DDInter1382,Palonosetron,Moderate
DDInter429,Codeine,DDInter1487,Polyethylene glycol (3350 with electrolytes),Moderate
DDInter429,Codeine,DDInter1535,Propantheline,Moderate
DDInter429,Codeine,DDInter1615,Rolapitant,Moderate
DDInter429,Codeine,DDInter1647,Scopolamine,Moderate
DDInter429,Codeine,DDInter1665,Sibutramine,Moderate
DDInter1881,Troglitazone,DDInter429,Codeine,Moderate
DDInter1886,Trospium,DDInter429,Codeine,Moderate
DDInter1632,Salbutamol,DDInter985,Isometheptene,Moderate
DDInter84,Amphetamine,DDInter985,Isometheptene,Moderate
DDInter116,Arformoterol,DDInter985,Isometheptene,Moderate
DDInter132,Atomoxetine,DDInter985,Isometheptene,Moderate
DDInter187,Benzphetamine,DDInter985,Isometheptene,Moderate
DDInter243,Bromocriptine,DDInter985,Isometheptene,Major
DDInter521,Dexmethylphenidate,DDInter985,Isometheptene,Moderate
DDInter526,Dextroamphetamine,DDInter985,Isometheptene,Moderate
DDInter547,Diethylpropion,DDInter985,Isometheptene,Moderate
DDInter557,Dihydroergotamine,DDInter985,Isometheptene,Major
DDInter591,Doxapram,DDInter985,Isometheptene,Moderate
DDInter601,Dronabinol,DDInter536,Dichloralphenazone,Moderate
DDInter606,Droxidopa,DDInter985,Isometheptene,Moderate
DDInter664,Ergometrine,DDInter985,Isometheptene,Major
DDInter665,Ergotamine,DDInter985,Isometheptene,Major
DDInter776,Formoterol,DDInter985,Isometheptene,Moderate
DDInter846,Guanethidine,DDInter985,Isometheptene,Moderate
DDInter915,Indacaterol,DDInter985,Isometheptene,Moderate
DDInter951,Iobenguane (I-123),DDInter985,Isometheptene,Moderate
DDInter981,Isocarboxazid,DDInter985,Isometheptene,Major
DDInter982,Isoetharine,DDInter985,Isometheptene,Moderate
DDInter987,Isoprenaline,DDInter985,Isometheptene,Moderate
DDInter985,Isometheptene,DDInter1063,Levosalbutamol,Moderate
DDInter985,Isometheptene,DDInter1059,Levomilnacipran,Moderate
DDInter1064,Levothyroxine,DDInter985,Isometheptene,Moderate
DDInter1073,Linezolid,DDInter985,Isometheptene,Major
DDInter1074,Liothyronine,DDInter985,Isometheptene,Moderate
DDInter1078,Lisdexamfetamine,DDInter985,Isometheptene,Moderate
DDInter1126,Mazindol,DDInter985,Isometheptene,Moderate
DDInter1346,Orciprenaline,DDInter985,Isometheptene,Moderate
DDInter1161,Metamfetamine,DDInter985,Isometheptene,Moderate
DDInter985,Isometheptene,DDInter1186,Methylene blue,Major
DDInter1187,Methylergometrine,DDInter985,Isometheptene,Major
DDInter1189,Methylphenidate,DDInter985,Isometheptene,Moderate
DDInter1194,Methysergide,DDInter985,Isometheptene,Major
DDInter1197,Metoclopramide,DDInter536,Dichloralphenazone,Moderate
DDInter1213,Midodrine,DDInter985,Isometheptene,Moderate
DDInter1220,Milnacipran,DDInter985,Isometheptene,Moderate
DDInter1244,Morphine,DDInter536,Dichloralphenazone,Major
DDInter1245,Morphine (liposomal),DDInter536,Dichloralphenazone,Major
DDInter1253,Nabilone,DDInter536,Dichloralphenazone,Moderate
DDInter985,Isometheptene,DDInter1331,Olodaterol,Moderate
DDInter536,Dichloralphenazone,DDInter1344,Opium,Moderate
DDInter1375,Oxytocin,DDInter985,Isometheptene,Moderate
DDInter985,Isometheptene,DDInter1376,Ozanimod,Major
DDInter1439,Phendimetrazine,DDInter985,Isometheptene,Moderate
DDInter1440,Phenelzine,DDInter985,Isometheptene,Major
DDInter1447,Phentermine,DDInter985,Isometheptene,Moderate
DDInter1458,Phenylpropanolamine,DDInter985,Isometheptene,Moderate
DDInter1476,Pirbuterol,DDInter985,Isometheptene,Moderate
DDInter1526,Procarbazine,DDInter985,Isometheptene,Major
DDInter985,Isometheptene,DDInter1560,Racepinephrine,Moderate
DDInter1606,Ritodrine,DDInter985,Isometheptene,Moderate
DDInter1631,Safinamide,DDInter985,Isometheptene,Moderate
DDInter1635,Salmeterol,DDInter985,Isometheptene,Moderate
DDInter1653,Selegiline,DDInter985,Isometheptene,Major
DDInter1665,Sibutramine,DDInter985,Isometheptene,Moderate
DDInter985,Isometheptene,DDInter1697,Solriamfetol,Moderate
DDInter1769,Terbutaline,DDInter985,Isometheptene,Moderate
DDInter985,Isometheptene,DDInter1799,"Thyroid, porcine",Moderate
DDInter1845,Tranylcypromine,DDInter985,Isometheptene,Major
DDInter1927,Venlafaxine,DDInter985,Isometheptene,Moderate
DDInter1841,Tramadol,DDInter59,Alvimopan,Major
DDInter1841,Tramadol,DDInter136,Atropine,Moderate
DDInter1841,Tramadol,DDInter212,Bisacodyl,Moderate
DDInter1841,Tramadol,DDInter252,Bupropion,Major
DDInter1841,Tramadol,DDInter307,Castor oil,Moderate
DDInter1841,Tramadol,DDInter380,Cimetidine,Moderate
DDInter1841,Tramadol,DDInter385,Cisapride,Major
DDInter1841,Tramadol,DDInter393,Clarithromycin,Moderate
DDInter1841,Tramadol,DDInter397,Clidinium,Moderate
DDInter1841,Tramadol,DDInter518,Dexfenfluramine,Major
DDInter1841,Tramadol,DDInter543,Dicyclomine,Moderate
DDInter1841,Tramadol,DDInter547,Diethylpropion,Major
DDInter1841,Tramadol,DDInter581,Dolasetron,Major
DDInter1841,Tramadol,DDInter601,Dronabinol,Major
DDInter1841,Tramadol,DDInter629,Eliglustat,Moderate
DDInter1841,Tramadol,DDInter632,Eluxadoline,Moderate
DDInter1841,Tramadol,DDInter650,Ephedrine,Major
DDInter1841,Tramadol,DDInter712,Famotidine,Moderate
DDInter1841,Tramadol,DDInter717,Fenfluramine,Major
DDInter1841,Tramadol,DDInter832,Glycerin,Moderate
DDInter1841,Tramadol,DDInter834,Glycopyrronium,Moderate
DDInter1841,Tramadol,DDInter840,Granisetron,Major
DDInter1841,Tramadol,DDInter896,Hyoscyamine,Moderate
DDInter1841,Tramadol,DDInter1016,Lactitol,Moderate
DDInter1841,Tramadol,DDInter1018,Lactulose,Moderate
DDInter1841,Tramadol,DDInter1055,Levofloxacin,Major
DDInter1841,Tramadol,DDInter1088,Loperamide,Moderate
DDInter1841,Tramadol,DDInter1093,Lorcaserin,Major
DDInter1841,Tramadol,DDInter1115,Magnesium citrate,Moderate
DDInter1841,Tramadol,DDInter1118,Magnesium hydroxide,Moderate
DDInter1841,Tramadol,DDInter1126,Mazindol,Major
DDInter1841,Tramadol,DDInter1149,Mepenzolate,Moderate
DDInter1841,Tramadol,DDInter1180,Methscopolamine,Moderate
DDInter1841,Tramadol,DDInter1197,Metoclopramide,Major
DDInter1841,Tramadol,DDInter1202,Metronidazole,Minor
DDInter1841,Tramadol,DDInter1223,Mineral oil,Moderate
DDInter1841,Tramadol,DDInter1244,Morphine,Major
DDInter1841,Tramadol,DDInter1245,Morphine (liposomal),Major
DDInter1841,Tramadol,DDInter1253,Nabilone,Moderate
DDInter1841,Tramadol,DDInter1262,Naloxone,Moderate
DDInter1841,Tramadol,DDInter1263,Naltrexone,Major
DDInter1841,Tramadol,DDInter1342,Ondansetron,Major
DDInter1841,Tramadol,DDInter1344,Opium,Major
DDInter1841,Tramadol,DDInter1382,Palonosetron,Major
DDInter1841,Tramadol,DDInter1389,Papaverine,Major
DDInter1841,Tramadol,DDInter1443,Phenolphthalein,Moderate
DDInter1447,Phentermine,DDInter1841,Tramadol,Major
DDInter1841,Tramadol,DDInter1488,Polyethylene glycol (3350),Moderate
DDInter1841,Tramadol,DDInter1487,Polyethylene glycol (3350 with electrolytes),Moderate
DDInter1841,Tramadol,DDInter1535,Propantheline,Moderate
DDInter1841,Tramadol,DDInter1615,Rolapitant,Moderate
DDInter1841,Tramadol,DDInter1647,Scopolamine,Moderate
DDInter1841,Tramadol,DDInter1665,Sibutramine,Major
DDInter1841,Tramadol,DDInter1886,Trospium,Moderate
DDInter16,Acetohexamide,DDInter15,Acetazolamide,Moderate
DDInter15,Acetazolamide,DDInter36,Albiglutide,Moderate
DDInter15,Acetazolamide,DDInter51,Alogliptin,Moderate
DDInter85,Amphotericin B,DDInter15,Acetazolamide,Moderate
DDInter86,Amphotericin B (cholesteryl sulfate),DDInter15,Acetazolamide,Moderate
DDInter87,Amphotericin B (lipid complex),DDInter15,Acetazolamide,Moderate
DDInter88,Amphotericin B (liposomal),DDInter15,Acetazolamide,Moderate
DDInter15,Acetazolamide,DDInter20,Acetylsalicylic acid,Major
DDInter168,Beclomethasone dipropionate,DDInter15,Acetazolamide,Moderate
DDInter195,Betamethasone,DDInter15,Acetazolamide,Moderate
DDInter15,Acetazolamide,DDInter212,Bisacodyl,Moderate
DDInter15,Acetazolamide,DDInter280,Canagliflozin,Moderate
DDInter15,Acetazolamide,DDInter307,Castor oil,Moderate
DDInter364,Chlorpropamide,DDInter15,Acetazolamide,Moderate
DDInter385,Cisapride,DDInter15,Acetazolamide,Major
DDInter15,Acetazolamide,DDInter474,Dapagliflozin,Moderate
DDInter15,Acetazolamide,DDInter513,Dexamethasone,Moderate
DDInter598,Doxycycline,DDInter15,Acetazolamide,Minor
DDInter15,Acetazolamide,DDInter607,Dulaglutide,Moderate
DDInter15,Acetazolamide,DDInter636,Empagliflozin,Moderate
DDInter15,Acetazolamide,DDInter669,Ertugliflozin,Moderate
DDInter15,Acetazolamide,DDInter706,Exenatide,Moderate
DDInter825,Glimepiride,DDInter15,Acetazolamide,Moderate
DDInter15,Acetazolamide,DDInter826,Glipizide,Moderate
DDInter15,Acetazolamide,DDInter831,Glyburide,Moderate
DDInter15,Acetazolamide,DDInter832,Glycerin,Moderate
DDInter885,Hydrocortisone,DDInter15,Acetazolamide,Moderate
DDInter934,Insulin human,DDInter15,Acetazolamide,Moderate
DDInter15,Acetazolamide,DDInter929,Insulin aspart (aspart),Moderate
DDInter15,Acetazolamide,DDInter928,Insulin aspart (aspart protamine),Moderate
DDInter15,Acetazolamide,DDInter931,Insulin detemir,Moderate
DDInter932,Insulin glargine,DDInter15,Acetazolamide,Moderate
DDInter15,Acetazolamide,DDInter933,Insulin glulisine,Moderate
DDInter935,"Insulin human (inhalation, rapid acting)",DDInter15,Acetazolamide,Moderate
DDInter936,Insulin human (isophane),DDInter15,Acetazolamide,Moderate
DDInter940,Insulin lispro,DDInter15,Acetazolamide,Moderate
DDInter941,Insulin lispro (protamine),DDInter15,Acetazolamide,Moderate
DDInter937,Insulin human (regular),DDInter15,Acetazolamide,Moderate
DDInter939,Insulin human (zinc),DDInter15,Acetazolamide,Moderate
DDInter938,Insulin human (zinc extended),DDInter15,Acetazolamide,Moderate
DDInter15,Acetazolamide,DDInter1016,Lactitol,Moderate
DDInter1018,Lactulose,DDInter15,Acetazolamide,Moderate
DDInter15,Acetazolamide,DDInter1070,Linagliptin,Moderate
DDInter15,Acetazolamide,DDInter1077,Liraglutide,Moderate
DDInter15,Acetazolamide,DDInter1082,Lixisenatide,Moderate
DDInter15,Acetazolamide,DDInter1115,Magnesium citrate,Moderate
DDInter15,Acetazolamide,DDInter1118,Magnesium hydroxide,Moderate
DDInter1164,Metformin,DDInter15,Acetazolamide,Major
DDInter1217,Miglitol,DDInter15,Acetazolamide,Moderate
DDInter15,Acetazolamide,DDInter1223,Mineral oil,Moderate
DDInter15,Acetazolamide,DDInter1224,Minocycline,Minor
DDInter1269,Nateglinide,DDInter15,Acetazolamide,Moderate
DDInter15,Acetazolamide,DDInter1443,Phenolphthalein,Moderate
DDInter15,Acetazolamide,DDInter1472,Pioglitazone,Moderate
DDInter15,Acetazolamide,DDInter1488,Polyethylene glycol (3350),Moderate
DDInter15,Acetazolamide,DDInter1487,Polyethylene glycol (3350 with electrolytes),Moderate
DDInter15,Acetazolamide,DDInter1506,Pramlintide,Moderate
DDInter15,Acetazolamide,DDInter1513,Prednisolone,Moderate
DDInter1515,Prednisone,DDInter15,Acetazolamide,Moderate
DDInter15,Acetazolamide,DDInter1581,Repaglinide,Moderate
DDInter1621,Rosiglitazone,DDInter15,Acetazolamide,Moderate
DDInter15,Acetazolamide,DDInter1646,Saxagliptin,Moderate
DDInter15,Acetazolamide,DDInter1660,Semaglutide,Moderate
DDInter15,Acetazolamide,DDInter1665,Sibutramine,Moderate
DDInter15,Acetazolamide,DDInter1679,Sitagliptin,Moderate
DDInter1783,Tetracycline,DDInter15,Acetazolamide,Minor
DDInter15,Acetazolamide,DDInter1826,Tolazamide,Moderate
DDInter15,Acetazolamide,DDInter1828,Tolbutamide,Moderate
DDInter1855,Triamcinolone,DDInter15,Acetazolamide,Moderate
DDInter1881,Troglitazone,DDInter15,Acetazolamide,Moderate
DDInter136,Atropine,DDInter18,Acetylcholine,Moderate
DDInter137,Atropine (ophthalmic),DDInter18,Acetylcholine,Moderate
DDInter397,Clidinium,DDInter18,Acetylcholine,Moderate
DDInter543,Dicyclomine,DDInter18,Acetylcholine,Moderate
DDInter834,Glycopyrronium,DDInter18,Acetylcholine,Moderate
DDInter835,Glycopyrronium (topical),DDInter18,Acetylcholine,Moderate
DDInter896,Hyoscyamine,DDInter18,Acetylcholine,Moderate
DDInter18,Acetylcholine,DDInter1149,Mepenzolate,Moderate
DDInter18,Acetylcholine,DDInter1180,Methscopolamine,Moderate
DDInter1535,Propantheline,DDInter18,Acetylcholine,Moderate
DDInter1647,Scopolamine,DDInter18,Acetylcholine,Moderate
DDInter1648,Scopolamine (ophthalmic),DDInter18,Acetylcholine,Moderate
DDInter1886,Trospium,DDInter18,Acetylcholine,Moderate
DDInter19,Acetylcysteine,DDInter24,Activated charcoal,Minor
DDInter935,"Insulin human (inhalation, rapid acting)",DDInter19,Acetylcysteine,Moderate
DDInter4,Abarelix,DDInter712,Famotidine,Moderate
DDInter16,Acetohexamide,DDInter712,Famotidine,Moderate
DDInter31,Adenosine,DDInter712,Famotidine,Moderate
DDInter712,Famotidine,DDInter1632,Salbutamol,Moderate
DDInter42,Alendronic acid,DDInter712,Famotidine,Minor
DDInter44,Alfuzosin,DDInter712,Famotidine,Moderate
DDInter712,Famotidine,DDInter58,Aluminum hydroxide,Minor
DDInter712,Famotidine,DDInter74,Aminophylline,Moderate
DDInter712,Famotidine,DDInter76,Amiodarone,Moderate
DDInter712,Famotidine,DDInter77,Amisulpride,Moderate
DDInter78,Amitriptyline,DDInter712,Famotidine,Moderate
DDInter82,Amoxapine,DDInter712,Famotidine,Moderate
DDInter93,Anagrelide,DDInter712,Famotidine,Moderate
DDInter712,Famotidine,DDInter107,Apalutamide,Moderate
DDInter109,Apomorphine,DDInter712,Famotidine,Moderate
DDInter712,Famotidine,DDInter116,Arformoterol,Moderate
DDInter712,Famotidine,DDInter118,Aripiprazole,Moderate
DDInter712,Famotidine,DDInter120,Arsenic trioxide,Moderate
DDInter712,Famotidine,DDInter125,Asenapine,Moderate
DDInter128,Astemizole,DDInter712,Famotidine,Moderate
DDInter712,Famotidine,DDInter129,Atazanavir,Major
DDInter132,Atomoxetine,DDInter712,Famotidine,Moderate
DDInter712,Famotidine,DDInter147,Axitinib,Minor
DDInter157,Azithromycin,DDInter712,Famotidine,Moderate
DDInter712,Famotidine,DDInter159,Bacampicillin,Moderate
DDInter712,Famotidine,DDInter170,Bedaquiline,Moderate
DDInter712,Famotidine,DDInter192,Bepridil,Moderate
DDInter712,Famotidine,DDInter204,Bicalutamide,Moderate
DDInter712,Famotidine,DDInter224,Bosutinib,Moderate
DDInter712,Famotidine,DDInter233,Brigatinib,Moderate
DDInter251,Buprenorphine,DDInter712,Famotidine,Moderate
DDInter712,Famotidine,DDInter271,Calcium carbonate,Minor
DDInter712,Famotidine,DDInter316,Cefditoren,Moderate
DDInter712,Famotidine,DDInter326,Cefpodoxime,Moderate
DDInter712,Famotidine,DDInter335,Cefuroxime,Moderate
DDInter712,Famotidine,DDInter340,Ceritinib,Moderate
DDInter359,Chloroquine,DDInter712,Famotidine,Moderate
DDInter363,Chlorpromazine,DDInter712,Famotidine,Moderate
DDInter364,Chlorpropamide,DDInter712,Famotidine,Moderate
DDInter384,Ciprofloxacin,DDInter712,Famotidine,Moderate
DDInter385,Cisapride,DDInter712,Famotidine,Moderate
DDInter388,Citalopram,DDInter712,Famotidine,Moderate
DDInter712,Famotidine,DDInter393,Clarithromycin,Moderate
DDInter406,Clofazimine,DDInter712,Famotidine,Moderate
DDInter712,Famotidine,DDInter410,Clomipramine,Moderate
DDInter419,Clozapine,DDInter712,Famotidine,Moderate
DDInter712,Famotidine,DDInter448,Crizotinib,Moderate
DDInter451,Cyanocobalamin,DDInter712,Famotidine,Minor
DDInter712,Famotidine,DDInter462,Dabrafenib,Moderate
DDInter712,Famotidine,DDInter465,Dacomitinib,Moderate
DDInter712,Famotidine,DDInter484,Dasatinib,Major
DDInter485,Daunorubicin,DDInter712,Famotidine,Moderate
DDInter486,Daunorubicin (liposomal),DDInter712,Famotidine,Moderate
DDInter712,Famotidine,DDInter493,Degarelix,Moderate
DDInter496,Delavirdine,DDInter712,Famotidine,Moderate
DDInter712,Famotidine,DDInter504,Desipramine,Moderate
DDInter712,Famotidine,DDInter512,Deutetrabenazine,Moderate
DDInter537,Diclofenac,DDInter712,Famotidine,Minor
DDInter575,Disopyramide,DDInter712,Famotidine,Moderate
DDInter580,Dofetilide,DDInter712,Famotidine,Moderate
DDInter581,Dolasetron,DDInter712,Famotidine,Moderate
DDInter583,Donepezil,DDInter712,Famotidine,Moderate
DDInter712,Famotidine,DDInter593,Doxepin,Moderate
DDInter712,Famotidine,DDInter594,Doxepin (topical),Moderate
DDInter712,Famotidine,DDInter596,Doxorubicin,Moderate
DDInter712,Famotidine,DDInter597,Doxorubicin (liposomal),Moderate
DDInter712,Famotidine,DDInter602,Dronedarone,Moderate
DDInter603,Droperidol,DDInter712,Famotidine,Moderate
DDInter608,Duloxetine,DDInter712,Famotidine,Minor
DDInter624,Efavirenz,DDInter712,Famotidine,Moderate
DDInter712,Famotidine,DDInter640,Encorafenib,Moderate
DDInter644,Enoxacin,DDInter712,Famotidine,Minor
DDInter647,Entecavir,DDInter712,Famotidine,Moderate
DDInter712,Famotidine,DDInter648,Entrectinib,Moderate
DDInter712,Famotidine,DDInter649,Enzalutamide,Moderate
DDInter655,Epirubicin,DDInter712,Famotidine,Moderate
DDInter712,Famotidine,DDInter666,Eribulin,Moderate
DDInter667,Erlotinib,DDInter712,Famotidine,Moderate
DDInter670,Erythromycin,DDInter712,Famotidine,Moderate
DDInter712,Famotidine,DDInter672,Escitalopram,Moderate
DDInter699,Etodolac,DDInter712,Famotidine,Minor
DDInter712,Famotidine,DDInter708,Ezogabine,Moderate
DDInter721,Fenoprofen,DDInter712,Famotidine,Minor
DDInter712,Famotidine,DDInter737,Fingolimod,Moderate
DDInter712,Famotidine,DDInter740,Flecainide,Moderate
DDInter743,Fluconazole,DDInter712,Famotidine,Moderate
DDInter758,Fluoxetine,DDInter712,Famotidine,Moderate
DDInter760,Fluphenazine,DDInter712,Famotidine,Moderate
DDInter763,Flurbiprofen,DDInter712,Famotidine,Minor
DDInter765,Flutamide,DDInter712,Famotidine,Moderate
DDInter712,Famotidine,DDInter776,Formoterol,Moderate
DDInter712,Famotidine,DDInter777,Fosamprenavir,Moderate
DDInter779,Foscarnet,DDInter712,Famotidine,Moderate
DDInter712,Famotidine,DDInter783,Fosphenytoin,Moderate
DDInter712,Famotidine,DDInter786,Fostemsavir,Moderate
DDInter802,Galantamine,DDInter712,Famotidine,Moderate
DDInter712,Famotidine,DDInter809,Gatifloxacin,Moderate
DDInter810,Gefitinib,DDInter712,Famotidine,Moderate
DDInter712,Famotidine,DDInter813,Gemifloxacin,Moderate
DDInter712,Famotidine,DDInter817,Gilteritinib,Moderate
DDInter712,Famotidine,DDInter822,Glasdegib,Moderate
DDInter825,Glimepiride,DDInter712,Famotidine,Moderate
DDInter712,Famotidine,DDInter826,Glipizide,Moderate
DDInter712,Famotidine,DDInter831,Glyburide,Moderate
DDInter839,Goserelin,DDInter712,Famotidine,Moderate
DDInter840,Granisetron,DDInter712,Famotidine,Moderate
DDInter842,Grepafloxacin,DDInter712,Famotidine,Moderate
DDInter712,Famotidine,DDInter852,Halofantrine,Moderate
DDInter853,Haloperidol,DDInter712,Famotidine,Moderate
DDInter712,Famotidine,DDInter854,Halothane,Moderate
DDInter712,Famotidine,DDInter864,Histrelin,Moderate
DDInter712,Famotidine,DDInter893,Hydroxychloroquine,Moderate
DDInter895,Hydroxyzine,DDInter712,Famotidine,Moderate
DDInter712,Famotidine,DDInter900,Ibuprofen,Minor
DDInter901,Ibutilide,DDInter712,Famotidine,Moderate
DDInter712,Famotidine,DDInter904,Idarubicin,Moderate
DDInter712,Famotidine,DDInter907,Iloperidone,Moderate
DDInter912,Imipramine,DDInter712,Famotidine,Moderate
DDInter712,Famotidine,DDInter915,Indacaterol,Moderate
DDInter921,Indomethacin,DDInter712,Famotidine,Minor
DDInter712,Famotidine,DDInter927,Inotuzumab ozogamicin,Moderate
DDInter982,Isoetharine,DDInter712,Famotidine,Moderate
DDInter712,Famotidine,DDInter987,Isoprenaline,Moderate
DDInter712,Famotidine,DDInter995,Itraconazole,Moderate
DDInter712,Famotidine,DDInter996,Ivabradine,Moderate
DDInter712,Famotidine,DDInter1000,Ivosidenib,Moderate
DDInter712,Famotidine,DDInter1008,Ketoconazole,Moderate
DDInter712,Famotidine,DDInter1009,Ketoprofen,Minor
DDInter1010,Ketorolac,DDInter712,Famotidine,Minor
DDInter712,Famotidine,DDInter1024,Lapatinib,Moderate
DDInter712,Famotidine,DDInter1027,Lasmiditan,Moderate
DDInter712,Famotidine,DDInter1032,Lefamulin,Moderate
DDInter712,Famotidine,DDInter1036,Lenvatinib,Moderate
DDInter1042,Leuprolide,DDInter712,Famotidine,Moderate
DDInter712,Famotidine,DDInter1063,Levosalbutamol,Moderate
DDInter712,Famotidine,DDInter1055,Levofloxacin,Moderate
DDInter712,Famotidine,DDInter1043,Levacetylmethadol,Moderate
DDInter712,Famotidine,DDInter1078,Lisdexamfetamine,Moderate
DDInter712,Famotidine,DDInter1081,Lithium carbonate,Moderate
DDInter712,Famotidine,DDInter1083,Lofexidine,Moderate
DDInter712,Famotidine,DDInter1084,Lomefloxacin,Moderate
DDInter712,Famotidine,DDInter1112,Magaldrate,Minor
DDInter712,Famotidine,DDInter1113,Magnesium carbonate,Minor
DDInter712,Famotidine,DDInter1118,Magnesium hydroxide,Minor
DDInter712,Famotidine,DDInter1119,Magnesium oxide,Minor
DDInter712,Famotidine,DDInter1124,Maprotiline,Moderate
DDInter712,Famotidine,DDInter1135,Meclofenamic acid,Minor
DDInter1139,Mefenamic acid,DDInter712,Famotidine,Minor
DDInter1140,Mefloquine,DDInter712,Famotidine,Moderate
DDInter712,Famotidine,DDInter1159,Mesoridazine,Moderate
DDInter1346,Orciprenaline,DDInter712,Famotidine,Moderate
DDInter1166,Methadone,DDInter712,Famotidine,Moderate
DDInter712,Famotidine,DDInter1175,Methotrimeprazine,Moderate
DDInter712,Famotidine,DDInter1136,Mecobalamin,Minor
DDInter1202,Metronidazole,DDInter712,Famotidine,Minor
DDInter712,Famotidine,DDInter1214,Midostaurin,Moderate
DDInter1215,Mifepristone,DDInter712,Famotidine,Moderate
DDInter1230,Mirtazapine,DDInter712,Famotidine,Moderate
DDInter1247,Moxifloxacin,DDInter712,Famotidine,Moderate
DDInter1266,Naproxen,DDInter712,Famotidine,Moderate
DDInter1276,Nelfinavir,DDInter712,Famotidine,Minor
DDInter712,Famotidine,DDInter1281,Neratinib,Major
DDInter1290,Nicotine,DDInter712,Famotidine,Minor
DDInter712,Famotidine,DDInter1293,Nilotinib,Moderate
DDInter1294,Nilutamide,DDInter712,Famotidine,Moderate
DDInter712,Famotidine,DDInter1313,Norfloxacin,Moderate
DDInter1316,Nortriptyline,DDInter712,Famotidine,Moderate
DDInter712,Famotidine,DDInter1325,Ofloxacin,Moderate
DDInter1326,Olanzapine,DDInter712,Famotidine,Moderate
DDInter712,Famotidine,DDInter1329,Oliceridine,Moderate
DDInter712,Famotidine,DDInter1331,Olodaterol,Moderate
DDInter1342,Ondansetron,DDInter712,Famotidine,Moderate
DDInter712,Famotidine,DDInter1351,Osilodrostat,Moderate
DDInter712,Famotidine,DDInter1352,Osimertinib,Moderate
DDInter1355,Oxaliplatin,DDInter712,Famotidine,Moderate
DDInter712,Famotidine,DDInter1358,Oxaprozin,Minor
DDInter712,Famotidine,DDInter1363,Oxtriphylline,Moderate
DDInter1375,Oxytocin,DDInter712,Famotidine,Moderate
DDInter712,Famotidine,DDInter1376,Ozanimod,Major
DDInter712,Famotidine,DDInter1381,Paliperidone,Moderate
DDInter1382,Palonosetron,DDInter712,Famotidine,Moderate
DDInter712,Famotidine,DDInter1387,Panobinostat,Moderate
DDInter712,Famotidine,DDInter1398,Pasireotide,Moderate
DDInter712,Famotidine,DDInter1400,Pazopanib,Major
DDInter1414,Pemetrexed,DDInter712,Famotidine,Moderate
DDInter1420,Pentamidine,DDInter712,Famotidine,Moderate
DDInter1432,Perphenazine,DDInter712,Famotidine,Moderate
DDInter712,Famotidine,DDInter1435,Pexidartinib,Moderate
DDInter1460,Phenytoin,DDInter712,Famotidine,Moderate
DDInter712,Famotidine,DDInter1467,Pimavanserin,Moderate
DDInter712,Famotidine,DDInter1470,Pimozide,Moderate
DDInter712,Famotidine,DDInter1476,Pirbuterol,Moderate
DDInter1478,Piroxicam,DDInter712,Famotidine,Minor
DDInter712,Famotidine,DDInter1480,Pitolisant,Moderate
DDInter712,Famotidine,DDInter1492,Ponatinib,Minor
DDInter712,Famotidine,DDInter1494,Posaconazole,Moderate
DDInter712,Famotidine,DDInter1508,Prasugrel,Minor
DDInter712,Famotidine,DDInter1520,Primaquine,Moderate
DDInter712,Famotidine,DDInter1522,Probenecid,Minor
DDInter712,Famotidine,DDInter1523,Probucol,Moderate
DDInter712,Famotidine,DDInter1524,Procainamide,Moderate
DDInter1527,Prochlorperazine,DDInter712,Famotidine,Moderate
DDInter1532,Promazine,DDInter712,Famotidine,Moderate
DDInter712,Famotidine,DDInter1533,Promethazine,Moderate
DDInter712,Famotidine,DDInter1534,Propafenone,Moderate
DDInter1538,Propofol,DDInter712,Famotidine,Moderate
DDInter528,Dextropropoxyphene,DDInter712,Famotidine,Moderate
DDInter1543,Protriptyline,DDInter712,Famotidine,Moderate
DDInter712,Famotidine,DDInter1553,Quetiapine,Moderate
DDInter1556,Quinidine,DDInter712,Famotidine,Moderate
DDInter1557,Quinine,DDInter712,Famotidine,Moderate
DDInter712,Famotidine,DDInter1563,Raltegravir,Minor
DDInter712,Famotidine,DDInter1564,Ramelteon,Moderate
DDInter1570,Ranolazine,DDInter712,Famotidine,Moderate
DDInter712,Famotidine,DDInter1588,Ribociclib,Moderate
DDInter712,Famotidine,DDInter1595,Rilpivirine,Major
DDInter1605,Risperidone,DDInter712,Famotidine,Moderate
DDInter1606,Ritodrine,DDInter712,Famotidine,Moderate
DDInter712,Famotidine,DDInter1610,Rivastigmine,Moderate
DDInter712,Famotidine,DDInter1616,Romidepsin,Moderate
DDInter712,Famotidine,DDInter1626,Rucaparib,Moderate
DDInter712,Famotidine,DDInter1635,Salmeterol,Moderate
DDInter712,Famotidine,DDInter1640,Saquinavir,Moderate
DDInter712,Famotidine,DDInter1658,Selpercatinib,Major
DDInter712,Famotidine,DDInter1662,Sertraline,Moderate
DDInter712,Famotidine,DDInter1664,Sevoflurane,Moderate
DDInter712,Famotidine,DDInter1676,Siponimod,Major
DDInter712,Famotidine,DDInter1683,Sodium bicarbonate,Minor
DDInter712,Famotidine,DDInter1696,Solifenacin,Moderate
DDInter712,Famotidine,DDInter1701,Sonidegib,Minor
DDInter1702,Sorafenib,DDInter712,Famotidine,Moderate
DDInter1704,Sotalol,DDInter712,Famotidine,Moderate
DDInter712,Famotidine,DDInter1705,Sparfloxacin,Moderate
DDInter712,Famotidine,DDInter1724,Sulfamethoxazole,Minor
DDInter1729,Sulindac,DDInter712,Famotidine,Minor
DDInter712,Famotidine,DDInter1731,Sunitinib,Moderate
DDInter1734,Tacrine,DDInter712,Famotidine,Moderate
DDInter1735,Tacrolimus,DDInter712,Famotidine,Moderate
DDInter1744,Tamoxifen,DDInter712,Famotidine,Moderate
DDInter712,Famotidine,DDInter1756,Telavancin,Moderate
DDInter712,Famotidine,DDInter1758,Telithromycin,Moderate
DDInter1769,Terbutaline,DDInter712,Famotidine,Moderate
DDInter1770,Terfenadine,DDInter712,Famotidine,Moderate
DDInter712,Famotidine,DDInter1778,Tetrabenazine,Moderate
DDInter712,Famotidine,DDInter1789,Thalidomide,Moderate
DDInter1791,Theophylline,DDInter712,Famotidine,Moderate
DDInter1796,Thioridazine,DDInter712,Famotidine,Moderate
DDInter1821,Tizanidine,DDInter712,Famotidine,Major
DDInter1826,Tolazamide,DDInter712,Famotidine,Moderate
DDInter712,Famotidine,DDInter1828,Tolbutamide,Moderate
DDInter1831,Tolmetin,DDInter712,Famotidine,Minor
DDInter1837,Toremifene,DDInter712,Famotidine,Moderate
DDInter1851,Trazodone,DDInter712,Famotidine,Moderate
DDInter1859,Triamterene,DDInter712,Famotidine,Minor
DDInter712,Famotidine,DDInter1863,Triclabendazole,Moderate
DDInter1866,Trifluoperazine,DDInter712,Famotidine,Moderate
DDInter1867,Triflupromazine,DDInter712,Famotidine,Moderate
DDInter712,Famotidine,DDInter45,Alimemazine,Moderate
DDInter1876,Trimipramine,DDInter712,Famotidine,Moderate
DDInter712,Famotidine,DDInter1880,Triptorelin,Moderate
DDInter712,Famotidine,DDInter1909,Valbenazine,Moderate
DDInter712,Famotidine,DDInter1917,Vandetanib,Moderate
DDInter1918,Vardenafil,DDInter712,Famotidine,Moderate
DDInter1921,Vasopressin,DDInter712,Famotidine,Moderate
DDInter712,Famotidine,DDInter1925,Vemurafenib,Moderate
DDInter1927,Venlafaxine,DDInter712,Famotidine,Moderate
DDInter712,Famotidine,DDInter1940,Vismodegib,Minor
DDInter1946,Voriconazole,DDInter712,Famotidine,Moderate
DDInter1967,Ziprasidone,DDInter712,Famotidine,Moderate
DDInter16,Acetohexamide,DDInter1568,Ranitidine,Moderate
DDInter42,Alendronic acid,DDInter1568,Ranitidine,Minor
DDInter1568,Ranitidine,DDInter58,Aluminum hydroxide,Minor
DDInter1568,Ranitidine,DDInter74,Aminophylline,Moderate
DDInter1568,Ranitidine,DDInter129,Atazanavir,Major
DDInter1568,Ranitidine,DDInter135,Atracurium,Minor
DDInter1568,Ranitidine,DDInter147,Axitinib,Minor
DDInter1568,Ranitidine,DDInter159,Bacampicillin,Moderate
DDInter1568,Ranitidine,DDInter224,Bosutinib,Moderate
DDInter1568,Ranitidine,DDInter233,Brigatinib,Moderate
DDInter1568,Ranitidine,DDInter271,Calcium carbonate,Minor
DDInter1568,Ranitidine,DDInter316,Cefditoren,Moderate
DDInter1568,Ranitidine,DDInter326,Cefpodoxime,Moderate
DDInter1568,Ranitidine,DDInter335,Cefuroxime,Moderate
DDInter1568,Ranitidine,DDInter340,Ceritinib,Moderate
DDInter364,Chlorpropamide,DDInter1568,Ranitidine,Moderate
DDInter385,Cisapride,DDInter1568,Ranitidine,Minor
DDInter386,Cisatracurium,DDInter1568,Ranitidine,Minor
DDInter451,Cyanocobalamin,DDInter1568,Ranitidine,Minor
DDInter458,Cyclosporine,DDInter1568,Ranitidine,Minor
DDInter1568,Ranitidine,DDInter462,Dabrafenib,Moderate
DDInter1568,Ranitidine,DDInter465,Dacomitinib,Moderate
DDInter1568,Ranitidine,DDInter484,Dasatinib,Major
DDInter496,Delavirdine,DDInter1568,Ranitidine,Moderate
DDInter537,Diclofenac,DDInter1568,Ranitidine,Minor
DDInter542,Dicoumarol,DDInter1568,Ranitidine,Moderate
DDInter1568,Ranitidine,DDInter544,Didanosine,Minor
DDInter583,Donepezil,DDInter1568,Ranitidine,Moderate
DDInter1568,Ranitidine,DDInter590,Doxacurium,Minor
DDInter608,Duloxetine,DDInter1568,Ranitidine,Minor
DDInter1568,Ranitidine,DDInter629,Eliglustat,Moderate
DDInter644,Enoxacin,DDInter1568,Ranitidine,Minor
DDInter647,Entecavir,DDInter1568,Ranitidine,Moderate
DDInter667,Erlotinib,DDInter1568,Ranitidine,Moderate
DDInter699,Etodolac,DDInter1568,Ranitidine,Minor
DDInter1568,Ranitidine,DDInter703,Etravirine,Minor
DDInter721,Fenoprofen,DDInter1568,Ranitidine,Minor
DDInter1568,Ranitidine,DDInter737,Fingolimod,Moderate
DDInter1568,Ranitidine,DDInter741,Flibanserin,Moderate
DDInter1568,Ranitidine,DDInter777,Fosamprenavir,Moderate
DDInter1568,Ranitidine,DDInter783,Fosphenytoin,Moderate
DDInter802,Galantamine,DDInter1568,Ranitidine,Moderate
DDInter810,Gefitinib,DDInter1568,Ranitidine,Moderate
DDInter825,Glimepiride,DDInter1568,Ranitidine,Moderate
DDInter1568,Ranitidine,DDInter826,Glipizide,Moderate
DDInter1568,Ranitidine,DDInter831,Glyburide,Moderate
DDInter1568,Ranitidine,DDInter900,Ibuprofen,Minor
DDInter921,Indomethacin,DDInter1568,Ranitidine,Minor
DDInter1568,Ranitidine,DDInter995,Itraconazole,Moderate
DDInter1568,Ranitidine,DDInter996,Ivabradine,Moderate
DDInter1568,Ranitidine,DDInter1008,Ketoconazole,Moderate
DDInter1568,Ranitidine,DDInter1009,Ketoprofen,Minor
DDInter1010,Ketorolac,DDInter1568,Ranitidine,Minor
DDInter1568,Ranitidine,DDInter1024,Lapatinib,Moderate
DDInter1568,Ranitidine,DDInter1027,Lasmiditan,Moderate
DDInter1568,Ranitidine,DDInter1034,Lemborexant,Major
DDInter1568,Ranitidine,DDInter1085,Lomitapide,Moderate
DDInter1088,Loperamide,DDInter1568,Ranitidine,Major
DDInter1568,Ranitidine,DDInter1112,Magaldrate,Minor
DDInter1568,Ranitidine,DDInter1113,Magnesium carbonate,Minor
DDInter1568,Ranitidine,DDInter1118,Magnesium hydroxide,Minor
DDInter1568,Ranitidine,DDInter1119,Magnesium oxide,Minor
DDInter1568,Ranitidine,DDInter1135,Meclofenamic acid,Minor
DDInter1139,Mefenamic acid,DDInter1568,Ranitidine,Minor
DDInter1568,Ranitidine,DDInter1146,Memantine,Minor
DDInter1164,Metformin,DDInter1568,Ranitidine,Moderate
DDInter1568,Ranitidine,DDInter1136,Mecobalamin,Minor
DDInter1568,Ranitidine,DDInter1198,Metocurine,Minor
DDInter1212,Midazolam,DDInter1568,Ranitidine,Moderate
DDInter1213,Midodrine,DDInter1568,Ranitidine,Minor
DDInter1217,Miglitol,DDInter1568,Ranitidine,Minor
DDInter1568,Ranitidine,DDInter1235,Mivacurium,Minor
DDInter1254,Nabumetone,DDInter1568,Ranitidine,Minor
DDInter1266,Naproxen,DDInter1568,Ranitidine,Moderate
DDInter1276,Nelfinavir,DDInter1568,Ranitidine,Minor
DDInter1568,Ranitidine,DDInter1281,Neratinib,Major
DDInter1290,Nicotine,DDInter1568,Ranitidine,Minor
DDInter1568,Ranitidine,DDInter1291,Nifedipine,Minor
DDInter1568,Ranitidine,DDInter1293,Nilotinib,Moderate
DDInter1568,Ranitidine,DDInter1358,Oxaprozin,Minor
DDInter1568,Ranitidine,DDInter1363,Oxtriphylline,Moderate
DDInter1568,Ranitidine,DDInter1376,Ozanimod,Moderate
DDInter1568,Ranitidine,DDInter1385,Pancuronium,Minor
DDInter1568,Ranitidine,DDInter1400,Pazopanib,Major
DDInter1414,Pemetrexed,DDInter1568,Ranitidine,Moderate
DDInter1568,Ranitidine,DDInter1435,Pexidartinib,Moderate
DDInter1460,Phenytoin,DDInter1568,Ranitidine,Moderate
DDInter1568,Ranitidine,DDInter1462,Physostigmine,Moderate
DDInter1568,Ranitidine,DDInter1473,Pipecuronium,Minor
DDInter1478,Piroxicam,DDInter1568,Ranitidine,Minor
DDInter1568,Ranitidine,DDInter1492,Ponatinib,Minor
DDInter1493,Porfimer sodium,DDInter1568,Ranitidine,Moderate
DDInter1568,Ranitidine,DDInter1494,Posaconazole,Moderate
DDInter1505,Pramipexole,DDInter1568,Ranitidine,Minor
DDInter1568,Ranitidine,DDInter1508,Prasugrel,Minor
DDInter1568,Ranitidine,DDInter1524,Procainamide,Moderate
DDInter1568,Ranitidine,DDInter1556,Quinidine,Moderate
DDInter1568,Ranitidine,DDInter1563,Raltegravir,Minor
DDInter1568,Ranitidine,DDInter1571,Rapacuronium,Minor
DDInter1568,Ranitidine,DDInter1595,Rilpivirine,Major
DDInter1605,Risperidone,DDInter1568,Ranitidine,Minor
DDInter1568,Ranitidine,DDInter1610,Rivastigmine,Moderate
DDInter1612,Rocuronium,DDInter1568,Ranitidine,Minor
DDInter1568,Ranitidine,DDInter1658,Selpercatinib,Major
DDInter1568,Ranitidine,DDInter1676,Siponimod,Major
DDInter1568,Ranitidine,DDInter1683,Sodium bicarbonate,Minor
DDInter1568,Ranitidine,DDInter1701,Sonidegib,Minor
DDInter1716,Succinylcholine,DDInter1568,Ranitidine,Minor
DDInter1729,Sulindac,DDInter1568,Ranitidine,Minor
DDInter1734,Tacrine,DDInter1568,Ranitidine,Moderate
DDInter1568,Ranitidine,DDInter1789,Thalidomide,Moderate
DDInter1791,Theophylline,DDInter1568,Ranitidine,Moderate
DDInter1826,Tolazamide,DDInter1568,Ranitidine,Moderate
DDInter1568,Ranitidine,DDInter1828,Tolbutamide,Moderate
DDInter1831,Tolmetin,DDInter1568,Ranitidine,Minor
DDInter1859,Triamterene,DDInter1568,Ranitidine,Minor
DDInter1568,Ranitidine,DDInter1860,Triazolam,Moderate
DDInter1886,Trospium,DDInter1568,Ranitidine,Moderate
DDInter1568,Ranitidine,DDInter1890,Tubocurarine,Minor
DDInter1568,Ranitidine,DDInter1917,Vandetanib,Minor
DDInter1568,Ranitidine,DDInter1922,Vecuronium,Minor
DDInter1568,Ranitidine,DDInter1940,Vismodegib,Minor
DDInter1951,Warfarin,DDInter1568,Ranitidine,Moderate
DDInter66,Amikacin,DDInter1559,Rabeprazole,Moderate
DDInter67,Amikacin (liposome),DDInter1559,Rabeprazole,Moderate
DDInter84,Amphetamine,DDInter1559,Rabeprazole,Moderate
DDInter85,Amphotericin B,DDInter1559,Rabeprazole,Moderate
DDInter86,Amphotericin B (cholesteryl sulfate),DDInter1559,Rabeprazole,Moderate
DDInter87,Amphotericin B (lipid complex),DDInter1559,Rabeprazole,Moderate
DDInter88,Amphotericin B (liposomal),DDInter1559,Rabeprazole,Moderate
DDInter98,Anisindione,DDInter1559,Rabeprazole,Moderate
DDInter1559,Rabeprazole,DDInter107,Apalutamide,Moderate
DDInter112,Aprepitant,DDInter1559,Rabeprazole,Moderate
DDInter1559,Rabeprazole,DDInter119,Armodafinil,Moderate
DDInter20,Acetylsalicylic acid,DDInter1559,Rabeprazole,Minor
DDInter129,Atazanavir,DDInter1559,Rabeprazole,Major
DDInter1559,Rabeprazole,DDInter147,Axitinib,Minor
DDInter1559,Rabeprazole,DDInter159,Bacampicillin,Moderate
DDInter179,Bendroflumethiazide,DDInter1559,Rabeprazole,Moderate
DDInter188,Benzthiazide,DDInter1559,Rabeprazole,Moderate
DDInter1559,Rabeprazole,DDInter224,Bosutinib,Moderate
DDInter1559,Rabeprazole,DDInter233,Brigatinib,Moderate
DDInter248,Bumetanide,DDInter1559,Rabeprazole,Moderate
DDInter1559,Rabeprazole,DDInter287,Capmatinib,Minor
DDInter288,Capreomycin,DDInter1559,Rabeprazole,Moderate
DDInter1559,Rabeprazole,DDInter975,Iron,Moderate
DDInter298,Carboplatin,DDInter1559,Rabeprazole,Moderate
DDInter316,Cefditoren,DDInter1559,Rabeprazole,Moderate
DDInter1559,Rabeprazole,DDInter326,Cefpodoxime,Moderate
DDInter335,Cefuroxime,DDInter1559,Rabeprazole,Moderate
DDInter1559,Rabeprazole,DDInter340,Ceritinib,Moderate
DDInter344,Cetuximab,DDInter1559,Rabeprazole,Moderate
DDInter360,Chlorothiazide,DDInter1559,Rabeprazole,Moderate
DDInter365,Chlorthalidone,DDInter1559,Rabeprazole,Moderate
DDInter1559,Rabeprazole,DDInter370,Choline salicylate,Minor
DDInter387,Cisplatin,DDInter1559,Rabeprazole,Moderate
DDInter413,Clopidogrel,DDInter1559,Rabeprazole,Major
DDInter438,Conivaptan,DDInter1559,Rabeprazole,Moderate
DDInter451,Cyanocobalamin,DDInter1559,Rabeprazole,Minor
DDInter458,Cyclosporine,DDInter1559,Rabeprazole,Moderate
DDInter1559,Rabeprazole,DDInter465,Dacomitinib,Major
DDInter1559,Rabeprazole,DDInter484,Dasatinib,Major
DDInter1559,Rabeprazole,DDInter488,Deferasirox,Moderate
DDInter496,Delavirdine,DDInter1559,Rabeprazole,Moderate
DDInter542,Dicoumarol,DDInter1559,Rabeprazole,Moderate
DDInter554,Digoxin,DDInter1559,Rabeprazole,Moderate
DDInter608,Duloxetine,DDInter1559,Rabeprazole,Minor
DDInter1559,Rabeprazole,DDInter614,Echinacea,Moderate
DDInter624,Efavirenz,DDInter1559,Rabeprazole,Moderate
DDInter1559,Rabeprazole,DDInter649,Enzalutamide,Moderate
DDInter667,Erlotinib,DDInter1559,Rabeprazole,Major
DDInter686,Etacrynic acid,DDInter1559,Rabeprazole,Moderate
DDInter1559,Rabeprazole,DDInter703,Etravirine,Moderate
DDInter1559,Rabeprazole,DDInter714,Fedratinib,Moderate
DDInter1559,Rabeprazole,DDInter725,Ferrous fumarate,Moderate
DDInter1559,Rabeprazole,DDInter726,Ferrous gluconate,Moderate
DDInter1559,Rabeprazole,DDInter727,Ferrous sulfate anhydrous,Moderate
DDInter1559,Rabeprazole,DDInter741,Flibanserin,Moderate
DDInter743,Fluconazole,DDInter1559,Rabeprazole,Moderate
DDInter770,Fluvoxamine,DDInter1559,Rabeprazole,Moderate
DDInter1559,Rabeprazole,DDInter777,Fosamprenavir,Moderate
DDInter1559,Rabeprazole,DDInter778,Fosaprepitant,Moderate
DDInter779,Foscarnet,DDInter1559,Rabeprazole,Moderate
DDInter1559,Rabeprazole,DDInter785,Fostamatinib,Moderate
DDInter790,Furosemide,DDInter1559,Rabeprazole,Moderate
DDInter810,Gefitinib,DDInter1559,Rabeprazole,Moderate
DDInter815,Gentamicin,DDInter1559,Rabeprazole,Moderate
DDInter883,Hydrochlorothiazide,DDInter1559,Rabeprazole,Moderate
DDInter889,Hydroflumethiazide,DDInter1559,Rabeprazole,Moderate
DDInter916,Indapamide,DDInter1559,Rabeprazole,Moderate
DDInter917,Indinavir,DDInter1559,Rabeprazole,Moderate
DDInter1559,Rabeprazole,DDInter977,Iron protein succinylate,Moderate
DDInter1559,Rabeprazole,DDInter995,Itraconazole,Moderate
DDInter1559,Rabeprazole,DDInter1004,Kanamycin,Moderate
DDInter1008,Ketoconazole,DDInter1559,Rabeprazole,Moderate
DDInter1559,Rabeprazole,DDInter1024,Lapatinib,Moderate
DDInter1559,Rabeprazole,DDInter1032,Lefamulin,Moderate
DDInter1064,Levothyroxine,DDInter1559,Rabeprazole,Moderate
DDInter1559,Rabeprazole,DDInter1069,Linaclotide,Minor
DDInter1074,Liothyronine,DDInter1559,Rabeprazole,Moderate
DDInter1559,Rabeprazole,DDInter1075,Liotrix,Moderate
DDInter1174,Methotrexate,DDInter1559,Rabeprazole,Major
DDInter1559,Rabeprazole,DDInter1136,Mecobalamin,Minor
DDInter1199,Metolazone,DDInter1559,Rabeprazole,Moderate
DDInter1236,Modafinil,DDInter1559,Rabeprazole,Moderate
DDInter1251,Mycophenolate mofetil,DDInter1559,Rabeprazole,Moderate
DDInter1266,Naproxen,DDInter1559,Rabeprazole,Moderate
DDInter1276,Nelfinavir,DDInter1559,Rabeprazole,Major
DDInter1277,Neomycin,DDInter1559,Rabeprazole,Moderate
DDInter1559,Rabeprazole,DDInter1281,Neratinib,Major
DDInter1283,Netilmicin,DDInter1559,Rabeprazole,Moderate
DDInter1285,Nevirapine,DDInter1559,Rabeprazole,Moderate
DDInter1559,Rabeprazole,DDInter1293,Nilotinib,Moderate
DDInter1559,Rabeprazole,DDInter1386,Panitumumab,Moderate
DDInter1559,Rabeprazole,DDInter1396,Paromomycin,Moderate
DDInter1559,Rabeprazole,DDInter1399,Patiromer,Moderate
DDInter1559,Rabeprazole,DDInter1400,Pazopanib,Major
DDInter1420,Pentamidine,DDInter1559,Rabeprazole,Moderate
DDInter1559,Rabeprazole,DDInter1435,Pexidartinib,Major
DDInter1559,Rabeprazole,DDInter1482,Plazomicin,Moderate
DDInter1559,Rabeprazole,DDInter1490,Polythiazide,Moderate
DDInter1559,Rabeprazole,DDInter1492,Ponatinib,Minor
DDInter1559,Rabeprazole,DDInter1494,Posaconazole,Moderate
DDInter1559,Rabeprazole,DDInter1508,Prasugrel,Minor
DDInter1559,Rabeprazole,DDInter1563,Raltegravir,Minor
DDInter1590,Rifampicin,DDInter1559,Rabeprazole,Moderate
DDInter1559,Rabeprazole,DDInter1592,Rifapentine,Moderate
DDInter1559,Rabeprazole,DDInter1595,Rilpivirine,Major
DDInter1559,Rabeprazole,DDInter1600,Riociguat,Moderate
DDInter1559,Rabeprazole,DDInter1637,Salsalate,Minor
DDInter1559,Rabeprazole,DDInter1640,Saquinavir,Moderate
DDInter1559,Rabeprazole,DDInter1658,Selpercatinib,Major
DDInter1559,Rabeprazole,DDInter1830,Tolevamer,Moderate
DDInter1633,Salicylic acid (sodium),DDInter1559,Rabeprazole,Minor
DDInter1559,Rabeprazole,DDInter1698,Somapacitan,Moderate
DDInter1559,Rabeprazole,DDInter1700,Somatrem,Moderate
DDInter1699,Somatotropin,DDInter1559,Rabeprazole,Moderate
DDInter1559,Rabeprazole,DDInter1701,Sonidegib,Minor
DDInter1559,Rabeprazole,DDInter1708,St. John's Wort,Moderate
DDInter1559,Rabeprazole,DDInter1711,Stiripentol,Moderate
DDInter1713,Streptomycin,DDInter1559,Rabeprazole,Moderate
DDInter1735,Tacrolimus,DDInter1559,Rabeprazole,Moderate
DDInter1758,Telithromycin,DDInter1559,Rabeprazole,Moderate
DDInter1791,Theophylline,DDInter1559,Rabeprazole,Moderate
DDInter1559,Rabeprazole,DDInter1799,"Thyroid, porcine",Moderate
DDInter1822,Tobramycin,DDInter1559,Rabeprazole,Moderate
DDInter1836,Torasemide,DDInter1559,Rabeprazole,Moderate
DDInter1861,Trichlormethiazide,DDInter1559,Rabeprazole,Moderate
DDInter1559,Rabeprazole,DDInter1917,Vandetanib,Minor
DDInter1559,Rabeprazole,DDInter1940,Vismodegib,Minor
DDInter1946,Voriconazole,DDInter1559,Rabeprazole,Moderate
DDInter1951,Warfarin,DDInter1559,Rabeprazole,Moderate
DDInter16,Acetohexamide,DDInter21,Acitretin,Moderate
DDInter21,Acitretin,DDInter364,Chlorpropamide,Moderate
DDInter598,Doxycycline,DDInter21,Acitretin,Major
DDInter825,Glimepiride,DDInter21,Acitretin,Moderate
DDInter21,Acitretin,DDInter826,Glipizide,Moderate
DDInter21,Acitretin,DDInter831,Glyburide,Moderate
DDInter21,Acitretin,DDInter1224,Minocycline,Major
DDInter21,Acitretin,DDInter1263,Naltrexone,Moderate
DDInter21,Acitretin,DDInter1783,Tetracycline,Major
DDInter21,Acitretin,DDInter1826,Tolazamide,Moderate
DDInter21,Acitretin,DDInter1828,Tolbutamide,Moderate
DDInter1941,Vitamin A,DDInter21,Acitretin,Major
DDInter136,Atropine,DDInter22,Aclidinium,Moderate
DDInter397,Clidinium,DDInter22,Aclidinium,Moderate
DDInter543,Dicyclomine,DDInter22,Aclidinium,Moderate
DDInter22,Aclidinium,DDInter632,Eluxadoline,Moderate
DDInter834,Glycopyrronium,DDInter22,Aclidinium,Moderate
DDInter835,Glycopyrronium (topical),DDInter22,Aclidinium,Moderate
DDInter896,Hyoscyamine,DDInter22,Aclidinium,Moderate
DDInter935,"Insulin human (inhalation, rapid acting)",DDInter22,Aclidinium,Moderate
DDInter1149,Mepenzolate,DDInter22,Aclidinium,Moderate
DDInter22,Aclidinium,DDInter1180,Methscopolamine,Moderate
DDInter1535,Propantheline,DDInter22,Aclidinium,Moderate
DDInter1544,Prucalopride,DDInter22,Aclidinium,Moderate
DDInter1647,Scopolamine,DDInter22,Aclidinium,Moderate
DDInter1886,Trospium,DDInter22,Aclidinium,Moderate
DDInter776,Formoterol,DDInter36,Albiglutide,Moderate
DDInter776,Formoterol,DDInter51,Alogliptin,Moderate
DDInter168,Beclomethasone dipropionate,DDInter776,Formoterol,Minor
DDInter195,Betamethasone,DDInter776,Formoterol,Minor
DDInter776,Formoterol,DDInter246,Budesonide,Minor
DDInter776,Formoterol,DDInter280,Canagliflozin,Moderate
DDInter364,Chlorpropamide,DDInter776,Formoterol,Moderate
DDInter385,Cisapride,DDInter776,Formoterol,Moderate
DDInter776,Formoterol,DDInter393,Clarithromycin,Moderate
DDInter776,Formoterol,DDInter474,Dapagliflozin,Moderate
DDInter776,Formoterol,DDInter513,Dexamethasone,Minor
DDInter547,Diethylpropion,DDInter776,Formoterol,Moderate
DDInter581,Dolasetron,DDInter776,Formoterol,Moderate
DDInter776,Formoterol,DDInter607,Dulaglutide,Moderate
DDInter776,Formoterol,DDInter636,Empagliflozin,Moderate
DDInter776,Formoterol,DDInter650,Ephedrine,Moderate
DDInter776,Formoterol,DDInter651,Ephedrine (nasal),Moderate
DDInter652,Epinephrine,DDInter776,Formoterol,Moderate
DDInter653,Epinephrine (ophthalmic),DDInter776,Formoterol,Moderate
DDInter654,Epinephrine (topical),DDInter776,Formoterol,Moderate
DDInter776,Formoterol,DDInter669,Ertugliflozin,Moderate
DDInter776,Formoterol,DDInter706,Exenatide,Moderate
DDInter717,Fenfluramine,DDInter776,Formoterol,Moderate
DDInter825,Glimepiride,DDInter776,Formoterol,Moderate
DDInter776,Formoterol,DDInter826,Glipizide,Moderate
DDInter776,Formoterol,DDInter831,Glyburide,Moderate
DDInter840,Granisetron,DDInter776,Formoterol,Moderate
DDInter885,Hydrocortisone,DDInter776,Formoterol,Minor
DDInter776,Formoterol,DDInter929,Insulin aspart (aspart),Moderate
DDInter776,Formoterol,DDInter928,Insulin aspart (aspart protamine),Moderate
DDInter776,Formoterol,DDInter930,Insulin degludec,Moderate
DDInter776,Formoterol,DDInter931,Insulin detemir,Moderate
DDInter932,Insulin glargine,DDInter776,Formoterol,Moderate
DDInter776,Formoterol,DDInter933,Insulin glulisine,Moderate
DDInter935,"Insulin human (inhalation, rapid acting)",DDInter776,Formoterol,Moderate
DDInter936,Insulin human (isophane),DDInter776,Formoterol,Moderate
DDInter940,Insulin lispro,DDInter776,Formoterol,Moderate
DDInter941,Insulin lispro (protamine),DDInter776,Formoterol,Moderate
DDInter937,Insulin human (regular),DDInter776,Formoterol,Moderate
DDInter939,Insulin human (zinc),DDInter776,Formoterol,Moderate
DDInter938,Insulin human (zinc extended),DDInter776,Formoterol,Moderate
DDInter776,Formoterol,DDInter1055,Levofloxacin,Moderate
DDInter776,Formoterol,DDInter1070,Linagliptin,Moderate
DDInter776,Formoterol,DDInter1077,Liraglutide,Moderate
DDInter776,Formoterol,DDInter1082,Lixisenatide,Moderate
DDInter1123,Mannitol,DDInter776,Formoterol,Moderate
DDInter1126,Mazindol,DDInter776,Formoterol,Moderate
DDInter1164,Metformin,DDInter776,Formoterol,Moderate
DDInter1217,Miglitol,DDInter776,Formoterol,Moderate
DDInter1269,Nateglinide,DDInter776,Formoterol,Moderate
DDInter1342,Ondansetron,DDInter776,Formoterol,Moderate
DDInter1382,Palonosetron,DDInter776,Formoterol,Moderate
DDInter1447,Phentermine,DDInter776,Formoterol,Moderate
DDInter776,Formoterol,DDInter1472,Pioglitazone,Moderate
DDInter1513,Prednisolone,DDInter776,Formoterol,Minor
DDInter1515,Prednisone,DDInter776,Formoterol,Minor
DDInter1581,Repaglinide,DDInter776,Formoterol,Moderate
DDInter1621,Rosiglitazone,DDInter776,Formoterol,Moderate
DDInter776,Formoterol,DDInter1646,Saxagliptin,Moderate
DDInter776,Formoterol,DDInter1660,Semaglutide,Moderate
DDInter776,Formoterol,DDInter1665,Sibutramine,Moderate
DDInter776,Formoterol,DDInter1679,Sitagliptin,Moderate
DDInter776,Formoterol,DDInter1828,Tolbutamide,Moderate
DDInter1855,Triamcinolone,DDInter776,Formoterol,Minor
DDInter1881,Troglitazone,DDInter776,Formoterol,Moderate
DDInter16,Acetohexamide,DDInter1545,Pseudoephedrine,Moderate
DDInter1545,Pseudoephedrine,DDInter36,Albiglutide,Moderate
DDInter1545,Pseudoephedrine,DDInter51,Alogliptin,Moderate
DDInter124,Ascorbic acid,DDInter1545,Pseudoephedrine,Minor
DDInter136,Atropine,DDInter23,Acrivastine,Moderate
DDInter1545,Pseudoephedrine,DDInter280,Canagliflozin,Moderate
DDInter364,Chlorpropamide,DDInter1545,Pseudoephedrine,Moderate
DDInter397,Clidinium,DDInter23,Acrivastine,Moderate
DDInter1545,Pseudoephedrine,DDInter474,Dapagliflozin,Moderate
DDInter543,Dicyclomine,DDInter23,Acrivastine,Moderate
DDInter1545,Pseudoephedrine,DDInter547,Diethylpropion,Moderate
DDInter1545,Pseudoephedrine,DDInter607,Dulaglutide,Moderate
DDInter632,Eluxadoline,DDInter23,Acrivastine,Moderate
DDInter1545,Pseudoephedrine,DDInter636,Empagliflozin,Moderate
DDInter1545,Pseudoephedrine,DDInter669,Ertugliflozin,Moderate
DDInter1545,Pseudoephedrine,DDInter706,Exenatide,Moderate
DDInter825,Glimepiride,DDInter1545,Pseudoephedrine,Moderate
DDInter1545,Pseudoephedrine,DDInter826,Glipizide,Moderate
DDInter1545,Pseudoephedrine,DDInter831,Glyburide,Moderate
DDInter834,Glycopyrronium,DDInter23,Acrivastine,Moderate
DDInter835,Glycopyrronium (topical),DDInter23,Acrivastine,Moderate
DDInter896,Hyoscyamine,DDInter23,Acrivastine,Moderate
DDInter934,Insulin human,DDInter1545,Pseudoephedrine,Moderate
DDInter1545,Pseudoephedrine,DDInter929,Insulin aspart (aspart),Moderate
DDInter1545,Pseudoephedrine,DDInter928,Insulin aspart (aspart protamine),Moderate
DDInter1545,Pseudoephedrine,DDInter930,Insulin degludec,Moderate
DDInter1545,Pseudoephedrine,DDInter931,Insulin detemir,Moderate
DDInter932,Insulin glargine,DDInter1545,Pseudoephedrine,Moderate
DDInter1545,Pseudoephedrine,DDInter933,Insulin glulisine,Moderate
DDInter935,"Insulin human (inhalation, rapid acting)",DDInter1545,Pseudoephedrine,Moderate
DDInter936,Insulin human (isophane),DDInter1545,Pseudoephedrine,Moderate
DDInter940,Insulin lispro,DDInter1545,Pseudoephedrine,Moderate
DDInter941,Insulin lispro (protamine),DDInter1545,Pseudoephedrine,Moderate
DDInter937,Insulin human (regular),DDInter1545,Pseudoephedrine,Moderate
DDInter939,Insulin human (zinc),DDInter1545,Pseudoephedrine,Moderate
DDInter938,Insulin human (zinc extended),DDInter1545,Pseudoephedrine,Moderate
DDInter1545,Pseudoephedrine,DDInter1070,Linagliptin,Moderate
DDInter1545,Pseudoephedrine,DDInter1077,Liraglutide,Moderate
DDInter1545,Pseudoephedrine,DDInter1082,Lixisenatide,Moderate
DDInter1088,Loperamide,DDInter23,Acrivastine,Moderate
DDInter1126,Mazindol,DDInter1545,Pseudoephedrine,Moderate
DDInter1149,Mepenzolate,DDInter23,Acrivastine,Moderate
DDInter1164,Metformin,DDInter1545,Pseudoephedrine,Moderate
DDInter23,Acrivastine,DDInter1180,Methscopolamine,Moderate
DDInter1217,Miglitol,DDInter1545,Pseudoephedrine,Moderate
DDInter1269,Nateglinide,DDInter1545,Pseudoephedrine,Moderate
DDInter1447,Phentermine,DDInter1545,Pseudoephedrine,Moderate
DDInter1545,Pseudoephedrine,DDInter1472,Pioglitazone,Moderate
DDInter1497,Potassium chloride,DDInter23,Acrivastine,Major
DDInter1498,Potassium citrate,DDInter23,Acrivastine,Major
DDInter1545,Pseudoephedrine,DDInter1506,Pramlintide,Moderate
DDInter1535,Propantheline,DDInter23,Acrivastine,Moderate
DDInter1545,Pseudoephedrine,DDInter1581,Repaglinide,Moderate
DDInter1621,Rosiglitazone,DDInter1545,Pseudoephedrine,Moderate
DDInter1545,Pseudoephedrine,DDInter1646,Saxagliptin,Moderate
DDInter1647,Scopolamine,DDInter23,Acrivastine,Moderate
DDInter1545,Pseudoephedrine,DDInter1660,Semaglutide,Moderate
DDInter1545,Pseudoephedrine,DDInter1665,Sibutramine,Moderate
DDInter1545,Pseudoephedrine,DDInter1679,Sitagliptin,Moderate
DDInter1826,Tolazamide,DDInter1545,Pseudoephedrine,Moderate
DDInter1545,Pseudoephedrine,DDInter1828,Tolbutamide,Moderate
DDInter1881,Troglitazone,DDInter1545,Pseudoephedrine,Moderate
DDInter1886,Trospium,DDInter23,Acrivastine,Moderate
DDInter598,Doxycycline,DDInter58,Aluminum hydroxide,Moderate
DDInter598,Doxycycline,DDInter68,Amiloride,Minor
DDInter598,Doxycycline,DDInter72,Aminolevulinic acid,Major
DDInter598,Doxycycline,DDInter73,Aminolevulinic acid (topical),Moderate
DDInter598,Doxycycline,DDInter74,Aminophylline,Moderate
DDInter598,Doxycycline,DDInter81,Amobarbital,Moderate
DDInter598,Doxycycline,DDInter83,Amoxicillin,Moderate
DDInter598,Doxycycline,DDInter89,Ampicillin,Moderate
DDInter598,Doxycycline,DDInter98,Anisindione,Moderate
DDInter598,Doxycycline,DDInter126,Asparaginase Erwinia chrysanthemi,Moderate
DDInter127,Asparaginase Escherichia coli,DDInter598,Doxycycline,Moderate
DDInter598,Doxycycline,DDInter135,Atracurium,Moderate
DDInter598,Doxycycline,DDInter138,Attapulgite,Moderate
DDInter598,Doxycycline,DDInter159,Bacampicillin,Moderate
DDInter598,Doxycycline,DDInter164,Balsalazide,Moderate
DDInter598,Doxycycline,DDInter170,Bedaquiline,Moderate
DDInter598,Doxycycline,DDInter179,Bendroflumethiazide,Minor
DDInter598,Doxycycline,DDInter188,Benzthiazide,Minor
DDInter598,Doxycycline,DDInter206,Bifidobacterium longum infantis,Moderate
DDInter598,Doxycycline,DDInter213,Bismuth subcitrate potassium,Moderate
DDInter598,Doxycycline,DDInter214,Bismuth subgallate,Moderate
DDInter598,Doxycycline,DDInter215,Bismuth subsalicylate,Moderate
DDInter598,Doxycycline,DDInter248,Bumetanide,Minor
DDInter256,Butabarbital,DDInter598,Doxycycline,Moderate
DDInter257,Butalbital,DDInter598,Doxycycline,Moderate
DDInter598,Doxycycline,DDInter264,Calaspargase pegol,Moderate
DDInter598,Doxycycline,DDInter270,Calcium acetate,Moderate
DDInter598,Doxycycline,DDInter271,Calcium carbonate,Moderate
DDInter598,Doxycycline,DDInter272,Calcium chloride,Moderate
DDInter598,Doxycycline,DDInter273,Calcium citrate,Moderate
DDInter598,Doxycycline,DDInter274,Calcium glubionate anhydrous,Moderate
DDInter598,Doxycycline,DDInter275,Calcium glucoheptonate,Moderate
DDInter598,Doxycycline,DDInter276,Calcium gluconate,Moderate
DDInter598,Doxycycline,DDInter278,Calcium lactate,Moderate
DDInter598,Doxycycline,DDInter279,Calcium Phosphate,Moderate
DDInter598,Doxycycline,DDInter293,Carbamazepine,Moderate
DDInter598,Doxycycline,DDInter295,Carbenicillin,Moderate
DDInter598,Doxycycline,DDInter975,Iron,Moderate
DDInter598,Doxycycline,DDInter24,Activated charcoal,Moderate
DDInter598,Doxycycline,DDInter360,Chlorothiazide,Minor
DDInter598,Doxycycline,DDInter365,Chlorthalidone,Minor
DDInter598,Doxycycline,DDInter1932,Vibrio cholerae CVD 103-HgR strain live antigen (live),Major
DDInter598,Doxycycline,DDInter386,Cisatracurium,Moderate
DDInter598,Doxycycline,DDInter418,Cloxacillin,Moderate
DDInter598,Doxycycline,DDInter433,Colestipol,Minor
DDInter435,Collagenase clostridium histolyticum,DDInter598,Doxycycline,Moderate
DDInter458,Cyclosporine,DDInter598,Doxycycline,Minor
DDInter598,Doxycycline,DDInter540,Diclofenamide,Minor
DDInter598,Doxycycline,DDInter541,Dicloxacillin,Moderate
DDInter598,Doxycycline,DDInter542,Dicoumarol,Moderate
DDInter598,Doxycycline,DDInter544,Didanosine,Minor
DDInter598,Doxycycline,DDInter553,Digitoxin,Moderate
DDInter598,Doxycycline,DDInter554,Digoxin,Moderate
DDInter598,Doxycycline,DDInter557,Dihydroergotamine,Moderate
DDInter598,Doxycycline,DDInter664,Ergometrine,Moderate
DDInter598,Doxycycline,DDInter665,Ergotamine,Moderate
DDInter598,Doxycycline,DDInter686,Etacrynic acid,Minor
DDInter598,Doxycycline,DDInter690,Ethanol,Minor
DDInter598,Doxycycline,DDInter692,Ethinylestradiol,Moderate
DDInter598,Doxycycline,DDInter696,Ethotoin,Moderate
DDInter598,Doxycycline,DDInter1785,Tetraferric tricitrate decahydrate,Moderate
DDInter598,Doxycycline,DDInter725,Ferrous fumarate,Moderate
DDInter598,Doxycycline,DDInter726,Ferrous gluconate,Moderate
DDInter598,Doxycycline,DDInter727,Ferrous sulfate anhydrous,Moderate
DDInter598,Doxycycline,DDInter783,Fosphenytoin,Moderate
DDInter598,Doxycycline,DDInter790,Furosemide,Minor
DDInter598,Doxycycline,DDInter832,Glycerin,Minor
DDInter598,Doxycycline,DDInter883,Hydrochlorothiazide,Minor
DDInter598,Doxycycline,DDInter889,Hydroflumethiazide,Minor
DDInter598,Doxycycline,DDInter905,Idelalisib,Moderate
DDInter598,Doxycycline,DDInter916,Indapamide,Minor
DDInter598,Doxycycline,DDInter918,Indium In-111 oxyquinoline,Moderate
DDInter934,Insulin human,DDInter598,Doxycycline,Moderate
DDInter598,Doxycycline,DDInter929,Insulin aspart (aspart),Moderate
DDInter598,Doxycycline,DDInter928,Insulin aspart (aspart protamine),Moderate
DDInter598,Doxycycline,DDInter930,Insulin degludec,Moderate
DDInter598,Doxycycline,DDInter931,Insulin detemir,Moderate
DDInter932,Insulin glargine,DDInter598,Doxycycline,Moderate
DDInter598,Doxycycline,DDInter933,Insulin glulisine,Moderate
DDInter935,"Insulin human (inhalation, rapid acting)",DDInter598,Doxycycline,Moderate
DDInter936,Insulin human (isophane),DDInter598,Doxycycline,Moderate
DDInter940,Insulin lispro,DDInter598,Doxycycline,Moderate
DDInter941,Insulin lispro (protamine),DDInter598,Doxycycline,Moderate
DDInter937,Insulin human (regular),DDInter598,Doxycycline,Moderate
DDInter939,Insulin human (zinc),DDInter598,Doxycycline,Moderate
DDInter938,Insulin human (zinc extended),DDInter598,Doxycycline,Moderate
DDInter598,Doxycycline,DDInter977,Iron protein succinylate,Moderate
DDInter598,Doxycycline,DDInter988,Isosorbide,Minor
DDInter598,Doxycycline,DDInter1005,Kaolin,Moderate
DDInter598,Doxycycline,DDInter1017,Lactobacillus acidophilus,Moderate
DDInter598,Doxycycline,DDInter1023,Lanthanum carbonate,Moderate
DDInter598,Doxycycline,DDInter1081,Lithium carbonate,Minor
DDInter598,Doxycycline,DDInter1085,Lomitapide,Major
DDInter598,Doxycycline,DDInter1112,Magaldrate,Moderate
DDInter598,Doxycycline,DDInter1113,Magnesium carbonate,Moderate
DDInter598,Doxycycline,DDInter1114,Magnesium chloride,Moderate
DDInter598,Doxycycline,DDInter1115,Magnesium citrate,Moderate
DDInter598,Doxycycline,DDInter1116,Magnesium gluconate,Moderate
DDInter598,Doxycycline,DDInter1117,Magnesium glycinate,Moderate
DDInter598,Doxycycline,DDInter1118,Magnesium hydroxide,Moderate
DDInter598,Doxycycline,DDInter1119,Magnesium oxide,Moderate
DDInter598,Doxycycline,DDInter1120,Magnesium sulfate,Moderate
DDInter598,Doxycycline,DDInter1123,Mannitol,Minor
DDInter598,Doxycycline,DDInter1152,Mephenytoin,Moderate
DDInter598,Doxycycline,DDInter1190,Methylphenobarbital,Moderate
DDInter598,Doxycycline,DDInter1167,Methazolamide,Minor
DDInter598,Doxycycline,DDInter1195,Meticillin,Moderate
DDInter598,Doxycycline,DDInter1173,Methohexital,Moderate
DDInter598,Doxycycline,DDInter1174,Methotrexate,Moderate
DDInter598,Doxycycline,DDInter1177,Methoxsalen,Moderate
DDInter598,Doxycycline,DDInter1179,Methoxyflurane,Major
DDInter598,Doxycycline,DDInter1182,Methyl aminolevulinate (topical),Moderate
DDInter598,Doxycycline,DDInter1187,Methylergometrine,Moderate
DDInter1194,Methysergide,DDInter598,Doxycycline,Moderate
DDInter598,Doxycycline,DDInter1199,Metolazone,Minor
DDInter598,Doxycycline,DDInter1207,Mezlocillin,Moderate
DDInter598,Doxycycline,DDInter1228,Mipomersen,Major
DDInter598,Doxycycline,DDInter1235,Mivacurium,Moderate
DDInter598,Doxycycline,DDInter1251,Mycophenolate mofetil,Moderate
DDInter598,Doxycycline,DDInter1252,Mycophenolic acid,Moderate
DDInter598,Doxycycline,DDInter1256,Nafcillin,Moderate
DDInter598,Doxycycline,DDInter1354,Oxacillin,Moderate
DDInter598,Doxycycline,DDInter1363,Oxtriphylline,Moderate
DDInter598,Doxycycline,DDInter1385,Pancuronium,Moderate
DDInter1404,Pegaspargase,DDInter598,Doxycycline,Moderate
DDInter598,Doxycycline,DDInter189,Benzylpenicillin,Moderate
DDInter598,Doxycycline,DDInter190,Benzylpenicillin (potassium),Moderate
DDInter598,Doxycycline,DDInter191,Benzylpenicillin (sodium),Moderate
DDInter598,Doxycycline,DDInter1445,Phenoxymethylpenicillin,Moderate
DDInter598,Doxycycline,DDInter1423,Pentobarbital,Moderate
DDInter598,Doxycycline,DDInter1435,Pexidartinib,Major
DDInter598,Doxycycline,DDInter1442,Phenobarbital,Moderate
DDInter1460,Phenytoin,DDInter598,Doxycycline,Moderate
DDInter598,Doxycycline,DDInter1474,Piperacillin,Moderate
DDInter598,Doxycycline,DDInter1490,Polythiazide,Minor
DDInter598,Doxycycline,DDInter1493,Porfimer sodium,Moderate
DDInter598,Doxycycline,DDInter1498,Potassium citrate,Moderate
DDInter598,Doxycycline,DDInter1521,Primidone,Moderate
DDInter598,Doxycycline,DDInter1554,Quinapril,Moderate
DDInter598,Doxycycline,DDInter1557,Quinine,Minor
DDInter598,Doxycycline,DDInter1569,Ranitidine (bismuth citrate),Moderate
DDInter598,Doxycycline,DDInter1578,Remdesivir,Moderate
DDInter598,Doxycycline,DDInter1589,Rifabutin,Moderate
DDInter598,Doxycycline,DDInter1590,Rifampicin,Moderate
DDInter598,Doxycycline,DDInter1612,Rocuronium,Moderate
DDInter598,Doxycycline,DDInter1650,Secobarbital,Moderate
DDInter598,Doxycycline,DDInter1681,Sodium acetate,Moderate
DDInter598,Doxycycline,DDInter1683,Sodium bicarbonate,Moderate
DDInter598,Doxycycline,DDInter1686,Sodium citrate,Moderate
DDInter598,Doxycycline,DDInter1015,Lactic acid,Moderate
DDInter598,Doxycycline,DDInter1707,Spironolactone,Minor
DDInter1716,Succinylcholine,DDInter598,Doxycycline,Moderate
DDInter598,Doxycycline,DDInter1717,Sucralfate,Moderate
DDInter598,Doxycycline,DDInter978,Iron sucrose,Moderate
DDInter598,Doxycycline,DDInter1791,Theophylline,Moderate
DDInter598,Doxycycline,DDInter1795,Thiopental,Moderate
DDInter598,Doxycycline,DDInter1803,Ticarcillin,Moderate
DDInter1836,Torasemide,DDInter598,Doxycycline,Minor
DDInter598,Doxycycline,DDInter1853,Tretinoin,Major
DDInter598,Doxycycline,DDInter1859,Triamterene,Minor
DDInter598,Doxycycline,DDInter1861,Trichlormethiazide,Minor
DDInter598,Doxycycline,DDInter1883,Tromethamine,Moderate
DDInter598,Doxycycline,DDInter1894,Typhoid vaccine (live),Major
DDInter598,Doxycycline,DDInter1922,Vecuronium,Moderate
DDInter598,Doxycycline,DDInter1929,Verteporfin,Moderate
DDInter1941,Vitamin A,DDInter598,Doxycycline,Major
DDInter598,Doxycycline,DDInter1951,Warfarin,Moderate
DDInter16,Acetohexamide,DDInter1010,Ketorolac,Moderate
DDInter1010,Ketorolac,DDInter20,Acetylsalicylic acid,Major
DDInter1010,Ketorolac,DDInter164,Balsalazide,Moderate
DDInter195,Betamethasone,DDInter1010,Ketorolac,Moderate
DDInter1010,Ketorolac,DDInter246,Budesonide,Moderate
DDInter1010,Ketorolac,DDInter364,Chlorpropamide,Moderate
DDInter1010,Ketorolac,DDInter380,Cimetidine,Minor
DDInter1010,Ketorolac,DDInter513,Dexamethasone,Moderate
DDInter1010,Ketorolac,DDInter518,Dexfenfluramine,Moderate
DDInter1010,Ketorolac,DDInter706,Exenatide,Moderate
DDInter1010,Ketorolac,DDInter717,Fenfluramine,Moderate
DDInter825,Glimepiride,DDInter1010,Ketorolac,Moderate
DDInter1010,Ketorolac,DDInter826,Glipizide,Moderate
DDInter1010,Ketorolac,DDInter831,Glyburide,Moderate
DDInter1010,Ketorolac,DDInter885,Hydrocortisone,Moderate
DDInter1010,Ketorolac,DDInter1004,Kanamycin,Moderate
DDInter1010,Ketorolac,DDInter1055,Levofloxacin,Moderate
DDInter1010,Ketorolac,DDInter1069,Linaclotide,Minor
DDInter1158,Mesalazine,DDInter1010,Ketorolac,Moderate
DDInter1164,Metformin,DDInter1010,Ketorolac,Moderate
DDInter1010,Ketorolac,DDInter1263,Naltrexone,Moderate
DDInter1010,Ketorolac,DDInter1269,Nateglinide,Moderate
DDInter1010,Ketorolac,DDInter1309,Nizatidine,Minor
DDInter1010,Ketorolac,DDInter1334,Olsalazine,Moderate
DDInter1010,Ketorolac,DDInter1487,Polyethylene glycol (3350 with electrolytes),Moderate
DDInter1010,Ketorolac,DDInter1496,Potassium bicarbonate,Moderate
DDInter1010,Ketorolac,DDInter1497,Potassium chloride,Moderate
DDInter1010,Ketorolac,DDInter1498,Potassium citrate,Moderate
DDInter1010,Ketorolac,DDInter1499,Potassium gluconate,Moderate
DDInter1010,Ketorolac,DDInter1513,Prednisolone,Moderate
DDInter1010,Ketorolac,DDInter1515,Prednisone,Moderate
DDInter1010,Ketorolac,DDInter1569,Ranitidine (bismuth citrate),Minor
DDInter1010,Ketorolac,DDInter1581,Repaglinide,Moderate
DDInter1010,Ketorolac,DDInter1665,Sibutramine,Moderate
DDInter1010,Ketorolac,DDInter1713,Streptomycin,Moderate
DDInter1010,Ketorolac,DDInter1725,Sulfasalazine,Moderate
DDInter1010,Ketorolac,DDInter1826,Tolazamide,Moderate
DDInter1010,Ketorolac,DDInter1828,Tolbutamide,Moderate
DDInter1010,Ketorolac,DDInter1855,Triamcinolone,Moderate
DDInter1010,Ketorolac,DDInter1857,Triamcinolone (ophthalmic),Moderate
DDInter1010,Ketorolac,DDInter1916,Vancomycin,Moderate
DDInter1011,Ketorolac (ophthalmic),DDInter20,Acetylsalicylic acid,Moderate
DDInter1011,Ketorolac (ophthalmic),DDInter515,Dexamethasone (ophthalmic),Moderate
DDInter1011,Ketorolac (ophthalmic),DDInter1514,Prednisolone (ophthalmic),Moderate
DDInter25,Acyclovir,DDInter164,Balsalazide,Moderate
DDInter1158,Mesalazine,DDInter25,Acyclovir,Moderate
DDInter25,Acyclovir,DDInter1334,Olsalazine,Moderate
DDInter25,Acyclovir,DDInter1725,Sulfasalazine,Moderate
DDInter1886,Trospium,DDInter25,Acyclovir,Moderate
DDInter195,Betamethasone,DDInter415,Clostridium tetani toxoid antigen (formaldehyde inactivated),Moderate
DDInter246,Budesonide,DDInter415,Clostridium tetani toxoid antigen (formaldehyde inactivated),Moderate
DDInter513,Dexamethasone,DDInter415,Clostridium tetani toxoid antigen (formaldehyde inactivated),Moderate
DDInter885,Hydrocortisone,DDInter415,Clostridium tetani toxoid antigen (formaldehyde inactivated),Moderate
DDInter1513,Prednisolone,DDInter415,Clostridium tetani toxoid antigen (formaldehyde inactivated),Moderate
DDInter1515,Prednisone,DDInter415,Clostridium tetani toxoid antigen (formaldehyde inactivated),Moderate
DDInter1855,Triamcinolone,DDInter415,Clostridium tetani toxoid antigen (formaldehyde inactivated),Moderate
DDInter1857,Triamcinolone (ophthalmic),DDInter415,Clostridium tetani toxoid antigen (formaldehyde inactivated),Moderate
DDInter112,Aprepitant,DDInter1291,Nifedipine,Moderate
DDInter20,Acetylsalicylic acid,DDInter1291,Nifedipine,Moderate
DDInter195,Betamethasone,DDInter1291,Nifedipine,Moderate
DDInter1291,Nifedipine,DDInter246,Budesonide,Moderate
DDInter1291,Nifedipine,DDInter247,Budesonide (nasal),Moderate
DDInter1291,Nifedipine,DDInter252,Bupropion,Moderate
DDInter270,Calcium acetate,DDInter1291,Nifedipine,Moderate
DDInter1291,Nifedipine,DDInter271,Calcium carbonate,Moderate
DDInter1291,Nifedipine,DDInter272,Calcium chloride,Moderate
DDInter1291,Nifedipine,DDInter273,Calcium citrate,Moderate
DDInter1291,Nifedipine,DDInter274,Calcium glubionate anhydrous,Moderate
DDInter275,Calcium glucoheptonate,DDInter1291,Nifedipine,Moderate
DDInter1291,Nifedipine,DDInter276,Calcium gluconate,Moderate
DDInter1291,Nifedipine,DDInter278,Calcium lactate,Moderate
DDInter1291,Nifedipine,DDInter279,Calcium Phosphate,Moderate
DDInter1291,Nifedipine,DDInter280,Canagliflozin,Moderate
DDInter380,Cimetidine,DDInter1291,Nifedipine,Moderate
DDInter385,Cisapride,DDInter1291,Nifedipine,Major
DDInter1291,Nifedipine,DDInter393,Clarithromycin,Moderate
DDInter416,Clotrimazole,DDInter1291,Nifedipine,Moderate
DDInter1291,Nifedipine,DDInter474,Dapagliflozin,Moderate
DDInter1291,Nifedipine,DDInter513,Dexamethasone,Moderate
DDInter581,Dolasetron,DDInter1291,Nifedipine,Major
DDInter601,Dronabinol,DDInter1291,Nifedipine,Moderate
DDInter1291,Nifedipine,DDInter629,Eliglustat,Moderate
DDInter1291,Nifedipine,DDInter632,Eluxadoline,Moderate
DDInter1291,Nifedipine,DDInter636,Empagliflozin,Moderate
DDInter1291,Nifedipine,DDInter669,Ertugliflozin,Moderate
DDInter1291,Nifedipine,DDInter734,Fidaxomicin,Minor
DDInter885,Hydrocortisone,DDInter1291,Nifedipine,Moderate
DDInter1120,Magnesium sulfate,DDInter1291,Nifedipine,Moderate
DDInter1164,Metformin,DDInter1291,Nifedipine,Moderate
DDInter1209,Miconazole,DDInter1291,Nifedipine,Moderate
DDInter1244,Morphine,DDInter1291,Nifedipine,Moderate
DDInter1253,Nabilone,DDInter1291,Nifedipine,Moderate
DDInter1291,Nifedipine,DDInter1258,Naldemedine,Moderate
DDInter1291,Nifedipine,DDInter1261,Naloxegol,Minor
DDInter1300,Nitisinone,DDInter1291,Nifedipine,Moderate
DDInter1340,Omeprazole,DDInter1291,Nifedipine,Minor
DDInter1291,Nifedipine,DDInter1344,Opium,Moderate
DDInter1291,Nifedipine,DDInter1472,Pioglitazone,Minor
DDInter1513,Prednisolone,DDInter1291,Nifedipine,Moderate
DDInter1515,Prednisone,DDInter1291,Nifedipine,Moderate
DDInter1291,Nifedipine,DDInter1544,Prucalopride,Minor
DDInter1581,Repaglinide,DDInter1291,Nifedipine,Moderate
DDInter1291,Nifedipine,DDInter1646,Saxagliptin,Moderate
DDInter1675,Simvastatin,DDInter1291,Nifedipine,Moderate
DDInter1855,Triamcinolone,DDInter1291,Nifedipine,Moderate
DDInter1881,Troglitazone,DDInter1291,Nifedipine,Moderate
DDInter27,Adalimumab,DDInter195,Betamethasone,Major
DDInter27,Adalimumab,DDInter246,Budesonide,Major
DDInter27,Adalimumab,DDInter513,Dexamethasone,Major
DDInter27,Adalimumab,DDInter885,Hydrocortisone,Major
DDInter27,Adalimumab,DDInter1202,Metronidazole,Moderate
DDInter27,Adalimumab,DDInter1513,Prednisolone,Major
DDInter27,Adalimumab,DDInter1515,Prednisone,Major
DDInter27,Adalimumab,DDInter1622,Rosuvastatin,Moderate
DDInter27,Adalimumab,DDInter1675,Simvastatin,Moderate
DDInter27,Adalimumab,DDInter1811,Tinidazole,Moderate
DDInter27,Adalimumab,DDInter1855,Triamcinolone,Major
DDInter27,Adalimumab,DDInter1857,Triamcinolone (ophthalmic),Major
DDInter27,Adalimumab,DDInter1963,Zinc acetate,Minor
DDInter27,Adalimumab,DDInter1965,Zinc gluconate,Minor
DDInter27,Adalimumab,DDInter1966,Zinc sulfate,Minor
DDInter385,Cisapride,DDInter31,Adenosine,Major
DDInter31,Adenosine,DDInter393,Clarithromycin,Moderate
DDInter31,Adenosine,DDInter581,Dolasetron,Major
DDInter31,Adenosine,DDInter840,Granisetron,Moderate
DDInter31,Adenosine,DDInter1055,Levofloxacin,Moderate
DDInter31,Adenosine,DDInter1342,Ondansetron,Moderate
DDInter1382,Palonosetron,DDInter31,Adenosine,Moderate
DDInter31,Adenosine,DDInter1389,Papaverine,Major
DDInter1189,Methylphenidate,DDInter252,Bupropion,Major
DDInter1189,Methylphenidate,DDInter650,Ephedrine,Moderate
DDInter1189,Methylphenidate,DDInter652,Epinephrine,Moderate
DDInter1189,Methylphenidate,DDInter1487,Polyethylene glycol (3350 with electrolytes),Moderate
DDInter20,Acetylsalicylic acid,DDInter1848,Trastuzumab emtansine,Major
DDInter393,Clarithromycin,DDInter1848,Trastuzumab emtansine,Moderate
DDInter518,Dexfenfluramine,DDInter1848,Trastuzumab emtansine,Moderate
DDInter717,Fenfluramine,DDInter1848,Trastuzumab emtansine,Moderate
DDInter1202,Metronidazole,DDInter1848,Trastuzumab emtansine,Moderate
DDInter1263,Naltrexone,DDInter1848,Trastuzumab emtansine,Moderate
DDInter1622,Rosuvastatin,DDInter1848,Trastuzumab emtansine,Moderate
DDInter1665,Sibutramine,DDInter1848,Trastuzumab emtansine,Moderate
DDInter1675,Simvastatin,DDInter1848,Trastuzumab emtansine,Moderate
DDInter1811,Tinidazole,DDInter1848,Trastuzumab emtansine,Moderate
DDInter16,Acetohexamide,DDInter652,Epinephrine,Moderate
DDInter652,Epinephrine,DDInter36,Albiglutide,Moderate
DDInter652,Epinephrine,DDInter1632,Salbutamol,Moderate
DDInter652,Epinephrine,DDInter51,Alogliptin,Moderate
DDInter652,Epinephrine,DDInter77,Amisulpride,Moderate
DDInter78,Amitriptyline,DDInter652,Epinephrine,Major
DDInter82,Amoxapine,DDInter652,Epinephrine,Major
DDInter84,Amphetamine,DDInter652,Epinephrine,Moderate
DDInter652,Epinephrine,DDInter116,Arformoterol,Moderate
DDInter652,Epinephrine,DDInter118,Aripiprazole,Moderate
DDInter652,Epinephrine,DDInter125,Asenapine,Moderate
DDInter130,Atenolol,DDInter652,Epinephrine,Moderate
DDInter132,Atomoxetine,DDInter652,Epinephrine,Moderate
DDInter652,Epinephrine,DDInter187,Benzphetamine,Moderate
DDInter197,Betaxolol,DDInter652,Epinephrine,Moderate
DDInter198,Betaxolol (ophthalmic),DDInter652,Epinephrine,Moderate
DDInter216,Bisoprolol,DDInter652,Epinephrine,Moderate
DDInter652,Epinephrine,DDInter231,Brexpiprazole,Moderate
DDInter652,Epinephrine,DDInter280,Canagliflozin,Moderate
DDInter303,Carteolol,DDInter652,Epinephrine,Major
DDInter304,Carteolol (ophthalmic),DDInter652,Epinephrine,Major
DDInter652,Epinephrine,DDInter305,Carvedilol,Major
DDInter363,Chlorpromazine,DDInter652,Epinephrine,Moderate
DDInter652,Epinephrine,DDInter364,Chlorpropamide,Moderate
DDInter652,Epinephrine,DDInter410,Clomipramine,Major
DDInter419,Clozapine,DDInter652,Epinephrine,Moderate
DDInter652,Epinephrine,DDInter426,Cocaine (nasal),Major
DDInter652,Epinephrine,DDInter427,Cocaine (topical),Major
DDInter652,Epinephrine,DDInter474,Dapagliflozin,Moderate
DDInter652,Epinephrine,DDInter502,Deserpidine,Moderate
DDInter652,Epinephrine,DDInter503,Desflurane,Major
DDInter652,Epinephrine,DDInter504,Desipramine,Major
DDInter507,Desmopressin,DDInter652,Epinephrine,Moderate
DDInter652,Epinephrine,DDInter511,Desvenlafaxine,Moderate
DDInter652,Epinephrine,DDInter521,Dexmethylphenidate,Moderate
DDInter652,Epinephrine,DDInter526,Dextroamphetamine,Moderate
DDInter652,Epinephrine,DDInter547,Diethylpropion,Moderate
DDInter652,Epinephrine,DDInter553,Digitoxin,Moderate
DDInter554,Digoxin,DDInter652,Epinephrine,Moderate
DDInter557,Dihydroergotamine,DDInter652,Epinephrine,Major
DDInter591,Doxapram,DDInter652,Epinephrine,Moderate
DDInter652,Epinephrine,DDInter593,Doxepin,Major
DDInter603,Droperidol,DDInter652,Epinephrine,Moderate
DDInter652,Epinephrine,DDInter606,Droxidopa,Moderate
DDInter652,Epinephrine,DDInter607,Dulaglutide,Moderate
DDInter608,Duloxetine,DDInter652,Epinephrine,Moderate
DDInter652,Epinephrine,DDInter636,Empagliflozin,Moderate
DDInter641,Enflurane,DDInter652,Epinephrine,Major
DDInter646,Entacapone,DDInter652,Epinephrine,Moderate
DDInter652,Epinephrine,DDInter657,Epoprostenol,Moderate
DDInter652,Epinephrine,DDInter664,Ergometrine,Major
DDInter652,Epinephrine,DDInter665,Ergotamine,Major
DDInter652,Epinephrine,DDInter669,Ertugliflozin,Moderate
DDInter675,Esmolol,DDInter652,Epinephrine,Moderate
DDInter652,Epinephrine,DDInter706,Exenatide,Moderate
DDInter760,Fluphenazine,DDInter652,Epinephrine,Moderate
DDInter825,Glimepiride,DDInter652,Epinephrine,Moderate
DDInter652,Epinephrine,DDInter826,Glipizide,Moderate
DDInter652,Epinephrine,DDInter831,Glyburide,Moderate
DDInter845,Guanadrel,DDInter652,Epinephrine,Moderate
DDInter652,Epinephrine,DDInter846,Guanethidine,Moderate
DDInter853,Haloperidol,DDInter652,Epinephrine,Moderate
DDInter652,Epinephrine,DDInter854,Halothane,Major
DDInter652,Epinephrine,DDInter907,Iloperidone,Moderate
DDInter652,Epinephrine,DDInter908,Iloprost,Moderate
DDInter912,Imipramine,DDInter652,Epinephrine,Major
DDInter652,Epinephrine,DDInter915,Indacaterol,Moderate
DDInter934,Insulin human,DDInter652,Epinephrine,Moderate
DDInter652,Epinephrine,DDInter929,Insulin aspart (aspart),Moderate
DDInter652,Epinephrine,DDInter928,Insulin aspart (aspart protamine),Moderate
DDInter652,Epinephrine,DDInter930,Insulin degludec,Moderate
DDInter652,Epinephrine,DDInter931,Insulin detemir,Moderate
DDInter932,Insulin glargine,DDInter652,Epinephrine,Moderate
DDInter652,Epinephrine,DDInter933,Insulin glulisine,Moderate
DDInter935,"Insulin human (inhalation, rapid acting)",DDInter652,Epinephrine,Moderate
DDInter936,Insulin human (isophane),DDInter652,Epinephrine,Moderate
DDInter940,Insulin lispro,DDInter652,Epinephrine,Moderate
DDInter941,Insulin lispro (protamine),DDInter652,Epinephrine,Moderate
DDInter937,Insulin human (regular),DDInter652,Epinephrine,Moderate
DDInter939,Insulin human (zinc),DDInter652,Epinephrine,Moderate
DDInter938,Insulin human (zinc extended),DDInter652,Epinephrine,Moderate
DDInter652,Epinephrine,DDInter981,Isocarboxazid,Moderate
DDInter982,Isoetharine,DDInter652,Epinephrine,Moderate
DDInter652,Epinephrine,DDInter983,Isoflurane,Major
DDInter652,Epinephrine,DDInter987,Isoprenaline,Moderate
DDInter1013,Labetalol,DDInter652,Epinephrine,Major
DDInter652,Epinephrine,DDInter1063,Levosalbutamol,Moderate
DDInter652,Epinephrine,DDInter1048,Levobetaxolol (ophthalmic),Moderate
DDInter652,Epinephrine,DDInter1050,Levobunolol (ophthalmic),Major
DDInter652,Epinephrine,DDInter1054,Levodopa,Moderate
DDInter652,Epinephrine,DDInter1059,Levomilnacipran,Moderate
DDInter1064,Levothyroxine,DDInter652,Epinephrine,Moderate
DDInter652,Epinephrine,DDInter1070,Linagliptin,Moderate
DDInter1073,Linezolid,DDInter652,Epinephrine,Major
DDInter1074,Liothyronine,DDInter652,Epinephrine,Moderate
DDInter652,Epinephrine,DDInter1077,Liraglutide,Moderate
DDInter652,Epinephrine,DDInter1078,Lisdexamfetamine,Moderate
DDInter652,Epinephrine,DDInter1081,Lithium carbonate,Minor
DDInter652,Epinephrine,DDInter1082,Lixisenatide,Moderate
DDInter1099,Loxapine,DDInter652,Epinephrine,Moderate
DDInter652,Epinephrine,DDInter1102,Lumateperone,Moderate
DDInter652,Epinephrine,DDInter1104,Lurasidone,Moderate
DDInter1126,Mazindol,DDInter652,Epinephrine,Moderate
DDInter1130,Mecamylamine,DDInter652,Epinephrine,Moderate
DDInter652,Epinephrine,DDInter1159,Mesoridazine,Moderate
DDInter652,Epinephrine,DDInter1346,Orciprenaline,Moderate
DDInter1164,Metformin,DDInter652,Epinephrine,Moderate
DDInter652,Epinephrine,DDInter1161,Metamfetamine,Moderate
DDInter652,Epinephrine,DDInter1168,Methdilazine,Moderate
DDInter652,Epinephrine,DDInter1175,Methotrimeprazine,Moderate
DDInter652,Epinephrine,DDInter1179,Methoxyflurane,Major
DDInter652,Epinephrine,DDInter1185,Methyldopa,Moderate
DDInter652,Epinephrine,DDInter1186,Methylene blue,Moderate
DDInter1187,Methylergometrine,DDInter652,Epinephrine,Major
DDInter1194,Methysergide,DDInter652,Epinephrine,Major
DDInter652,Epinephrine,DDInter1196,Metipranolol (ophthalmic),Major
DDInter1200,Metoprolol,DDInter652,Epinephrine,Moderate
DDInter1213,Midodrine,DDInter652,Epinephrine,Moderate
DDInter1217,Miglitol,DDInter652,Epinephrine,Moderate
DDInter652,Epinephrine,DDInter1220,Milnacipran,Moderate
DDInter652,Epinephrine,DDInter1239,Molindone,Moderate
DDInter652,Epinephrine,DDInter1255,Nadolol,Major
DDInter652,Epinephrine,DDInter1269,Nateglinide,Moderate
DDInter652,Epinephrine,DDInter1271,Nebivolol,Moderate
DDInter1316,Nortriptyline,DDInter652,Epinephrine,Major
DDInter1326,Olanzapine,DDInter652,Epinephrine,Moderate
DDInter652,Epinephrine,DDInter1331,Olodaterol,Moderate
DDInter652,Epinephrine,DDInter1343,Opicapone,Moderate
DDInter1375,Oxytocin,DDInter652,Epinephrine,Moderate
DDInter652,Epinephrine,DDInter1376,Ozanimod,Moderate
DDInter652,Epinephrine,DDInter1381,Paliperidone,Moderate
DDInter652,Epinephrine,DDInter1417,Penbutolol,Major
DDInter652,Epinephrine,DDInter1432,Perphenazine,Moderate
DDInter652,Epinephrine,DDInter1439,Phendimetrazine,Moderate
DDInter652,Epinephrine,DDInter1440,Phenelzine,Moderate
DDInter1447,Phentermine,DDInter652,Epinephrine,Moderate
DDInter1458,Phenylpropanolamine,DDInter652,Epinephrine,Moderate
DDInter652,Epinephrine,DDInter1470,Pimozide,Moderate
DDInter652,Epinephrine,DDInter1471,Pindolol,Major
DDInter652,Epinephrine,DDInter1472,Pioglitazone,Moderate
DDInter652,Epinephrine,DDInter1476,Pirbuterol,Moderate
DDInter652,Epinephrine,DDInter1506,Pramlintide,Moderate
DDInter652,Epinephrine,DDInter1526,Procarbazine,Moderate
DDInter1527,Prochlorperazine,DDInter652,Epinephrine,Moderate
DDInter1532,Promazine,DDInter652,Epinephrine,Moderate
DDInter652,Epinephrine,DDInter1533,Promethazine,Moderate
DDInter652,Epinephrine,DDInter1537,Propiomazine,Moderate
DDInter1539,Propranolol,DDInter652,Epinephrine,Major
DDInter1543,Protriptyline,DDInter652,Epinephrine,Major
DDInter652,Epinephrine,DDInter1553,Quetiapine,Moderate
DDInter652,Epinephrine,DDInter1560,Racepinephrine,Moderate
DDInter652,Epinephrine,DDInter1572,Rasagiline,Moderate
DDInter652,Epinephrine,DDInter1581,Repaglinide,Moderate
DDInter1582,Reserpine,DDInter652,Epinephrine,Moderate
DDInter652,Epinephrine,DDInter1605,Risperidone,Moderate
DDInter652,Epinephrine,DDInter1606,Ritodrine,Moderate
DDInter1621,Rosiglitazone,DDInter652,Epinephrine,Moderate
DDInter652,Epinephrine,DDInter1635,Salmeterol,Moderate
DDInter652,Epinephrine,DDInter1646,Saxagliptin,Moderate
DDInter652,Epinephrine,DDInter1653,Selegiline,Moderate
DDInter652,Epinephrine,DDInter1656,Selexipag,Moderate
DDInter652,Epinephrine,DDInter1660,Semaglutide,Moderate
DDInter652,Epinephrine,DDInter1664,Sevoflurane,Major
DDInter652,Epinephrine,DDInter1665,Sibutramine,Moderate
DDInter652,Epinephrine,DDInter1679,Sitagliptin,Moderate
DDInter652,Epinephrine,DDInter1697,Solriamfetol,Moderate
DDInter1704,Sotalol,DDInter652,Epinephrine,Major
DDInter652,Epinephrine,DDInter1746,Tapentadol,Moderate
DDInter652,Epinephrine,DDInter1769,Terbutaline,Moderate
DDInter1793,Thiethylperazine,DDInter652,Epinephrine,Moderate
DDInter652,Epinephrine,DDInter1796,Thioridazine,Moderate
DDInter652,Epinephrine,DDInter1798,Thiothixene,Moderate
DDInter652,Epinephrine,DDInter1799,"Thyroid, porcine",Moderate
DDInter1809,Timolol,DDInter652,Epinephrine,Major
DDInter1810,Timolol (ophthalmic),DDInter652,Epinephrine,Major
DDInter652,Epinephrine,DDInter1826,Tolazamide,Moderate
DDInter652,Epinephrine,DDInter1828,Tolbutamide,Moderate
DDInter1829,Tolcapone,DDInter652,Epinephrine,Moderate
DDInter652,Epinephrine,DDInter1845,Tranylcypromine,Moderate
DDInter1852,Treprostinil,DDInter652,Epinephrine,Moderate
DDInter652,Epinephrine,DDInter1866,Trifluoperazine,Moderate
DDInter1867,Triflupromazine,DDInter652,Epinephrine,Moderate
DDInter652,Epinephrine,DDInter45,Alimemazine,Moderate
DDInter652,Epinephrine,DDInter1876,Trimipramine,Major
DDInter1881,Troglitazone,DDInter652,Epinephrine,Moderate
DDInter1921,Vasopressin,DDInter652,Epinephrine,Moderate
DDInter1927,Venlafaxine,DDInter652,Epinephrine,Moderate
DDInter1967,Ziprasidone,DDInter652,Epinephrine,Moderate
DDInter102,"Antihemophilic factor, human recombinant",DDInter1411,Pegvaliase,Moderate
DDInter16,Acetohexamide,DDInter900,Ibuprofen,Moderate
DDInter112,Aprepitant,DDInter900,Ibuprofen,Moderate
DDInter20,Acetylsalicylic acid,DDInter900,Ibuprofen,Major
DDInter164,Balsalazide,DDInter900,Ibuprofen,Moderate
DDInter195,Betamethasone,DDInter900,Ibuprofen,Moderate
DDInter900,Ibuprofen,DDInter246,Budesonide,Moderate
DDInter364,Chlorpropamide,DDInter900,Ibuprofen,Moderate
DDInter380,Cimetidine,DDInter900,Ibuprofen,Minor
DDInter900,Ibuprofen,DDInter513,Dexamethasone,Moderate
DDInter900,Ibuprofen,DDInter518,Dexfenfluramine,Moderate
DDInter900,Ibuprofen,DDInter706,Exenatide,Moderate
DDInter717,Fenfluramine,DDInter900,Ibuprofen,Moderate
DDInter825,Glimepiride,DDInter900,Ibuprofen,Moderate
DDInter900,Ibuprofen,DDInter826,Glipizide,Moderate
DDInter831,Glyburide,DDInter900,Ibuprofen,Moderate
DDInter885,Hydrocortisone,DDInter900,Ibuprofen,Moderate
DDInter900,Ibuprofen,DDInter1004,Kanamycin,Moderate
DDInter900,Ibuprofen,DDInter1055,Levofloxacin,Moderate
DDInter900,Ibuprofen,DDInter1069,Linaclotide,Minor
DDInter900,Ibuprofen,DDInter1118,Magnesium hydroxide,Minor
DDInter1158,Mesalazine,DDInter900,Ibuprofen,Moderate
DDInter1164,Metformin,DDInter900,Ibuprofen,Moderate
DDInter1263,Naltrexone,DDInter900,Ibuprofen,Moderate
DDInter1269,Nateglinide,DDInter900,Ibuprofen,Moderate
DDInter1300,Nitisinone,DDInter900,Ibuprofen,Moderate
DDInter1309,Nizatidine,DDInter900,Ibuprofen,Minor
DDInter900,Ibuprofen,DDInter1334,Olsalazine,Moderate
DDInter900,Ibuprofen,DDInter1487,Polyethylene glycol (3350 with electrolytes),Moderate
DDInter900,Ibuprofen,DDInter1496,Potassium bicarbonate,Moderate
DDInter1497,Potassium chloride,DDInter900,Ibuprofen,Moderate
DDInter900,Ibuprofen,DDInter1498,Potassium citrate,Moderate
DDInter900,Ibuprofen,DDInter1499,Potassium gluconate,Moderate
DDInter1513,Prednisolone,DDInter900,Ibuprofen,Moderate
DDInter1515,Prednisone,DDInter900,Ibuprofen,Moderate
DDInter1569,Ranitidine (bismuth citrate),DDInter900,Ibuprofen,Minor
DDInter1581,Repaglinide,DDInter900,Ibuprofen,Moderate
DDInter900,Ibuprofen,DDInter1665,Sibutramine,Moderate
DDInter900,Ibuprofen,DDInter1713,Streptomycin,Moderate
DDInter1725,Sulfasalazine,DDInter900,Ibuprofen,Moderate
DDInter1826,Tolazamide,DDInter900,Ibuprofen,Moderate
DDInter900,Ibuprofen,DDInter1828,Tolbutamide,Moderate
DDInter1855,Triamcinolone,DDInter900,Ibuprofen,Moderate
DDInter1857,Triamcinolone (ophthalmic),DDInter900,Ibuprofen,Moderate
DDInter1916,Vancomycin,DDInter900,Ibuprofen,Moderate
DDInter749,Flunisolide,DDInter393,Clarithromycin,Moderate
DDInter935,"Insulin human (inhalation, rapid acting)",DDInter749,Flunisolide,Moderate
DDInter393,Clarithromycin,DDInter32,Afatinib,Moderate
DDInter513,Dexamethasone,DDInter32,Afatinib,Moderate
DDInter32,Afatinib,DDInter629,Eliglustat,Moderate
DDInter1263,Naltrexone,DDInter32,Afatinib,Moderate
DDInter1544,Prucalopride,DDInter32,Afatinib,Minor
DDInter32,Afatinib,DDInter1615,Rolapitant,Moderate
DDInter16,Acetohexamide,DDInter692,Ethinylestradiol,Moderate
DDInter692,Ethinylestradiol,DDInter36,Albiglutide,Moderate
DDInter692,Ethinylestradiol,DDInter51,Alogliptin,Moderate
DDInter692,Ethinylestradiol,DDInter83,Amoxicillin,Moderate
DDInter1061,Levonorgestrel,DDInter112,Aprepitant,Moderate
DDInter124,Ascorbic acid,DDInter692,Ethinylestradiol,Minor
DDInter195,Betamethasone,DDInter692,Ethinylestradiol,Moderate
DDInter692,Ethinylestradiol,DDInter246,Budesonide,Moderate
DDInter1061,Levonorgestrel,DDInter280,Canagliflozin,Moderate
DDInter692,Ethinylestradiol,DDInter348,Chenodeoxycholic acid,Moderate
DDInter364,Chlorpropamide,DDInter692,Ethinylestradiol,Moderate
DDInter380,Cimetidine,DDInter692,Ethinylestradiol,Minor
DDInter692,Ethinylestradiol,DDInter393,Clarithromycin,Moderate
DDInter416,Clotrimazole,DDInter1061,Levonorgestrel,Moderate
DDInter1061,Levonorgestrel,DDInter474,Dapagliflozin,Moderate
DDInter692,Ethinylestradiol,DDInter513,Dexamethasone,Moderate
DDInter692,Ethinylestradiol,DDInter607,Dulaglutide,Moderate
DDInter692,Ethinylestradiol,DDInter629,Eliglustat,Moderate
DDInter692,Ethinylestradiol,DDInter636,Empagliflozin,Moderate
DDInter1061,Levonorgestrel,DDInter669,Ertugliflozin,Moderate
DDInter1061,Levonorgestrel,DDInter706,Exenatide,Moderate
DDInter825,Glimepiride,DDInter692,Ethinylestradiol,Moderate
DDInter692,Ethinylestradiol,DDInter826,Glipizide,Moderate
DDInter692,Ethinylestradiol,DDInter831,Glyburide,Moderate
DDInter1061,Levonorgestrel,DDInter833,Glycerol phenylbutyrate,Moderate
DDInter885,Hydrocortisone,DDInter692,Ethinylestradiol,Moderate
DDInter934,Insulin human,DDInter692,Ethinylestradiol,Moderate
DDInter1061,Levonorgestrel,DDInter929,Insulin aspart (aspart),Moderate
DDInter1061,Levonorgestrel,DDInter928,Insulin aspart (aspart protamine),Moderate
DDInter1061,Levonorgestrel,DDInter930,Insulin degludec,Moderate
DDInter692,Ethinylestradiol,DDInter931,Insulin detemir,Moderate
DDInter932,Insulin glargine,DDInter692,Ethinylestradiol,Moderate
DDInter692,Ethinylestradiol,DDInter933,Insulin glulisine,Moderate
DDInter935,"Insulin human (inhalation, rapid acting)",DDInter1061,Levonorgestrel,Moderate
DDInter936,Insulin human (isophane),DDInter1061,Levonorgestrel,Moderate
DDInter940,Insulin lispro,DDInter1061,Levonorgestrel,Moderate
DDInter941,Insulin lispro (protamine),DDInter692,Ethinylestradiol,Moderate
DDInter937,Insulin human (regular),DDInter692,Ethinylestradiol,Moderate
DDInter939,Insulin human (zinc),DDInter1061,Levonorgestrel,Moderate
DDInter938,Insulin human (zinc extended),DDInter1061,Levonorgestrel,Moderate
DDInter692,Ethinylestradiol,DDInter1004,Kanamycin,Moderate
DDInter692,Ethinylestradiol,DDInter1055,Levofloxacin,Moderate
DDInter1061,Levonorgestrel,DDInter1069,Linaclotide,Moderate
DDInter1061,Levonorgestrel,DDInter1070,Linagliptin,Moderate
DDInter1061,Levonorgestrel,DDInter1077,Liraglutide,Moderate
DDInter692,Ethinylestradiol,DDInter1082,Lixisenatide,Moderate
DDInter1164,Metformin,DDInter692,Ethinylestradiol,Moderate
DDInter692,Ethinylestradiol,DDInter1201,Metreleptin,Moderate
DDInter1202,Metronidazole,DDInter692,Ethinylestradiol,Moderate
DDInter692,Ethinylestradiol,DDInter1209,Miconazole,Moderate
DDInter1217,Miglitol,DDInter692,Ethinylestradiol,Moderate
DDInter692,Ethinylestradiol,DDInter1224,Minocycline,Moderate
DDInter1061,Levonorgestrel,DDInter1269,Nateglinide,Moderate
DDInter692,Ethinylestradiol,DDInter1277,Neomycin,Moderate
DDInter692,Ethinylestradiol,DDInter1396,Paromomycin,Moderate
DDInter692,Ethinylestradiol,DDInter1472,Pioglitazone,Minor
DDInter1489,Polymyxin B,DDInter692,Ethinylestradiol,Moderate
DDInter1061,Levonorgestrel,DDInter1506,Pramlintide,Moderate
DDInter1513,Prednisolone,DDInter692,Ethinylestradiol,Moderate
DDInter1515,Prednisone,DDInter692,Ethinylestradiol,Moderate
DDInter1061,Levonorgestrel,DDInter1544,Prucalopride,Moderate
DDInter1581,Repaglinide,DDInter692,Ethinylestradiol,Moderate
DDInter1061,Levonorgestrel,DDInter1621,Rosiglitazone,Moderate
DDInter1061,Levonorgestrel,DDInter1622,Rosuvastatin,Minor
DDInter1061,Levonorgestrel,DDInter1646,Saxagliptin,Moderate
DDInter1061,Levonorgestrel,DDInter1660,Semaglutide,Moderate
DDInter1061,Levonorgestrel,DDInter1679,Sitagliptin,Moderate
DDInter692,Ethinylestradiol,DDInter1713,Streptomycin,Moderate
DDInter1725,Sulfasalazine,DDInter692,Ethinylestradiol,Moderate
DDInter692,Ethinylestradiol,DDInter1754,Tegaserod,Minor
DDInter1783,Tetracycline,DDInter692,Ethinylestradiol,Moderate
DDInter1811,Tinidazole,DDInter692,Ethinylestradiol,Moderate
DDInter1826,Tolazamide,DDInter692,Ethinylestradiol,Moderate
DDInter692,Ethinylestradiol,DDInter1828,Tolbutamide,Moderate
DDInter1855,Triamcinolone,DDInter692,Ethinylestradiol,Moderate
DDInter1857,Triamcinolone (ophthalmic),DDInter692,Ethinylestradiol,Moderate
DDInter1881,Troglitazone,DDInter1061,Levonorgestrel,Moderate
DDInter1916,Vancomycin,DDInter692,Ethinylestradiol,Moderate
DDInter34,Agalsidase beta,DDInter76,Amiodarone,Major
DDInter34,Agalsidase beta,DDInter359,Chloroquine,Major
DDInter34,Agalsidase beta,DDInter815,Gentamicin,Major
DDInter34,Agalsidase beta,DDInter1216,Migalastat,Moderate
DDInter16,Acetohexamide,DDInter885,Hydrocortisone,Moderate
DDInter885,Hydrocortisone,DDInter867,Human adenovirus e serotype 4 strain cl-68578 antigen,Moderate
DDInter885,Hydrocortisone,DDInter36,Albiglutide,Moderate
DDInter885,Hydrocortisone,DDInter1632,Salbutamol,Minor
DDInter38,Aldesleukin,DDInter885,Hydrocortisone,Moderate
DDInter40,Alefacept,DDInter885,Hydrocortisone,Moderate
DDInter41,Alemtuzumab,DDInter885,Hydrocortisone,Moderate
DDInter885,Hydrocortisone,DDInter46,Aliskiren,Moderate
DDInter885,Hydrocortisone,DDInter51,Alogliptin,Moderate
DDInter885,Hydrocortisone,DDInter58,Aluminum hydroxide,Minor
DDInter885,Hydrocortisone,DDInter61,Ambenonium,Moderate
DDInter885,Hydrocortisone,DDInter64,Amifampridine,Moderate
DDInter68,Amiloride,DDInter885,Hydrocortisone,Moderate
DDInter885,Hydrocortisone,DDInter74,Aminophylline,Moderate
DDInter885,Hydrocortisone,DDInter76,Amiodarone,Major
DDInter885,Hydrocortisone,DDInter77,Amisulpride,Moderate
DDInter79,Amlodipine,DDInter885,Hydrocortisone,Moderate
DDInter885,Hydrocortisone,DDInter81,Amobarbital,Moderate
DDInter85,Amphotericin B,DDInter885,Hydrocortisone,Moderate
DDInter86,Amphotericin B (cholesteryl sulfate),DDInter885,Hydrocortisone,Moderate
DDInter87,Amphotericin B (lipid complex),DDInter885,Hydrocortisone,Moderate
DDInter88,Amphotericin B (liposomal),DDInter885,Hydrocortisone,Moderate
DDInter90,Amprenavir,DDInter885,Hydrocortisone,Moderate
DDInter94,Anakinra,DDInter885,Hydrocortisone,Moderate
DDInter885,Hydrocortisone,DDInter98,Anisindione,Moderate
DDInter885,Hydrocortisone,DDInter100,Anthrax vaccine,Moderate
DDInter885,Hydrocortisone,DDInter107,Apalutamide,Moderate
DDInter112,Aprepitant,DDInter885,Hydrocortisone,Moderate
DDInter885,Hydrocortisone,DDInter116,Arformoterol,Minor
DDInter885,Hydrocortisone,DDInter119,Armodafinil,Minor
DDInter885,Hydrocortisone,DDInter120,Arsenic trioxide,Major
DDInter885,Hydrocortisone,DDInter126,Asparaginase Erwinia chrysanthemi,Moderate
DDInter127,Asparaginase Escherichia coli,DDInter885,Hydrocortisone,Moderate
DDInter885,Hydrocortisone,DDInter20,Acetylsalicylic acid,Moderate
DDInter885,Hydrocortisone,DDInter129,Atazanavir,Moderate
DDInter130,Atenolol,DDInter885,Hydrocortisone,Moderate
DDInter885,Hydrocortisone,DDInter131,Atezolizumab,Moderate
DDInter885,Hydrocortisone,DDInter156,Azilsartan medoxomil,Moderate
DDInter885,Hydrocortisone,DDInter165,Baricitinib,Major
DDInter885,Hydrocortisone,DDInter160,Bacillus calmette-guerin substrain tice live antigen,Major
DDInter885,Hydrocortisone,DDInter176,Bempedoic acid,Major
DDInter177,Benazepril,DDInter885,Hydrocortisone,Moderate
DDInter179,Bendroflumethiazide,DDInter885,Hydrocortisone,Moderate
DDInter188,Benzthiazide,DDInter885,Hydrocortisone,Moderate
DDInter197,Betaxolol,DDInter885,Hydrocortisone,Moderate
DDInter202,Bexarotene,DDInter885,Hydrocortisone,Moderate
DDInter885,Hydrocortisone,DDInter206,Bifidobacterium longum infantis,Moderate
DDInter885,Hydrocortisone,DDInter212,Bisacodyl,Moderate
DDInter216,Bisoprolol,DDInter885,Hydrocortisone,Moderate
DDInter885,Hydrocortisone,DDInter221,Boceprevir,Moderate
DDInter223,Bosentan,DDInter885,Hydrocortisone,Moderate
DDInter885,Hydrocortisone,DDInter241,Bromfenac,Moderate
DDInter885,Hydrocortisone,DDInter248,Bumetanide,Moderate
DDInter885,Hydrocortisone,DDInter252,Bupropion,Major
DDInter256,Butabarbital,DDInter885,Hydrocortisone,Moderate
DDInter257,Butalbital,DDInter885,Hydrocortisone,Moderate
DDInter885,Hydrocortisone,DDInter264,Calaspargase pegol,Moderate
DDInter885,Hydrocortisone,DDInter271,Calcium carbonate,Minor
DDInter885,Hydrocortisone,DDInter280,Canagliflozin,Moderate
DDInter885,Hydrocortisone,DDInter281,Canakinumab,Moderate
DDInter885,Hydrocortisone,DDInter282,Candida albicans,Moderate
DDInter288,Capreomycin,DDInter885,Hydrocortisone,Moderate
DDInter885,Hydrocortisone,DDInter292,Captopril,Moderate
DDInter293,Carbamazepine,DDInter885,Hydrocortisone,Moderate
DDInter303,Carteolol,DDInter885,Hydrocortisone,Moderate
DDInter885,Hydrocortisone,DDInter305,Carvedilol,Moderate
DDInter885,Hydrocortisone,DDInter787,Frangula purshiana bark,Moderate
DDInter885,Hydrocortisone,DDInter307,Castor oil,Moderate
DDInter336,Celecoxib,DDInter885,Hydrocortisone,Moderate
DDInter885,Hydrocortisone,DDInter337,Cemiplimab,Moderate
DDInter885,Hydrocortisone,DDInter338,Cenobamate,Moderate
DDInter885,Hydrocortisone,DDInter340,Ceritinib,Moderate
DDInter885,Hydrocortisone,DDInter342,Certolizumab pegol,Major
DDInter885,Hydrocortisone,DDInter360,Chlorothiazide,Moderate
DDInter363,Chlorpromazine,DDInter885,Hydrocortisone,Moderate
DDInter364,Chlorpropamide,DDInter885,Hydrocortisone,Moderate
DDInter365,Chlorthalidone,DDInter885,Hydrocortisone,Moderate
DDInter885,Hydrocortisone,DDInter1931,Vibrio cholerae CVD 103-HgR strain live antigen,Moderate
DDInter885,Hydrocortisone,DDInter1932,Vibrio cholerae CVD 103-HgR strain live antigen (live),Moderate
DDInter885,Hydrocortisone,DDInter368,Cholestyramine,Moderate
DDInter885,Hydrocortisone,DDInter370,Choline salicylate,Moderate
DDInter885,Hydrocortisone,DDInter383,Cinoxacin,Major
DDInter384,Ciprofloxacin,DDInter885,Hydrocortisone,Major
DDInter387,Cisplatin,DDInter885,Hydrocortisone,Moderate
DDInter392,Cladribine,DDInter885,Hydrocortisone,Major
DDInter885,Hydrocortisone,DDInter393,Clarithromycin,Moderate
DDInter885,Hydrocortisone,DDInter396,Clevidipine,Moderate
DDInter412,Clonidine,DDInter885,Hydrocortisone,Moderate
DDInter885,Hydrocortisone,DDInter424,Cobicistat,Moderate
DDInter885,Hydrocortisone,DDInter428,Coccidioides immitis spherule,Moderate
DDInter885,Hydrocortisone,DDInter432,Colesevelam,Moderate
DDInter433,Colestipol,DDInter885,Hydrocortisone,Moderate
DDInter885,Hydrocortisone,DDInter438,Conivaptan,Moderate
DDInter439,Conjugated estrogens,DDInter885,Hydrocortisone,Moderate
DDInter440,Conjugated estrogens (topical),DDInter885,Hydrocortisone,Moderate
DDInter458,Cyclosporine,DDInter885,Hydrocortisone,Moderate
DDInter885,Hydrocortisone,DDInter462,Dabrafenib,Moderate
DDInter885,Hydrocortisone,DDInter474,Dapagliflozin,Moderate
DDInter885,Hydrocortisone,DDInter482,Darunavir,Moderate
DDInter885,Hydrocortisone,DDInter484,Dasatinib,Moderate
DDInter885,Hydrocortisone,DDInter488,Deferasirox,Major
DDInter885,Hydrocortisone,DDInter495,Delafloxacin,Major
DDInter496,Delavirdine,DDInter885,Hydrocortisone,Moderate
DDInter885,Hydrocortisone,DDInter500,Denosumab,Moderate
DDInter885,Hydrocortisone,DDInter502,Deserpidine,Moderate
DDInter885,Hydrocortisone,DDInter505,Desirudin,Major
DDInter507,Desmopressin,DDInter885,Hydrocortisone,Major
DDInter885,Hydrocortisone,DDInter535,Diazoxide,Moderate
DDInter885,Hydrocortisone,DDInter540,Diclofenamide,Moderate
DDInter537,Diclofenac,DDInter885,Hydrocortisone,Moderate
DDInter542,Dicoumarol,DDInter885,Hydrocortisone,Moderate
DDInter885,Hydrocortisone,DDInter545,Dienestrol (topical),Moderate
DDInter548,Diethylstilbestrol,DDInter885,Hydrocortisone,Moderate
DDInter885,Hydrocortisone,DDInter551,Diflunisal,Moderate
DDInter885,Hydrocortisone,DDInter553,Digitoxin,Moderate
DDInter554,Digoxin,DDInter885,Hydrocortisone,Moderate
DDInter561,Diltiazem,DDInter885,Hydrocortisone,Moderate
DDInter885,Hydrocortisone,DDInter564,Dimethyl fumarate,Moderate
DDInter885,Hydrocortisone,DDInter568,Dinutuximab,Major
DDInter885,Hydrocortisone,DDInter574,Diroximel fumarate,Moderate
DDInter575,Disopyramide,DDInter885,Hydrocortisone,Moderate
DDInter580,Dofetilide,DDInter885,Hydrocortisone,Major
DDInter885,Hydrocortisone,DDInter590,Doxacurium,Moderate
DDInter592,Doxazosin,DDInter885,Hydrocortisone,Moderate
DDInter885,Hydrocortisone,DDInter602,Dronedarone,Major
DDInter603,Droperidol,DDInter885,Hydrocortisone,Major
DDInter885,Hydrocortisone,DDInter607,Dulaglutide,Moderate
DDInter885,Hydrocortisone,DDInter610,Durvalumab,Moderate
DDInter885,Hydrocortisone,DDInter612,Duvelisib,Moderate
DDInter885,Hydrocortisone,DDInter614,Echinacea,Minor
DDInter885,Hydrocortisone,DDInter622,Edrophonium,Moderate
DDInter623,Efalizumab,DDInter885,Hydrocortisone,Moderate
DDInter624,Efavirenz,DDInter885,Hydrocortisone,Moderate
DDInter885,Hydrocortisone,DDInter636,Empagliflozin,Moderate
DDInter638,Enalapril,DDInter885,Hydrocortisone,Moderate
DDInter644,Enoxacin,DDInter885,Hydrocortisone,Major
DDInter885,Hydrocortisone,DDInter649,Enzalutamide,Moderate
DDInter656,Eplerenone,DDInter885,Hydrocortisone,Moderate
DDInter885,Hydrocortisone,DDInter658,Eprosartan,Moderate
DDInter885,Hydrocortisone,DDInter669,Ertugliflozin,Moderate
DDInter670,Erythromycin,DDInter885,Hydrocortisone,Moderate
DDInter885,Hydrocortisone,DDInter678,Esterified estrogens,Moderate
DDInter885,Hydrocortisone,DDInter679,Estradiol,Moderate
DDInter885,Hydrocortisone,DDInter680,Estradiol (topical),Moderate
DDInter885,Hydrocortisone,DDInter681,Estramustine,Moderate
DDInter682,Estrone,DDInter885,Hydrocortisone,Moderate
DDInter885,Hydrocortisone,DDInter683,Estrone sulfate,Moderate
DDInter885,Hydrocortisone,DDInter684,Estrone sulfate (topical),Moderate
DDInter687,Etanercept,DDInter885,Hydrocortisone,Major
DDInter885,Hydrocortisone,DDInter686,Etacrynic acid,Moderate
DDInter885,Hydrocortisone,DDInter696,Ethotoin,Moderate
DDInter885,Hydrocortisone,DDInter699,Etodolac,Moderate
DDInter885,Hydrocortisone,DDInter703,Etravirine,Moderate
DDInter885,Hydrocortisone,DDInter706,Exenatide,Moderate
DDInter885,Hydrocortisone,DDInter714,Fedratinib,Moderate
DDInter885,Hydrocortisone,DDInter716,Felodipine,Moderate
DDInter885,Hydrocortisone,DDInter720,Fenoldopam,Moderate
DDInter721,Fenoprofen,DDInter885,Hydrocortisone,Moderate
DDInter885,Hydrocortisone,DDInter737,Fingolimod,Major
DDInter743,Fluconazole,DDInter885,Hydrocortisone,Moderate
DDInter885,Hydrocortisone,DDInter759,Fluoxymesterone,Moderate
DDInter760,Fluphenazine,DDInter885,Hydrocortisone,Moderate
DDInter763,Flurbiprofen,DDInter885,Hydrocortisone,Moderate
DDInter770,Fluvoxamine,DDInter885,Hydrocortisone,Moderate
DDInter885,Hydrocortisone,DDInter777,Fosamprenavir,Moderate
DDInter885,Hydrocortisone,DDInter778,Fosaprepitant,Moderate
DDInter779,Foscarnet,DDInter885,Hydrocortisone,Moderate
DDInter781,Fosinopril,DDInter885,Hydrocortisone,Moderate
DDInter885,Hydrocortisone,DDInter783,Fosphenytoin,Moderate
DDInter885,Hydrocortisone,DDInter785,Fostamatinib,Moderate
DDInter790,Furosemide,DDInter885,Hydrocortisone,Moderate
DDInter885,Hydrocortisone,DDInter803,Gallium chloride Ga-67,Moderate
DDInter885,Hydrocortisone,DDInter809,Gatifloxacin,Major
DDInter885,Hydrocortisone,DDInter813,Gemifloxacin,Major
DDInter825,Glimepiride,DDInter885,Hydrocortisone,Moderate
DDInter885,Hydrocortisone,DDInter826,Glipizide,Moderate
DDInter885,Hydrocortisone,DDInter831,Glyburide,Moderate
DDInter885,Hydrocortisone,DDInter832,Glycerin,Moderate
DDInter885,Hydrocortisone,DDInter833,Glycerol phenylbutyrate,Moderate
DDInter885,Hydrocortisone,DDInter837,Golimumab,Major
DDInter842,Grepafloxacin,DDInter885,Hydrocortisone,Major
DDInter844,Guanabenz,DDInter885,Hydrocortisone,Moderate
DDInter845,Guanadrel,DDInter885,Hydrocortisone,Moderate
DDInter885,Hydrocortisone,DDInter846,Guanethidine,Moderate
DDInter885,Hydrocortisone,DDInter847,Guanfacine,Moderate
DDInter853,Haloperidol,DDInter885,Hydrocortisone,Moderate
DDInter885,Hydrocortisone,DDInter858,Hepatitis A Vaccine,Moderate
DDInter885,Hydrocortisone,DDInter860,Hepatitis B Vaccine (Recombinant),Moderate
DDInter885,Hydrocortisone,DDInter875,Human papillomavirus type 11 L1 capsid protein antigen,Moderate
DDInter885,Hydrocortisone,DDInter881,Hyaluronidase,Minor
DDInter885,Hydrocortisone,DDInter882,Hydralazine,Moderate
DDInter885,Hydrocortisone,DDInter883,Hydrochlorothiazide,Moderate
DDInter885,Hydrocortisone,DDInter889,Hydroflumethiazide,Moderate
DDInter885,Hydrocortisone,DDInter905,Idelalisib,Moderate
DDInter909,Imatinib,DDInter885,Hydrocortisone,Moderate
DDInter885,Hydrocortisone,DDInter915,Indacaterol,Minor
DDInter885,Hydrocortisone,DDInter916,Indapamide,Moderate
DDInter917,Indinavir,DDInter885,Hydrocortisone,Moderate
DDInter885,Hydrocortisone,DDInter918,Indium In-111 oxyquinoline,Moderate
DDInter921,Indomethacin,DDInter885,Hydrocortisone,Moderate
DDInter923,Infliximab,DDInter885,Hydrocortisone,Major
DDInter885,Hydrocortisone,DDInter924,Influenza A virus A/California/7/2009 (H1N1)-like antigen (propiolactone inactivated),Moderate
DDInter885,Hydrocortisone,DDInter925,Influenza A virus A/Vietnam/1194/2004 (H5N1) antigen (formaldehyde inactivated),Moderate
DDInter934,Insulin human,DDInter885,Hydrocortisone,Moderate
DDInter885,Hydrocortisone,DDInter929,Insulin aspart (aspart),Moderate
DDInter885,Hydrocortisone,DDInter928,Insulin aspart (aspart protamine),Moderate
DDInter885,Hydrocortisone,DDInter930,Insulin degludec,Moderate
DDInter885,Hydrocortisone,DDInter931,Insulin detemir,Moderate
DDInter932,Insulin glargine,DDInter885,Hydrocortisone,Moderate
DDInter885,Hydrocortisone,DDInter933,Insulin glulisine,Moderate
DDInter935,"Insulin human (inhalation, rapid acting)",DDInter885,Hydrocortisone,Moderate
DDInter936,Insulin human (isophane),DDInter885,Hydrocortisone,Moderate
DDInter940,Insulin lispro,DDInter885,Hydrocortisone,Moderate
DDInter941,Insulin lispro (protamine),DDInter885,Hydrocortisone,Moderate
DDInter937,Insulin human (regular),DDInter885,Hydrocortisone,Moderate
DDInter939,Insulin human (zinc),DDInter885,Hydrocortisone,Moderate
DDInter938,Insulin human (zinc extended),DDInter885,Hydrocortisone,Moderate
DDInter885,Hydrocortisone,DDInter960,Iohexol,Major
DDInter885,Hydrocortisone,DDInter961,Iopamidol,Major
DDInter885,Hydrocortisone,DDInter969,Ipilimumab,Moderate
DDInter885,Hydrocortisone,DDInter972,Irbesartan,Moderate
DDInter885,Hydrocortisone,DDInter980,Isavuconazonium,Moderate
DDInter982,Isoetharine,DDInter885,Hydrocortisone,Minor
DDInter885,Hydrocortisone,DDInter986,Isoniazid,Minor
DDInter885,Hydrocortisone,DDInter987,Isoprenaline,Minor
DDInter993,Isradipine,DDInter885,Hydrocortisone,Moderate
DDInter885,Hydrocortisone,DDInter995,Itraconazole,Moderate
DDInter885,Hydrocortisone,DDInter997,Ivacaftor,Moderate
DDInter885,Hydrocortisone,DDInter1008,Ketoconazole,Moderate
DDInter885,Hydrocortisone,DDInter1009,Ketoprofen,Moderate
DDInter1013,Labetalol,DDInter885,Hydrocortisone,Moderate
DDInter885,Hydrocortisone,DDInter1016,Lactitol,Moderate
DDInter885,Hydrocortisone,DDInter1017,Lactobacillus acidophilus,Moderate
DDInter1018,Lactulose,DDInter885,Hydrocortisone,Moderate
DDInter885,Hydrocortisone,DDInter1024,Lapatinib,Moderate
DDInter885,Hydrocortisone,DDInter1026,Larotrectinib,Moderate
DDInter885,Hydrocortisone,DDInter1032,Lefamulin,Moderate
DDInter885,Hydrocortisone,DDInter1033,Leflunomide,Major
DDInter885,Hydrocortisone,DDInter1039,Letermovir,Moderate
DDInter885,Hydrocortisone,DDInter1063,Levosalbutamol,Minor
DDInter885,Hydrocortisone,DDInter1045,Levamlodipine,Moderate
DDInter885,Hydrocortisone,DDInter1055,Levofloxacin,Major
DDInter885,Hydrocortisone,DDInter1065,Licorice,Moderate
DDInter885,Hydrocortisone,DDInter1070,Linagliptin,Moderate
DDInter885,Hydrocortisone,DDInter1077,Liraglutide,Moderate
DDInter1079,Lisinopril,DDInter885,Hydrocortisone,Moderate
DDInter885,Hydrocortisone,DDInter1082,Lixisenatide,Moderate
DDInter885,Hydrocortisone,DDInter1084,Lomefloxacin,Major
DDInter885,Hydrocortisone,DDInter1087,Lonafarnib,Moderate
DDInter885,Hydrocortisone,DDInter1094,Lorlatinib,Moderate
DDInter1095,Losartan,DDInter885,Hydrocortisone,Moderate
DDInter885,Hydrocortisone,DDInter1106,Lusutrombopag,Moderate
DDInter1109,Lyme disease vaccine (recombinant OspA),DDInter885,Hydrocortisone,Moderate
DDInter885,Hydrocortisone,DDInter1110,Macimorelin,Moderate
DDInter885,Hydrocortisone,DDInter1112,Magaldrate,Minor
DDInter885,Hydrocortisone,DDInter1115,Magnesium citrate,Moderate
DDInter885,Hydrocortisone,DDInter1118,Magnesium hydroxide,Moderate
DDInter885,Hydrocortisone,DDInter1119,Magnesium oxide,Minor
DDInter1120,Magnesium sulfate,DDInter885,Hydrocortisone,Moderate
DDInter885,Hydrocortisone,DDInter1127,Measles virus vaccine live attenuated,Major
DDInter885,Hydrocortisone,DDInter1135,Meclofenamic acid,Moderate
DDInter885,Hydrocortisone,DDInter1139,Mefenamic acid,Moderate
DDInter885,Hydrocortisone,DDInter1143,Meloxicam,Moderate
DDInter885,Hydrocortisone,DDInter1147,Meningococcal polysaccharide vaccine group C,Moderate
DDInter1152,Mephenytoin,DDInter885,Hydrocortisone,Moderate
DDInter885,Hydrocortisone,DDInter1190,Methylphenobarbital,Moderate
DDInter885,Hydrocortisone,DDInter1346,Orciprenaline,Minor
DDInter1164,Metformin,DDInter885,Hydrocortisone,Moderate
DDInter1167,Methazolamide,DDInter885,Hydrocortisone,Moderate
DDInter1174,Methotrexate,DDInter885,Hydrocortisone,Moderate
DDInter885,Hydrocortisone,DDInter1185,Methyldopa,Moderate
DDInter885,Hydrocortisone,DDInter1193,Methyltestosterone,Moderate
DDInter885,Hydrocortisone,DDInter1198,Metocurine,Moderate
DDInter1199,Metolazone,DDInter885,Hydrocortisone,Moderate
DDInter1200,Metoprolol,DDInter885,Hydrocortisone,Moderate
DDInter885,Hydrocortisone,DDInter1215,Mifepristone,Major
DDInter1217,Miglitol,DDInter885,Hydrocortisone,Moderate
DDInter885,Hydrocortisone,DDInter1223,Mineral oil,Moderate
DDInter1226,Minoxidil,DDInter885,Hydrocortisone,Moderate
DDInter885,Hydrocortisone,DDInter1235,Mivacurium,Moderate
DDInter885,Hydrocortisone,DDInter1236,Modafinil,Minor
DDInter1237,Moexipril,DDInter885,Hydrocortisone,Moderate
DDInter885,Hydrocortisone,DDInter1240,Monomethyl fumarate,Moderate
DDInter1247,Moxifloxacin,DDInter885,Hydrocortisone,Major
DDInter885,Hydrocortisone,DDInter1248,Mumps virus strain B level jeryl lynn live antigen,Major
DDInter1254,Nabumetone,DDInter885,Hydrocortisone,Moderate
DDInter885,Hydrocortisone,DDInter1255,Nadolol,Moderate
DDInter885,Hydrocortisone,DDInter1259,Nalidixic acid,Major
DDInter885,Hydrocortisone,DDInter1262,Naloxone,Minor
DDInter885,Hydrocortisone,DDInter1266,Naproxen,Moderate
DDInter1268,Natalizumab,DDInter885,Hydrocortisone,Major
DDInter1269,Nateglinide,DDInter885,Hydrocortisone,Moderate
DDInter885,Hydrocortisone,DDInter1271,Nebivolol,Moderate
DDInter885,Hydrocortisone,DDInter1274,Nefazodone,Moderate
DDInter1276,Nelfinavir,DDInter885,Hydrocortisone,Moderate
DDInter885,Hydrocortisone,DDInter1279,Neostigmine,Moderate
DDInter1287,Nicardipine,DDInter885,Hydrocortisone,Moderate
DDInter885,Hydrocortisone,DDInter1293,Nilotinib,Moderate
DDInter1298,Nisoldipine,DDInter885,Hydrocortisone,Moderate
DDInter1305,Nitroprusside,DDInter885,Hydrocortisone,Moderate
DDInter885,Hydrocortisone,DDInter1308,Nivolumab,Moderate
DDInter885,Hydrocortisone,DDInter1313,Norfloxacin,Major
DDInter885,Hydrocortisone,DDInter1321,Ocrelizumab,Moderate
DDInter885,Hydrocortisone,DDInter1325,Ofloxacin,Major
DDInter1330,Olmesartan,DDInter885,Hydrocortisone,Moderate
DDInter885,Hydrocortisone,DDInter1335,Omacetaxine mepesuccinate,Moderate
DDInter1357,Oxandrolone,DDInter885,Hydrocortisone,Moderate
DDInter885,Hydrocortisone,DDInter1358,Oxaprozin,Moderate
DDInter885,Hydrocortisone,DDInter1360,Oxcarbazepine,Moderate
DDInter885,Hydrocortisone,DDInter1371,Oxymetholone,Moderate
DDInter885,Hydrocortisone,DDInter1376,Ozanimod,Major
DDInter885,Hydrocortisone,DDInter1381,Paliperidone,Moderate
DDInter885,Hydrocortisone,DDInter1385,Pancuronium,Moderate
DDInter885,Hydrocortisone,DDInter1399,Patiromer,Moderate
DDInter1404,Pegaspargase,DDInter885,Hydrocortisone,Moderate
DDInter885,Hydrocortisone,DDInter1413,Pembrolizumab,Moderate
DDInter885,Hydrocortisone,DDInter1417,Penbutolol,Moderate
DDInter1423,Pentobarbital,DDInter885,Hydrocortisone,Moderate
DDInter885,Hydrocortisone,DDInter1431,Perindopril,Moderate
DDInter885,Hydrocortisone,DDInter1442,Phenobarbital,Moderate
DDInter885,Hydrocortisone,DDInter1443,Phenolphthalein,Moderate
DDInter885,Hydrocortisone,DDInter1451,Phenylbutazone,Moderate
DDInter1460,Phenytoin,DDInter885,Hydrocortisone,Moderate
DDInter885,Hydrocortisone,DDInter1470,Pimozide,Major
DDInter885,Hydrocortisone,DDInter1471,Pindolol,Moderate
DDInter885,Hydrocortisone,DDInter1472,Pioglitazone,Moderate
DDInter885,Hydrocortisone,DDInter1473,Pipecuronium,Moderate
DDInter885,Hydrocortisone,DDInter1476,Pirbuterol,Minor
DDInter1478,Piroxicam,DDInter885,Hydrocortisone,Moderate
DDInter885,Hydrocortisone,DDInter1480,Pitolisant,Moderate
DDInter885,Hydrocortisone,DDInter1486,Poliovirus type 1 antigen (formaldehyde inactivated),Moderate
DDInter885,Hydrocortisone,DDInter1488,Polyethylene glycol (3350),Moderate
DDInter885,Hydrocortisone,DDInter1490,Polythiazide,Moderate
DDInter885,Hydrocortisone,DDInter1494,Posaconazole,Moderate
DDInter885,Hydrocortisone,DDInter1506,Pramlintide,Moderate
DDInter1511,Prazosin,DDInter885,Hydrocortisone,Moderate
DDInter885,Hydrocortisone,DDInter1521,Primidone,Moderate
DDInter1532,Promazine,DDInter885,Hydrocortisone,Moderate
DDInter1539,Propranolol,DDInter885,Hydrocortisone,Moderate
DDInter1548,Pyridostigmine,DDInter885,Hydrocortisone,Moderate
DDInter885,Hydrocortisone,DDInter1554,Quinapril,Moderate
DDInter885,Hydrocortisone,DDInter1555,Quinestrol,Moderate
DDInter885,Hydrocortisone,DDInter1560,Racepinephrine,Minor
DDInter1565,Ramipril,DDInter885,Hydrocortisone,Moderate
DDInter885,Hydrocortisone,DDInter1571,Rapacuronium,Moderate
DDInter885,Hydrocortisone,DDInter1581,Repaglinide,Moderate
DDInter1582,Reserpine,DDInter885,Hydrocortisone,Moderate
DDInter885,Hydrocortisone,DDInter1588,Ribociclib,Moderate
DDInter1589,Rifabutin,DDInter885,Hydrocortisone,Moderate
DDInter885,Hydrocortisone,DDInter1590,Rifampicin,Moderate
DDInter885,Hydrocortisone,DDInter1592,Rifapentine,Moderate
DDInter885,Hydrocortisone,DDInter1594,Rilonacept,Moderate
DDInter1605,Risperidone,DDInter885,Hydrocortisone,Moderate
DDInter885,Hydrocortisone,DDInter1606,Ritodrine,Minor
DDInter1607,Ritonavir,DDInter885,Hydrocortisone,Moderate
DDInter1612,Rocuronium,DDInter885,Hydrocortisone,Moderate
DDInter1613,Rofecoxib,DDInter885,Hydrocortisone,Moderate
DDInter885,Hydrocortisone,DDInter1614,Roflumilast,Moderate
DDInter885,Hydrocortisone,DDInter1618,Romosozumab,Moderate
DDInter1621,Rosiglitazone,DDInter885,Hydrocortisone,Moderate
DDInter885,Hydrocortisone,DDInter1623,Rotavirus vaccine,Major
DDInter885,Hydrocortisone,DDInter1625,Rubella virus vaccine,Major
DDInter885,Hydrocortisone,DDInter1626,Rucaparib,Moderate
DDInter885,Hydrocortisone,DDInter1627,Rufinamide,Moderate
DDInter885,Hydrocortisone,DDInter1635,Salmeterol,Minor
DDInter885,Hydrocortisone,DDInter1637,Salsalate,Moderate
DDInter885,Hydrocortisone,DDInter1640,Saquinavir,Moderate
DDInter885,Hydrocortisone,DDInter1436,Pfizer-BioNTech Covid-19 Vaccine,Moderate
DDInter885,Hydrocortisone,DDInter1646,Saxagliptin,Moderate
DDInter1650,Secobarbital,DDInter885,Hydrocortisone,Moderate
DDInter885,Hydrocortisone,DDInter1658,Selpercatinib,Moderate
DDInter885,Hydrocortisone,DDInter1660,Semaglutide,Moderate
DDInter885,Hydrocortisone,DDInter1676,Siponimod,Major
DDInter885,Hydrocortisone,DDInter1677,Sipuleucel-T,Moderate
DDInter885,Hydrocortisone,DDInter1678,Sirolimus,Moderate
DDInter885,Hydrocortisone,DDInter1679,Sitagliptin,Moderate
DDInter885,Hydrocortisone,DDInter1680,"Smallpox (Vaccinia) Vaccine, Live",Major
DDInter885,Hydrocortisone,DDInter1683,Sodium bicarbonate,Minor
DDInter885,Hydrocortisone,DDInter953,Iodide I-123,Moderate
DDInter885,Hydrocortisone,DDInter954,Iodide I-131,Moderate
DDInter885,Hydrocortisone,DDInter1452,Phenylbutyric acid,Moderate
DDInter885,Hydrocortisone,DDInter1830,Tolevamer,Moderate
DDInter885,Hydrocortisone,DDInter1633,Salicylic acid (sodium),Moderate
DDInter885,Hydrocortisone,DDInter1698,Somapacitan,Moderate
DDInter885,Hydrocortisone,DDInter1700,Somatrem,Moderate
DDInter1699,Somatotropin,DDInter885,Hydrocortisone,Moderate
DDInter885,Hydrocortisone,DDInter1705,Sparfloxacin,Major
DDInter1707,Spironolactone,DDInter885,Hydrocortisone,Moderate
DDInter885,Hydrocortisone,DDInter1709,Stanozolol,Moderate
DDInter885,Hydrocortisone,DDInter1711,Stiripentol,Moderate
DDInter1729,Sulindac,DDInter885,Hydrocortisone,Moderate
DDInter885,Hydrocortisone,DDInter1735,Tacrolimus,Moderate
DDInter885,Hydrocortisone,DDInter1743,Talimogene laherparepvec,Major
DDInter885,Hydrocortisone,DDInter1750,Tazemetostat,Moderate
DDInter885,Hydrocortisone,DDInter1755,Telaprevir,Moderate
DDInter885,Hydrocortisone,DDInter1757,Telbivudine,Moderate
DDInter885,Hydrocortisone,DDInter1758,Telithromycin,Moderate
DDInter885,Hydrocortisone,DDInter1759,Telmisartan,Moderate
DDInter885,Hydrocortisone,DDInter1760,Telotristat ethyl,Moderate
DDInter885,Hydrocortisone,DDInter1763,Temsirolimus,Moderate
DDInter885,Hydrocortisone,DDInter1767,Terazosin,Moderate
DDInter885,Hydrocortisone,DDInter1769,Terbutaline,Minor
DDInter885,Hydrocortisone,DDInter1771,Teriflunomide,Major
DDInter1775,Testosterone,DDInter885,Hydrocortisone,Moderate
DDInter1776,Testosterone (topical),DDInter885,Hydrocortisone,Moderate
DDInter885,Hydrocortisone,DDInter1789,Thalidomide,Major
DDInter1791,Theophylline,DDInter885,Hydrocortisone,Moderate
DDInter1796,Thioridazine,DDInter885,Hydrocortisone,Moderate
DDInter1804,Ticlopidine,DDInter885,Hydrocortisone,Minor
DDInter1809,Timolol,DDInter885,Hydrocortisone,Moderate
DDInter885,Hydrocortisone,DDInter1825,Tofacitinib,Major
DDInter885,Hydrocortisone,DDInter1826,Tolazamide,Moderate
DDInter885,Hydrocortisone,DDInter1828,Tolbutamide,Moderate
DDInter1831,Tolmetin,DDInter885,Hydrocortisone,Moderate
DDInter1836,Torasemide,DDInter885,Hydrocortisone,Moderate
DDInter1843,Trandolapril,DDInter885,Hydrocortisone,Moderate
DDInter1859,Triamterene,DDInter885,Hydrocortisone,Moderate
DDInter885,Hydrocortisone,DDInter1861,Trichlormethiazide,Moderate
DDInter885,Hydrocortisone,DDInter1862,Trichophyton mentagrophytes,Moderate
DDInter885,Hydrocortisone,DDInter1866,Trifluoperazine,Moderate
DDInter885,Hydrocortisone,DDInter1872,Trimethaphan,Moderate
DDInter1881,Troglitazone,DDInter885,Hydrocortisone,Moderate
DDInter885,Hydrocortisone,DDInter1882,Troleandomycin,Moderate
DDInter1887,Trovafloxacin,DDInter885,Hydrocortisone,Major
DDInter885,Hydrocortisone,DDInter1889,Tuberculin purified protein derivative,Moderate
DDInter885,Hydrocortisone,DDInter1890,Tubocurarine,Moderate
DDInter885,Hydrocortisone,DDInter1891,Tucatinib,Moderate
DDInter885,Hydrocortisone,DDInter1893,Typhoid vaccine (inactivated),Moderate
DDInter885,Hydrocortisone,DDInter1894,Typhoid vaccine (live),Major
DDInter885,Hydrocortisone,DDInter1901,Upadacitinib,Major
DDInter885,Hydrocortisone,DDInter1907,Ustekinumab,Moderate
DDInter1910,Valdecoxib,DDInter885,Hydrocortisone,Moderate
DDInter1915,Valsartan,DDInter885,Hydrocortisone,Moderate
DDInter885,Hydrocortisone,DDInter1920,Varicella Zoster Vaccine (Recombinant),Major
DDInter885,Hydrocortisone,DDInter1922,Vecuronium,Moderate
DDInter1928,Verapamil,DDInter885,Hydrocortisone,Moderate
DDInter885,Hydrocortisone,DDInter1933,Vigabatrin,Major
DDInter1943,Vitamin E,DDInter885,Hydrocortisone,Minor
DDInter1946,Voriconazole,DDInter885,Hydrocortisone,Moderate
DDInter885,Hydrocortisone,DDInter1949,Voxelotor,Moderate
DDInter1951,Warfarin,DDInter885,Hydrocortisone,Moderate
DDInter885,Hydrocortisone,DDInter1953,Yellow Fever Vaccine,Major
DDInter885,Hydrocortisone,DDInter1963,Zinc acetate,Minor
DDInter885,Hydrocortisone,DDInter1964,Zinc chloride,Minor
DDInter885,Hydrocortisone,DDInter1965,Zinc gluconate,Minor
DDInter885,Hydrocortisone,DDInter1966,Zinc sulfate,Minor
DDInter1967,Ziprasidone,DDInter885,Hydrocortisone,Major
DDInter257,Butalbital,DDInter601,Dronabinol,Moderate
DDInter257,Butalbital,DDInter1202,Metronidazole,Moderate
DDInter257,Butalbital,DDInter1244,Morphine,Major
DDInter257,Butalbital,DDInter1245,Morphine (liposomal),Major
DDInter257,Butalbital,DDInter1344,Opium,Moderate
DDInter257,Butalbital,DDInter1513,Prednisolone,Moderate
DDInter257,Butalbital,DDInter1515,Prednisone,Moderate
DDInter257,Butalbital,DDInter1855,Triamcinolone,Moderate
DDInter1091,Loratadine,DDInter393,Clarithromycin,Minor
DDInter1091,Loratadine,DDInter833,Glycerol phenylbutyrate,Moderate
DDInter1091,Loratadine,DDInter1209,Miconazole,Minor
DDInter1881,Troglitazone,DDInter1091,Loratadine,Moderate
DDInter35,Albendazole,DDInter112,Aprepitant,Moderate
DDInter380,Cimetidine,DDInter35,Albendazole,Minor
DDInter35,Albendazole,DDInter513,Dexamethasone,Minor
DDInter16,Acetohexamide,DDInter36,Albiglutide,Moderate
DDInter1632,Salbutamol,DDInter36,Albiglutide,Moderate
DDInter37,Alclometasone (topical),DDInter36,Albiglutide,Minor
DDInter36,Albiglutide,DDInter50,Aloe Vera Leaf,Moderate
DDInter36,Albiglutide,DDInter53,Alpelisib,Moderate
DDInter63,Amcinonide,DDInter36,Albiglutide,Minor
DDInter90,Amprenavir,DDInter36,Albiglutide,Moderate
DDInter118,Aripiprazole,DDInter36,Albiglutide,Moderate
DDInter125,Asenapine,DDInter36,Albiglutide,Moderate
DDInter126,Asparaginase Erwinia chrysanthemi,DDInter36,Albiglutide,Moderate
DDInter127,Asparaginase Escherichia coli,DDInter36,Albiglutide,Moderate
DDInter129,Atazanavir,DDInter36,Albiglutide,Moderate
DDInter179,Bendroflumethiazide,DDInter36,Albiglutide,Moderate
DDInter187,Benzphetamine,DDInter36,Albiglutide,Moderate
DDInter188,Benzthiazide,DDInter36,Albiglutide,Moderate
DDInter195,Betamethasone,DDInter36,Albiglutide,Moderate
DDInter196,Betamethasone (topical),DDInter36,Albiglutide,Minor
DDInter202,Bexarotene,DDInter36,Albiglutide,Major
DDInter222,Bortezomib,DDInter36,Albiglutide,Moderate
DDInter228,Brentuximab vedotin,DDInter36,Albiglutide,Moderate
DDInter36,Albiglutide,DDInter231,Brexpiprazole,Moderate
DDInter36,Albiglutide,DDInter233,Brigatinib,Moderate
DDInter248,Bumetanide,DDInter36,Albiglutide,Moderate
DDInter36,Albiglutide,DDInter264,Calaspargase pegol,Moderate
DDInter300,Cariprazine,DDInter36,Albiglutide,Moderate
DDInter36,Albiglutide,DDInter340,Ceritinib,Moderate
DDInter360,Chlorothiazide,DDInter36,Albiglutide,Moderate
DDInter363,Chlorpromazine,DDInter36,Albiglutide,Moderate
DDInter364,Chlorpropamide,DDInter36,Albiglutide,Moderate
DDInter365,Chlorthalidone,DDInter36,Albiglutide,Moderate
DDInter36,Albiglutide,DDInter373,Chromic chloride,Moderate
DDInter36,Albiglutide,DDInter374,Chromium picolinate,Moderate
DDInter383,Cinoxacin,DDInter36,Albiglutide,Moderate
DDInter384,Ciprofloxacin,DDInter36,Albiglutide,Moderate
DDInter393,Clarithromycin,DDInter36,Albiglutide,Moderate
DDInter36,Albiglutide,DDInter403,Clobetasol (topical),Minor
DDInter404,Clocortolone (topical),DDInter36,Albiglutide,Minor
DDInter419,Clozapine,DDInter36,Albiglutide,Moderate
DDInter439,Conjugated estrogens,DDInter36,Albiglutide,Moderate
DDInter440,Conjugated estrogens (topical),DDInter36,Albiglutide,Moderate
DDInter36,Albiglutide,DDInter441,Copanlisib,Moderate
DDInter445,Corticotropin,DDInter36,Albiglutide,Moderate
DDInter1782,Tetracosactide,DDInter36,Albiglutide,Moderate
DDInter472,Danazol,DDInter36,Albiglutide,Moderate
DDInter482,Darunavir,DDInter36,Albiglutide,Moderate
DDInter36,Albiglutide,DDInter492,Deflazacort,Moderate
DDInter36,Albiglutide,DDInter495,Delafloxacin,Moderate
DDInter509,Desonide (topical),DDInter36,Albiglutide,Minor
DDInter510,Desoximetasone (topical),DDInter36,Albiglutide,Minor
DDInter513,Dexamethasone,DDInter36,Albiglutide,Moderate
DDInter515,Dexamethasone (ophthalmic),DDInter36,Albiglutide,Minor
DDInter516,Dexamethasone (topical),DDInter36,Albiglutide,Minor
DDInter518,Dexfenfluramine,DDInter36,Albiglutide,Moderate
DDInter535,Diazoxide,DDInter36,Albiglutide,Moderate
DDInter540,Diclofenamide,DDInter36,Albiglutide,Moderate
DDInter545,Dienestrol (topical),DDInter36,Albiglutide,Moderate
DDInter547,Diethylpropion,DDInter36,Albiglutide,Moderate
DDInter548,Diethylstilbestrol,DDInter36,Albiglutide,Moderate
DDInter550,Diflorasone (topical),DDInter36,Albiglutide,Minor
DDInter554,Digoxin,DDInter36,Albiglutide,Minor
DDInter577,Dobutamine,DDInter36,Albiglutide,Moderate
DDInter584,Dopamine,DDInter36,Albiglutide,Moderate
DDInter604,Drospirenone,DDInter36,Albiglutide,Moderate
DDInter36,Albiglutide,DDInter642,Enfortumab vedotin,Moderate
DDInter644,Enoxacin,DDInter36,Albiglutide,Moderate
DDInter650,Ephedrine,DDInter36,Albiglutide,Moderate
DDInter36,Albiglutide,DDInter678,Esterified estrogens,Moderate
DDInter679,Estradiol,DDInter36,Albiglutide,Moderate
DDInter680,Estradiol (topical),DDInter36,Albiglutide,Moderate
DDInter681,Estramustine,DDInter36,Albiglutide,Moderate
DDInter682,Estrone,DDInter36,Albiglutide,Moderate
DDInter683,Estrone sulfate,DDInter36,Albiglutide,Moderate
DDInter684,Estrone sulfate (topical),DDInter36,Albiglutide,Moderate
DDInter686,Etacrynic acid,DDInter36,Albiglutide,Moderate
DDInter690,Ethanol,DDInter36,Albiglutide,Moderate
DDInter701,Etonogestrel,DDInter36,Albiglutide,Moderate
DDInter704,Everolimus,DDInter36,Albiglutide,Moderate
DDInter717,Fenfluramine,DDInter36,Albiglutide,Moderate
DDInter747,Fludrocortisone,DDInter36,Albiglutide,Moderate
DDInter753,Fluocinonide (topical),DDInter36,Albiglutide,Minor
DDInter760,Fluphenazine,DDInter36,Albiglutide,Moderate
DDInter761,Flurandrenolide (topical),DDInter36,Albiglutide,Minor
DDInter36,Albiglutide,DDInter768,Fluticasone (topical),Minor
DDInter777,Fosamprenavir,DDInter36,Albiglutide,Moderate
DDInter783,Fosphenytoin,DDInter36,Albiglutide,Moderate
DDInter790,Furosemide,DDInter36,Albiglutide,Moderate
DDInter809,Gatifloxacin,DDInter36,Albiglutide,Major
DDInter813,Gemifloxacin,DDInter36,Albiglutide,Moderate
DDInter820,Ginseng,DDInter36,Albiglutide,Moderate
DDInter825,Glimepiride,DDInter36,Albiglutide,Moderate
DDInter826,Glipizide,DDInter36,Albiglutide,Moderate
DDInter831,Glyburide,DDInter36,Albiglutide,Moderate
DDInter839,Goserelin,DDInter36,Albiglutide,Moderate
DDInter842,Grepafloxacin,DDInter36,Albiglutide,Moderate
DDInter851,Halcinonide (topical),DDInter36,Albiglutide,Minor
DDInter1898,Ulobetasol (topical),DDInter36,Albiglutide,Minor
DDInter864,Histrelin,DDInter36,Albiglutide,Moderate
DDInter883,Hydrochlorothiazide,DDInter36,Albiglutide,Moderate
DDInter889,Hydroflumethiazide,DDInter36,Albiglutide,Moderate
DDInter907,Iloperidone,DDInter36,Albiglutide,Moderate
DDInter915,Indacaterol,DDInter36,Albiglutide,Moderate
DDInter916,Indapamide,DDInter36,Albiglutide,Moderate
DDInter917,Indinavir,DDInter36,Albiglutide,Moderate
DDInter934,Insulin human,DDInter36,Albiglutide,Moderate
DDInter929,Insulin aspart (aspart),DDInter36,Albiglutide,Moderate
DDInter928,Insulin aspart (aspart protamine),DDInter36,Albiglutide,Moderate
DDInter36,Albiglutide,DDInter930,Insulin degludec,Moderate
DDInter931,Insulin detemir,DDInter36,Albiglutide,Moderate
DDInter932,Insulin glargine,DDInter36,Albiglutide,Moderate
DDInter933,Insulin glulisine,DDInter36,Albiglutide,Moderate
DDInter935,"Insulin human (inhalation, rapid acting)",DDInter36,Albiglutide,Moderate
DDInter936,Insulin human (isophane),DDInter36,Albiglutide,Moderate
DDInter940,Insulin lispro,DDInter36,Albiglutide,Moderate
DDInter941,Insulin lispro (protamine),DDInter36,Albiglutide,Moderate
DDInter937,Insulin human (regular),DDInter36,Albiglutide,Moderate
DDInter939,Insulin human (zinc),DDInter36,Albiglutide,Moderate
DDInter938,Insulin human (zinc extended),DDInter36,Albiglutide,Moderate
DDInter986,Isoniazid,DDInter36,Albiglutide,Moderate
DDInter987,Isoprenaline,DDInter36,Albiglutide,Moderate
DDInter1021,Lanreotide,DDInter36,Albiglutide,Moderate
DDInter1042,Leuprolide,DDInter36,Albiglutide,Moderate
DDInter1055,Levofloxacin,DDInter36,Albiglutide,Moderate
DDInter1061,Levonorgestrel,DDInter36,Albiglutide,Moderate
DDInter1064,Levothyroxine,DDInter36,Albiglutide,Moderate
DDInter1074,Liothyronine,DDInter36,Albiglutide,Moderate
DDInter1075,Liotrix,DDInter36,Albiglutide,Moderate
DDInter36,Albiglutide,DDInter1081,Lithium carbonate,Moderate
DDInter1084,Lomefloxacin,DDInter36,Albiglutide,Moderate
DDInter1093,Lorcaserin,DDInter36,Albiglutide,Moderate
DDInter1102,Lumateperone,DDInter36,Albiglutide,Moderate
DDInter1104,Lurasidone,DDInter36,Albiglutide,Moderate
DDInter1126,Mazindol,DDInter36,Albiglutide,Moderate
DDInter1137,Medroxyprogesterone acetate,DDInter36,Albiglutide,Moderate
DDInter1141,Megestrol acetate,DDInter36,Albiglutide,Moderate
DDInter1151,Mephentermine,DDInter36,Albiglutide,Moderate
DDInter1159,Mesoridazine,DDInter36,Albiglutide,Moderate
DDInter1346,Orciprenaline,DDInter36,Albiglutide,Moderate
DDInter1162,Metaraminol,DDInter36,Albiglutide,Moderate
DDInter1161,Metamfetamine,DDInter36,Albiglutide,Moderate
DDInter1167,Methazolamide,DDInter36,Albiglutide,Moderate
DDInter1168,Methdilazine,DDInter36,Albiglutide,Moderate
DDInter1175,Methotrimeprazine,DDInter36,Albiglutide,Moderate
DDInter1176,Methoxamine,DDInter36,Albiglutide,Moderate
DDInter1191,Methylprednisolone,DDInter36,Albiglutide,Moderate
DDInter1192,Methylprednisolone (topical),DDInter36,Albiglutide,Minor
DDInter1199,Metolazone,DDInter36,Albiglutide,Moderate
DDInter1214,Midostaurin,DDInter36,Albiglutide,Moderate
DDInter1247,Moxifloxacin,DDInter36,Albiglutide,Moderate
DDInter1259,Nalidixic acid,DDInter36,Albiglutide,Moderate
DDInter1269,Nateglinide,DDInter36,Albiglutide,Moderate
DDInter1276,Nelfinavir,DDInter36,Albiglutide,Moderate
DDInter1286,Niacin,DDInter36,Albiglutide,Moderate
DDInter1289,Nicotinamide,DDInter36,Albiglutide,Moderate
DDInter1311,Norepinephrine,DDInter36,Albiglutide,Moderate
DDInter1312,Norethisterone,DDInter36,Albiglutide,Moderate
DDInter1313,Norfloxacin,DDInter36,Albiglutide,Moderate
DDInter36,Albiglutide,DDInter1315,Norgestrel,Moderate
DDInter1323,Octreotide,DDInter36,Albiglutide,Moderate
DDInter1325,Ofloxacin,DDInter36,Albiglutide,Moderate
DDInter1326,Olanzapine,DDInter36,Albiglutide,Moderate
DDInter36,Albiglutide,DDInter1331,Olodaterol,Moderate
DDInter1335,Omacetaxine mepesuccinate,DDInter36,Albiglutide,Moderate
DDInter1348,Orlistat,DDInter36,Albiglutide,Moderate
DDInter1381,Paliperidone,DDInter36,Albiglutide,Moderate
DDInter1398,Pasireotide,DDInter36,Albiglutide,Moderate
DDInter1404,Pegaspargase,DDInter36,Albiglutide,Moderate
DDInter1412,Pegvisomant,DDInter36,Albiglutide,Moderate
DDInter1420,Pentamidine,DDInter36,Albiglutide,Moderate
DDInter1432,Perphenazine,DDInter36,Albiglutide,Moderate
DDInter1439,Phendimetrazine,DDInter36,Albiglutide,Moderate
DDInter1447,Phentermine,DDInter36,Albiglutide,Moderate
DDInter1458,Phenylpropanolamine,DDInter36,Albiglutide,Moderate
DDInter1460,Phenytoin,DDInter36,Albiglutide,Moderate
DDInter1490,Polythiazide,DDInter36,Albiglutide,Moderate
DDInter1512,Prednicarbate (topical),DDInter36,Albiglutide,Minor
DDInter1513,Prednisolone,DDInter36,Albiglutide,Moderate
DDInter1515,Prednisone,DDInter36,Albiglutide,Moderate
DDInter1527,Prochlorperazine,DDInter36,Albiglutide,Moderate
DDInter1529,Progesterone,DDInter36,Albiglutide,Moderate
DDInter1530,Progesterone (topical),DDInter36,Albiglutide,Moderate
DDInter1532,Promazine,DDInter36,Albiglutide,Moderate
DDInter1533,Promethazine,DDInter36,Albiglutide,Moderate
DDInter1537,Propiomazine,DDInter36,Albiglutide,Moderate
DDInter1553,Quetiapine,DDInter36,Albiglutide,Moderate
DDInter1555,Quinestrol,DDInter36,Albiglutide,Moderate
DDInter1581,Repaglinide,DDInter36,Albiglutide,Moderate
DDInter1605,Risperidone,DDInter36,Albiglutide,Moderate
DDInter1606,Ritodrine,DDInter36,Albiglutide,Moderate
DDInter1607,Ritonavir,DDInter36,Albiglutide,Moderate
DDInter1635,Salmeterol,DDInter36,Albiglutide,Moderate
DDInter1640,Saquinavir,DDInter36,Albiglutide,Moderate
DDInter1661,Sermorelin,DDInter36,Albiglutide,Moderate
DDInter1665,Sibutramine,DDInter36,Albiglutide,Moderate
DDInter1675,Simvastatin,DDInter36,Albiglutide,Minor
DDInter1678,Sirolimus,DDInter36,Albiglutide,Moderate
DDInter36,Albiglutide,DDInter1698,Somapacitan,Moderate
DDInter36,Albiglutide,DDInter1700,Somatrem,Moderate
DDInter1699,Somatotropin,DDInter36,Albiglutide,Moderate
DDInter1705,Sparfloxacin,DDInter36,Albiglutide,Moderate
DDInter1717,Sucralfate,DDInter36,Albiglutide,Moderate
DDInter1735,Tacrolimus,DDInter36,Albiglutide,Moderate
DDInter36,Albiglutide,DDInter1741,Tagraxofusp,Moderate
DDInter1763,Temsirolimus,DDInter36,Albiglutide,Moderate
DDInter1766,Teprotumumab,DDInter36,Albiglutide,Moderate
DDInter1769,Terbutaline,DDInter36,Albiglutide,Moderate
DDInter1773,Tesamorelin,DDInter36,Albiglutide,Moderate
DDInter1793,Thiethylperazine,DDInter36,Albiglutide,Moderate
DDInter1796,Thioridazine,DDInter36,Albiglutide,Moderate
DDInter36,Albiglutide,DDInter1799,"Thyroid, porcine",Moderate
DDInter1800,Thyrotropin alfa,DDInter36,Albiglutide,Moderate
DDInter1817,Tipranavir,DDInter36,Albiglutide,Moderate
DDInter1826,Tolazamide,DDInter36,Albiglutide,Moderate
DDInter1828,Tolbutamide,DDInter36,Albiglutide,Moderate
DDInter1836,Torasemide,DDInter36,Albiglutide,Moderate
DDInter1855,Triamcinolone,DDInter36,Albiglutide,Moderate
DDInter1857,Triamcinolone (ophthalmic),DDInter36,Albiglutide,Moderate
DDInter1858,Triamcinolone (topical),DDInter36,Albiglutide,Minor
DDInter1861,Trichlormethiazide,DDInter36,Albiglutide,Moderate
DDInter1866,Trifluoperazine,DDInter36,Albiglutide,Moderate
DDInter1867,Triflupromazine,DDInter36,Albiglutide,Moderate
DDInter45,Alimemazine,DDInter36,Albiglutide,Moderate
DDInter1880,Triptorelin,DDInter36,Albiglutide,Moderate
DDInter1887,Trovafloxacin,DDInter36,Albiglutide,Moderate
DDInter36,Albiglutide,DDInter1892,Turmeric,Moderate
DDInter1947,Vorinostat,DDInter36,Albiglutide,Moderate
DDInter1951,Warfarin,DDInter36,Albiglutide,Minor
DDInter1967,Ziprasidone,DDInter36,Albiglutide,Moderate
DDInter16,Acetohexamide,DDInter1632,Salbutamol,Moderate
DDInter1632,Salbutamol,DDInter51,Alogliptin,Moderate
DDInter168,Beclomethasone dipropionate,DDInter1632,Salbutamol,Minor
DDInter195,Betamethasone,DDInter1632,Salbutamol,Minor
DDInter1632,Salbutamol,DDInter212,Bisacodyl,Moderate
DDInter1632,Salbutamol,DDInter246,Budesonide,Minor
DDInter1632,Salbutamol,DDInter280,Canagliflozin,Moderate
DDInter1632,Salbutamol,DDInter307,Castor oil,Moderate
DDInter364,Chlorpropamide,DDInter1632,Salbutamol,Moderate
DDInter385,Cisapride,DDInter1632,Salbutamol,Moderate
DDInter1632,Salbutamol,DDInter393,Clarithromycin,Moderate
DDInter1632,Salbutamol,DDInter474,Dapagliflozin,Moderate
DDInter1632,Salbutamol,DDInter513,Dexamethasone,Minor
DDInter547,Diethylpropion,DDInter1632,Salbutamol,Moderate
DDInter581,Dolasetron,DDInter1632,Salbutamol,Moderate
DDInter1632,Salbutamol,DDInter607,Dulaglutide,Moderate
DDInter1632,Salbutamol,DDInter636,Empagliflozin,Moderate
DDInter1632,Salbutamol,DDInter650,Ephedrine,Moderate
DDInter1632,Salbutamol,DDInter651,Ephedrine (nasal),Moderate
DDInter653,Epinephrine (ophthalmic),DDInter1632,Salbutamol,Moderate
DDInter654,Epinephrine (topical),DDInter1632,Salbutamol,Moderate
DDInter1632,Salbutamol,DDInter669,Ertugliflozin,Moderate
DDInter1632,Salbutamol,DDInter706,Exenatide,Moderate
DDInter717,Fenfluramine,DDInter1632,Salbutamol,Moderate
DDInter825,Glimepiride,DDInter1632,Salbutamol,Moderate
DDInter1632,Salbutamol,DDInter826,Glipizide,Moderate
DDInter1632,Salbutamol,DDInter831,Glyburide,Moderate
DDInter1632,Salbutamol,DDInter832,Glycerin,Moderate
DDInter840,Granisetron,DDInter1632,Salbutamol,Moderate
DDInter934,Insulin human,DDInter1632,Salbutamol,Moderate
DDInter1632,Salbutamol,DDInter929,Insulin aspart (aspart),Moderate
DDInter1632,Salbutamol,DDInter928,Insulin aspart (aspart protamine),Moderate
DDInter1632,Salbutamol,DDInter930,Insulin degludec,Moderate
DDInter1632,Salbutamol,DDInter931,Insulin detemir,Moderate
DDInter932,Insulin glargine,DDInter1632,Salbutamol,Moderate
DDInter1632,Salbutamol,DDInter933,Insulin glulisine,Moderate
DDInter935,"Insulin human (inhalation, rapid acting)",DDInter1632,Salbutamol,Moderate
DDInter936,Insulin human (isophane),DDInter1632,Salbutamol,Moderate
DDInter940,Insulin lispro,DDInter1632,Salbutamol,Moderate
DDInter941,Insulin lispro (protamine),DDInter1632,Salbutamol,Moderate
DDInter937,Insulin human (regular),DDInter1632,Salbutamol,Moderate
DDInter939,Insulin human (zinc),DDInter1632,Salbutamol,Moderate
DDInter938,Insulin human (zinc extended),DDInter1632,Salbutamol,Moderate
DDInter1632,Salbutamol,DDInter1016,Lactitol,Moderate
DDInter1018,Lactulose,DDInter1632,Salbutamol,Moderate
DDInter1632,Salbutamol,DDInter1055,Levofloxacin,Moderate
DDInter1632,Salbutamol,DDInter1070,Linagliptin,Moderate
DDInter1632,Salbutamol,DDInter1077,Liraglutide,Moderate
DDInter1632,Salbutamol,DDInter1082,Lixisenatide,Moderate
DDInter1088,Loperamide,DDInter1632,Salbutamol,Moderate
DDInter1632,Salbutamol,DDInter1115,Magnesium citrate,Moderate
DDInter1632,Salbutamol,DDInter1118,Magnesium hydroxide,Moderate
DDInter1123,Mannitol,DDInter1632,Salbutamol,Moderate
DDInter1126,Mazindol,DDInter1632,Salbutamol,Moderate
DDInter1164,Metformin,DDInter1632,Salbutamol,Moderate
DDInter1202,Metronidazole,DDInter1632,Salbutamol,Minor
DDInter1217,Miglitol,DDInter1632,Salbutamol,Moderate
DDInter1632,Salbutamol,DDInter1223,Mineral oil,Moderate
DDInter1269,Nateglinide,DDInter1632,Salbutamol,Moderate
DDInter1342,Ondansetron,DDInter1632,Salbutamol,Moderate
DDInter1382,Palonosetron,DDInter1632,Salbutamol,Moderate
DDInter1632,Salbutamol,DDInter1389,Papaverine,Major
DDInter1632,Salbutamol,DDInter1443,Phenolphthalein,Moderate
DDInter1447,Phentermine,DDInter1632,Salbutamol,Moderate
DDInter1632,Salbutamol,DDInter1472,Pioglitazone,Moderate
DDInter1632,Salbutamol,DDInter1488,Polyethylene glycol (3350),Moderate
DDInter1632,Salbutamol,DDInter1487,Polyethylene glycol (3350 with electrolytes),Moderate
DDInter1632,Salbutamol,DDInter1506,Pramlintide,Moderate
DDInter1513,Prednisolone,DDInter1632,Salbutamol,Minor
DDInter1515,Prednisone,DDInter1632,Salbutamol,Minor
DDInter1581,Repaglinide,DDInter1632,Salbutamol,Moderate
DDInter1621,Rosiglitazone,DDInter1632,Salbutamol,Moderate
DDInter1632,Salbutamol,DDInter1646,Saxagliptin,Moderate
DDInter1632,Salbutamol,DDInter1660,Semaglutide,Moderate
DDInter1632,Salbutamol,DDInter1665,Sibutramine,Moderate
DDInter1632,Salbutamol,DDInter1679,Sitagliptin,Moderate
DDInter1826,Tolazamide,DDInter1632,Salbutamol,Moderate
DDInter1632,Salbutamol,DDInter1828,Tolbutamide,Moderate
DDInter1855,Triamcinolone,DDInter1632,Salbutamol,Minor
DDInter1881,Troglitazone,DDInter1632,Salbutamol,Moderate
DDInter37,Alclometasone (topical),DDInter16,Acetohexamide,Minor
DDInter37,Alclometasone (topical),DDInter51,Alogliptin,Minor
DDInter37,Alclometasone (topical),DDInter280,Canagliflozin,Minor
DDInter37,Alclometasone (topical),DDInter364,Chlorpropamide,Minor
DDInter37,Alclometasone (topical),DDInter474,Dapagliflozin,Minor
DDInter37,Alclometasone (topical),DDInter607,Dulaglutide,Minor
DDInter37,Alclometasone (topical),DDInter636,Empagliflozin,Minor
DDInter37,Alclometasone (topical),DDInter669,Ertugliflozin,Minor
DDInter37,Alclometasone (topical),DDInter706,Exenatide,Minor
DDInter825,Glimepiride,DDInter37,Alclometasone (topical),Minor
DDInter37,Alclometasone (topical),DDInter826,Glipizide,Minor
DDInter37,Alclometasone (topical),DDInter831,Glyburide,Minor
DDInter934,Insulin human,DDInter37,Alclometasone (topical),Minor
DDInter37,Alclometasone (topical),DDInter929,Insulin aspart (aspart),Minor
DDInter37,Alclometasone (topical),DDInter928,Insulin aspart (aspart protamine),Minor
DDInter37,Alclometasone (topical),DDInter930,Insulin degludec,Minor
DDInter37,Alclometasone (topical),DDInter931,Insulin detemir,Minor
DDInter932,Insulin glargine,DDInter37,Alclometasone (topical),Minor
DDInter37,Alclometasone (topical),DDInter933,Insulin glulisine,Minor
DDInter935,"Insulin human (inhalation, rapid acting)",DDInter37,Alclometasone (topical),Minor
DDInter936,Insulin human (isophane),DDInter37,Alclometasone (topical),Minor
DDInter940,Insulin lispro,DDInter37,Alclometasone (topical),Minor
DDInter941,Insulin lispro (protamine),DDInter37,Alclometasone (topical),Minor
DDInter937,Insulin human (regular),DDInter37,Alclometasone (topical),Minor
DDInter939,Insulin human (zinc),DDInter37,Alclometasone (topical),Minor
DDInter938,Insulin human (zinc extended),DDInter37,Alclometasone (topical),Minor
DDInter37,Alclometasone (topical),DDInter1070,Linagliptin,Minor
DDInter37,Alclometasone (topical),DDInter1077,Liraglutide,Minor
DDInter37,Alclometasone (topical),DDInter1082,Lixisenatide,Minor
DDInter37,Alclometasone (topical),DDInter1164,Metformin,Minor
DDInter37,Alclometasone (topical),DDInter1217,Miglitol,Minor
DDInter37,Alclometasone (topical),DDInter1269,Nateglinide,Minor
DDInter37,Alclometasone (topical),DDInter1472,Pioglitazone,Minor
DDInter37,Alclometasone (topical),DDInter1506,Pramlintide,Minor
DDInter37,Alclometasone (topical),DDInter1581,Repaglinide,Minor
DDInter37,Alclometasone (topical),DDInter1621,Rosiglitazone,Minor
DDInter37,Alclometasone (topical),DDInter1646,Saxagliptin,Minor
DDInter37,Alclometasone (topical),DDInter1660,Semaglutide,Minor
DDInter37,Alclometasone (topical),DDInter1679,Sitagliptin,Minor
DDInter37,Alclometasone (topical),DDInter1826,Tolazamide,Minor
DDInter37,Alclometasone (topical),DDInter1828,Tolbutamide,Minor
DDInter1881,Troglitazone,DDInter37,Alclometasone (topical),Minor
DDInter16,Acetohexamide,DDInter690,Ethanol,Moderate
DDInter690,Ethanol,DDInter51,Alogliptin,Moderate
DDInter690,Ethanol,DDInter20,Acetylsalicylic acid,Moderate
DDInter136,Atropine,DDInter690,Ethanol,Moderate
DDInter690,Ethanol,DDInter252,Bupropion,Moderate
DDInter690,Ethanol,DDInter280,Canagliflozin,Moderate
DDInter364,Chlorpropamide,DDInter690,Ethanol,Moderate
DDInter380,Cimetidine,DDInter690,Ethanol,Minor
DDInter397,Clidinium,DDInter690,Ethanol,Moderate
DDInter690,Ethanol,DDInter474,Dapagliflozin,Moderate
DDInter690,Ethanol,DDInter518,Dexfenfluramine,Moderate
DDInter543,Dicyclomine,DDInter690,Ethanol,Moderate
DDInter690,Ethanol,DDInter547,Diethylpropion,Moderate
DDInter601,Dronabinol,DDInter690,Ethanol,Moderate
DDInter690,Ethanol,DDInter607,Dulaglutide,Moderate
DDInter690,Ethanol,DDInter632,Eluxadoline,Major
DDInter690,Ethanol,DDInter636,Empagliflozin,Moderate
DDInter690,Ethanol,DDInter669,Ertugliflozin,Moderate
DDInter690,Ethanol,DDInter706,Exenatide,Moderate
DDInter717,Fenfluramine,DDInter690,Ethanol,Moderate
DDInter825,Glimepiride,DDInter690,Ethanol,Moderate
DDInter690,Ethanol,DDInter826,Glipizide,Moderate
DDInter690,Ethanol,DDInter831,Glyburide,Moderate
DDInter690,Ethanol,DDInter834,Glycopyrronium,Moderate
DDInter896,Hyoscyamine,DDInter690,Ethanol,Moderate
DDInter934,Insulin human,DDInter690,Ethanol,Moderate
DDInter690,Ethanol,DDInter929,Insulin aspart (aspart),Moderate
DDInter690,Ethanol,DDInter928,Insulin aspart (aspart protamine),Moderate
DDInter690,Ethanol,DDInter930,Insulin degludec,Moderate
DDInter690,Ethanol,DDInter931,Insulin detemir,Moderate
DDInter932,Insulin glargine,DDInter690,Ethanol,Moderate
DDInter690,Ethanol,DDInter933,Insulin glulisine,Moderate
DDInter935,"Insulin human (inhalation, rapid acting)",DDInter690,Ethanol,Moderate
DDInter936,Insulin human (isophane),DDInter690,Ethanol,Moderate
DDInter940,Insulin lispro,DDInter690,Ethanol,Moderate
DDInter941,Insulin lispro (protamine),DDInter690,Ethanol,Moderate
DDInter937,Insulin human (regular),DDInter690,Ethanol,Moderate
DDInter939,Insulin human (zinc),DDInter690,Ethanol,Moderate
DDInter938,Insulin human (zinc extended),DDInter690,Ethanol,Moderate
DDInter690,Ethanol,DDInter1070,Linagliptin,Moderate
DDInter690,Ethanol,DDInter1077,Liraglutide,Moderate
DDInter690,Ethanol,DDInter1082,Lixisenatide,Moderate
DDInter1088,Loperamide,DDInter690,Ethanol,Moderate
DDInter1126,Mazindol,DDInter690,Ethanol,Moderate
DDInter690,Ethanol,DDInter1149,Mepenzolate,Moderate
DDInter1164,Metformin,DDInter690,Ethanol,Major
DDInter690,Ethanol,DDInter1180,Methscopolamine,Moderate
DDInter690,Ethanol,DDInter1197,Metoclopramide,Moderate
DDInter690,Ethanol,DDInter1202,Metronidazole,Major
DDInter690,Ethanol,DDInter1203,Metronidazole (topical),Moderate
DDInter1217,Miglitol,DDInter690,Ethanol,Moderate
DDInter1244,Morphine,DDInter690,Ethanol,Major
DDInter1245,Morphine (liposomal),DDInter690,Ethanol,Moderate
DDInter1253,Nabilone,DDInter690,Ethanol,Moderate
DDInter1263,Naltrexone,DDInter690,Ethanol,Moderate
DDInter1269,Nateglinide,DDInter690,Ethanol,Moderate
DDInter690,Ethanol,DDInter1344,Opium,Moderate
DDInter1447,Phentermine,DDInter690,Ethanol,Moderate
DDInter690,Ethanol,DDInter1472,Pioglitazone,Moderate
DDInter690,Ethanol,DDInter1506,Pramlintide,Moderate
DDInter1535,Propantheline,DDInter690,Ethanol,Moderate
DDInter690,Ethanol,DDInter1581,Repaglinide,Moderate
DDInter1621,Rosiglitazone,DDInter690,Ethanol,Moderate
DDInter690,Ethanol,DDInter1622,Rosuvastatin,Moderate
DDInter690,Ethanol,DDInter1646,Saxagliptin,Moderate
DDInter1647,Scopolamine,DDInter690,Ethanol,Moderate
DDInter690,Ethanol,DDInter1660,Semaglutide,Moderate
DDInter690,Ethanol,DDInter1665,Sibutramine,Moderate
DDInter1675,Simvastatin,DDInter690,Ethanol,Moderate
DDInter690,Ethanol,DDInter1679,Sitagliptin,Moderate
DDInter690,Ethanol,DDInter1811,Tinidazole,Moderate
DDInter1826,Tolazamide,DDInter690,Ethanol,Moderate
DDInter690,Ethanol,DDInter1828,Tolbutamide,Moderate
DDInter1881,Troglitazone,DDInter690,Ethanol,Moderate
DDInter1886,Trospium,DDInter690,Ethanol,Moderate
DDInter38,Aldesleukin,DDInter195,Betamethasone,Moderate
DDInter38,Aldesleukin,DDInter246,Budesonide,Moderate
DDInter38,Aldesleukin,DDInter252,Bupropion,Major
DDInter38,Aldesleukin,DDInter513,Dexamethasone,Moderate
DDInter38,Aldesleukin,DDInter601,Dronabinol,Moderate
DDInter38,Aldesleukin,DDInter1055,Levofloxacin,Minor
DDInter38,Aldesleukin,DDInter1244,Morphine,Moderate
DDInter38,Aldesleukin,DDInter1245,Morphine (liposomal),Moderate
DDInter38,Aldesleukin,DDInter1253,Nabilone,Moderate
DDInter38,Aldesleukin,DDInter1263,Naltrexone,Moderate
DDInter38,Aldesleukin,DDInter1300,Nitisinone,Moderate
DDInter38,Aldesleukin,DDInter1344,Opium,Moderate
DDInter38,Aldesleukin,DDInter1487,Polyethylene glycol (3350 with electrolytes),Moderate
DDInter38,Aldesleukin,DDInter1513,Prednisolone,Moderate
DDInter38,Aldesleukin,DDInter1515,Prednisone,Moderate
DDInter38,Aldesleukin,DDInter1855,Triamcinolone,Moderate
DDInter581,Dolasetron,DDInter39,Alectinib,Moderate
DDInter1263,Naltrexone,DDInter39,Alectinib,Moderate
DDInter40,Alefacept,DDInter195,Betamethasone,Moderate
DDInter40,Alefacept,DDInter246,Budesonide,Moderate
DDInter40,Alefacept,DDInter513,Dexamethasone,Moderate
DDInter40,Alefacept,DDInter1513,Prednisolone,Moderate
DDInter40,Alefacept,DDInter1515,Prednisone,Moderate
DDInter40,Alefacept,DDInter1675,Simvastatin,Moderate
DDInter40,Alefacept,DDInter1855,Triamcinolone,Moderate
DDInter40,Alefacept,DDInter1857,Triamcinolone (ophthalmic),Moderate
DDInter40,Alefacept,DDInter1963,Zinc acetate,Minor
DDInter40,Alefacept,DDInter1965,Zinc gluconate,Minor
DDInter40,Alefacept,DDInter1966,Zinc sulfate,Minor
DDInter41,Alemtuzumab,DDInter195,Betamethasone,Moderate
DDInter41,Alemtuzumab,DDInter246,Budesonide,Moderate
DDInter41,Alemtuzumab,DDInter513,Dexamethasone,Moderate
DDInter41,Alemtuzumab,DDInter1513,Prednisolone,Moderate
DDInter41,Alemtuzumab,DDInter1515,Prednisone,Moderate
DDInter41,Alemtuzumab,DDInter1855,Triamcinolone,Moderate
DDInter41,Alemtuzumab,DDInter1857,Triamcinolone (ophthalmic),Moderate
DDInter42,Alendronic acid,DDInter58,Aluminum hydroxide,Moderate
DDInter42,Alendronic acid,DDInter20,Acetylsalicylic acid,Moderate
DDInter42,Alendronic acid,DDInter138,Attapulgite,Moderate
DDInter270,Calcium acetate,DDInter42,Alendronic acid,Moderate
DDInter42,Alendronic acid,DDInter271,Calcium carbonate,Moderate
DDInter42,Alendronic acid,DDInter273,Calcium citrate,Moderate
DDInter42,Alendronic acid,DDInter274,Calcium glubionate anhydrous,Moderate
DDInter42,Alendronic acid,DDInter276,Calcium gluconate,Moderate
DDInter42,Alendronic acid,DDInter278,Calcium lactate,Moderate
DDInter42,Alendronic acid,DDInter279,Calcium Phosphate,Moderate
DDInter42,Alendronic acid,DDInter975,Iron,Moderate
DDInter380,Cimetidine,DDInter42,Alendronic acid,Minor
DDInter42,Alendronic acid,DDInter1004,Kanamycin,Moderate
DDInter42,Alendronic acid,DDInter1005,Kaolin,Moderate
DDInter42,Alendronic acid,DDInter1112,Magaldrate,Moderate
DDInter42,Alendronic acid,DDInter1113,Magnesium carbonate,Moderate
DDInter42,Alendronic acid,DDInter1114,Magnesium chloride,Moderate
DDInter42,Alendronic acid,DDInter1115,Magnesium citrate,Moderate
DDInter42,Alendronic acid,DDInter1116,Magnesium gluconate,Moderate
DDInter42,Alendronic acid,DDInter1118,Magnesium hydroxide,Moderate
DDInter42,Alendronic acid,DDInter1119,Magnesium oxide,Moderate
DDInter42,Alendronic acid,DDInter1120,Magnesium sulfate,Moderate
DDInter42,Alendronic acid,DDInter1277,Neomycin,Moderate
DDInter1309,Nizatidine,DDInter42,Alendronic acid,Minor
DDInter42,Alendronic acid,DDInter1569,Ranitidine (bismuth citrate),Minor
DDInter42,Alendronic acid,DDInter1713,Streptomycin,Moderate
DDInter1717,Sucralfate,DDInter42,Alendronic acid,Moderate
DDInter42,Alendronic acid,DDInter1963,Zinc acetate,Moderate
DDInter42,Alendronic acid,DDInter1965,Zinc gluconate,Moderate
DDInter42,Alendronic acid,DDInter1966,Zinc sulfate,Moderate
DDInter367,Cholecalciferol,DDInter81,Amobarbital,Moderate
DDInter367,Cholecalciferol,DDInter179,Bendroflumethiazide,Moderate
DDInter367,Cholecalciferol,DDInter188,Benzthiazide,Moderate
DDInter367,Cholecalciferol,DDInter256,Butabarbital,Moderate
DDInter367,Cholecalciferol,DDInter257,Butalbital,Moderate
DDInter265,Calcifediol,DDInter367,Cholecalciferol,Major
DDInter367,Cholecalciferol,DDInter267,Calcipotriol (topical),Moderate
DDInter268,Calcitriol,DDInter367,Cholecalciferol,Major
DDInter269,Calcitriol (topical),DDInter367,Cholecalciferol,Moderate
DDInter367,Cholecalciferol,DDInter293,Carbamazepine,Moderate
DDInter367,Cholecalciferol,DDInter360,Chlorothiazide,Moderate
DDInter367,Cholecalciferol,DDInter365,Chlorthalidone,Moderate
DDInter367,Cholecalciferol,DDInter368,Cholestyramine,Moderate
DDInter367,Cholecalciferol,DDInter380,Cimetidine,Minor
DDInter367,Cholecalciferol,DDInter432,Colesevelam,Moderate
DDInter367,Cholecalciferol,DDInter433,Colestipol,Moderate
DDInter367,Cholecalciferol,DDInter553,Digitoxin,Moderate
DDInter367,Cholecalciferol,DDInter554,Digoxin,Moderate
DDInter367,Cholecalciferol,DDInter558,Dihydrotachysterol,Major
DDInter367,Cholecalciferol,DDInter595,Doxercalciferol,Major
DDInter367,Cholecalciferol,DDInter661,Erdafitinib,Major
DDInter662,Ergocalciferol,DDInter367,Cholecalciferol,Major
DDInter367,Cholecalciferol,DDInter715,Felbamate,Moderate
DDInter367,Cholecalciferol,DDInter783,Fosphenytoin,Moderate
DDInter367,Cholecalciferol,DDInter883,Hydrochlorothiazide,Moderate
DDInter367,Cholecalciferol,DDInter889,Hydroflumethiazide,Moderate
DDInter367,Cholecalciferol,DDInter916,Indapamide,Moderate
DDInter367,Cholecalciferol,DDInter986,Isoniazid,Moderate
DDInter367,Cholecalciferol,DDInter1113,Magnesium carbonate,Moderate
DDInter367,Cholecalciferol,DDInter1114,Magnesium chloride,Moderate
DDInter367,Cholecalciferol,DDInter1116,Magnesium gluconate,Moderate
DDInter367,Cholecalciferol,DDInter1117,Magnesium glycinate,Moderate
DDInter367,Cholecalciferol,DDInter1119,Magnesium oxide,Moderate
DDInter367,Cholecalciferol,DDInter1120,Magnesium sulfate,Moderate
DDInter367,Cholecalciferol,DDInter1190,Methylphenobarbital,Moderate
DDInter367,Cholecalciferol,DDInter1199,Metolazone,Moderate
DDInter367,Cholecalciferol,DDInter1223,Mineral oil,Moderate
DDInter367,Cholecalciferol,DDInter1348,Orlistat,Minor
DDInter367,Cholecalciferol,DDInter1360,Oxcarbazepine,Moderate
DDInter367,Cholecalciferol,DDInter1394,Paricalcitol,Major
DDInter367,Cholecalciferol,DDInter1423,Pentobarbital,Moderate
DDInter367,Cholecalciferol,DDInter1442,Phenobarbital,Moderate
DDInter367,Cholecalciferol,DDInter1460,Phenytoin,Moderate
DDInter367,Cholecalciferol,DDInter1490,Polythiazide,Moderate
DDInter367,Cholecalciferol,DDInter1521,Primidone,Moderate
DDInter367,Cholecalciferol,DDInter1589,Rifabutin,Moderate
DDInter367,Cholecalciferol,DDInter1590,Rifampicin,Moderate
DDInter367,Cholecalciferol,DDInter1592,Rifapentine,Moderate
DDInter367,Cholecalciferol,DDInter1627,Rufinamide,Moderate
DDInter367,Cholecalciferol,DDInter1650,Secobarbital,Moderate
DDInter367,Cholecalciferol,DDInter1663,Sevelamer,Moderate
DDInter367,Cholecalciferol,DDInter978,Iron sucrose,Moderate
DDInter367,Cholecalciferol,DDInter1861,Trichlormethiazide,Moderate
DDInter112,Aprepitant,DDInter43,Alfentanil,Major
DDInter136,Atropine,DDInter43,Alfentanil,Moderate
DDInter43,Alfentanil,DDInter252,Bupropion,Major
DDInter380,Cimetidine,DDInter43,Alfentanil,Moderate
DDInter43,Alfentanil,DDInter393,Clarithromycin,Major
DDInter397,Clidinium,DDInter43,Alfentanil,Moderate
DDInter416,Clotrimazole,DDInter43,Alfentanil,Major
DDInter43,Alfentanil,DDInter513,Dexamethasone,Moderate
DDInter43,Alfentanil,DDInter518,Dexfenfluramine,Major
DDInter43,Alfentanil,DDInter543,Dicyclomine,Moderate
DDInter581,Dolasetron,DDInter43,Alfentanil,Major
DDInter601,Dronabinol,DDInter43,Alfentanil,Moderate
DDInter43,Alfentanil,DDInter632,Eluxadoline,Moderate
DDInter717,Fenfluramine,DDInter43,Alfentanil,Major
DDInter43,Alfentanil,DDInter833,Glycerol phenylbutyrate,Moderate
DDInter43,Alfentanil,DDInter834,Glycopyrronium,Moderate
DDInter43,Alfentanil,DDInter840,Granisetron,Major
DDInter896,Hyoscyamine,DDInter43,Alfentanil,Moderate
DDInter43,Alfentanil,DDInter1093,Lorcaserin,Major
DDInter1126,Mazindol,DDInter43,Alfentanil,Moderate
DDInter43,Alfentanil,DDInter1149,Mepenzolate,Moderate
DDInter43,Alfentanil,DDInter1180,Methscopolamine,Moderate
DDInter43,Alfentanil,DDInter1197,Metoclopramide,Moderate
DDInter43,Alfentanil,DDInter1201,Metreleptin,Moderate
DDInter43,Alfentanil,DDInter1209,Miconazole,Moderate
DDInter1244,Morphine,DDInter43,Alfentanil,Moderate
DDInter1245,Morphine (liposomal),DDInter43,Alfentanil,Moderate
DDInter1253,Nabilone,DDInter43,Alfentanil,Moderate
DDInter43,Alfentanil,DDInter1262,Naloxone,Moderate
DDInter1263,Naltrexone,DDInter43,Alfentanil,Major
DDInter43,Alfentanil,DDInter1342,Ondansetron,Major
DDInter43,Alfentanil,DDInter1344,Opium,Moderate
DDInter1382,Palonosetron,DDInter43,Alfentanil,Major
DDInter1447,Phentermine,DDInter43,Alfentanil,Moderate
DDInter43,Alfentanil,DDInter1487,Polyethylene glycol (3350 with electrolytes),Moderate
DDInter1535,Propantheline,DDInter43,Alfentanil,Moderate
DDInter1647,Scopolamine,DDInter43,Alfentanil,Moderate
DDInter43,Alfentanil,DDInter1665,Sibutramine,Major
DDInter1881,Troglitazone,DDInter43,Alfentanil,Moderate
DDInter1886,Trospium,DDInter43,Alfentanil,Moderate
DDInter770,Fluvoxamine,DDInter52,Alosetron,Major
DDInter770,Fluvoxamine,DDInter112,Aprepitant,Moderate
DDInter770,Fluvoxamine,DDInter20,Acetylsalicylic acid,Moderate
DDInter770,Fluvoxamine,DDInter195,Betamethasone,Moderate
DDInter770,Fluvoxamine,DDInter246,Budesonide,Moderate
DDInter770,Fluvoxamine,DDInter247,Budesonide (nasal),Moderate
DDInter770,Fluvoxamine,DDInter364,Chlorpropamide,Moderate
DDInter770,Fluvoxamine,DDInter393,Clarithromycin,Moderate
DDInter770,Fluvoxamine,DDInter547,Diethylpropion,Major
DDInter770,Fluvoxamine,DDInter581,Dolasetron,Major
DDInter770,Fluvoxamine,DDInter601,Dronabinol,Moderate
DDInter770,Fluvoxamine,DDInter629,Eliglustat,Moderate
DDInter770,Fluvoxamine,DDInter632,Eluxadoline,Moderate
DDInter775,Fondaparinux,DDInter20,Acetylsalicylic acid,Major
DDInter777,Fosamprenavir,DDInter51,Alogliptin,Moderate
DDInter52,Alosetron,DDInter777,Fosamprenavir,Moderate
DDInter112,Aprepitant,DDInter777,Fosamprenavir,Moderate
DDInter195,Betamethasone,DDInter777,Fosamprenavir,Moderate
DDInter246,Budesonide,DDInter777,Fosamprenavir,Major
DDInter247,Budesonide (nasal),DDInter777,Fosamprenavir,Moderate
DDInter777,Fosamprenavir,DDInter280,Canagliflozin,Moderate
DDInter364,Chlorpropamide,DDInter777,Fosamprenavir,Moderate
DDInter380,Cimetidine,DDInter777,Fosamprenavir,Moderate
DDInter393,Clarithromycin,DDInter777,Fosamprenavir,Minor
DDInter777,Fosamprenavir,DDInter474,Dapagliflozin,Moderate
DDInter515,Dexamethasone (ophthalmic),DDInter777,Fosamprenavir,Moderate
DDInter777,Fosamprenavir,DDInter519,Dexlansoprazole,Moderate
DDInter777,Fosamprenavir,DDInter607,Dulaglutide,Moderate
DDInter777,Fosamprenavir,DDInter629,Eliglustat,Major
DDInter777,Fosamprenavir,DDInter632,Eluxadoline,Moderate
DDInter777,Fosamprenavir,DDInter636,Empagliflozin,Moderate
DDInter1088,Loperamide,DDInter777,Fosamprenavir,Major
DDInter52,Alosetron,DDInter778,Fosaprepitant,Moderate
DDInter195,Betamethasone,DDInter778,Fosaprepitant,Moderate
DDInter246,Budesonide,DDInter778,Fosaprepitant,Moderate
DDInter247,Budesonide (nasal),DDInter778,Fosaprepitant,Moderate
DDInter380,Cimetidine,DDInter778,Fosaprepitant,Moderate
DDInter393,Clarithromycin,DDInter778,Fosaprepitant,Moderate
DDInter601,Dronabinol,DDInter778,Fosaprepitant,Moderate
DDInter778,Fosaprepitant,DDInter629,Eliglustat,Major
DDInter779,Foscarnet,DDInter85,Amphotericin B,Major
DDInter779,Foscarnet,DDInter87,Amphotericin B (lipid complex),Major
DDInter779,Foscarnet,DDInter164,Balsalazide,Moderate
DDInter168,Beclomethasone dipropionate,DDInter779,Foscarnet,Moderate
DDInter195,Betamethasone,DDInter779,Foscarnet,Moderate
DDInter779,Foscarnet,DDInter212,Bisacodyl,Moderate
DDInter779,Foscarnet,DDInter393,Clarithromycin,Moderate
DDInter779,Foscarnet,DDInter519,Dexlansoprazole,Moderate
DDInter779,Foscarnet,DDInter581,Dolasetron,Major
DDInter779,Foscarnet,DDInter1088,Loperamide,Moderate
DDInter780,Fosfomycin,DDInter164,Balsalazide,Moderate
DDInter781,Fosinopril,DDInter51,Alogliptin,Moderate
DDInter781,Fosinopril,DDInter20,Acetylsalicylic acid,Moderate
DDInter195,Betamethasone,DDInter781,Fosinopril,Moderate
DDInter781,Fosinopril,DDInter246,Budesonide,Moderate
DDInter781,Fosinopril,DDInter280,Canagliflozin,Moderate
DDInter781,Fosinopril,DDInter364,Chlorpropamide,Moderate
DDInter781,Fosinopril,DDInter474,Dapagliflozin,Moderate
DDInter601,Dronabinol,DDInter781,Fosinopril,Moderate
DDInter781,Fosinopril,DDInter636,Empagliflozin,Moderate
DDInter781,Fosinopril,DDInter1496,Potassium bicarbonate,Major
DDInter783,Fosphenytoin,DDInter51,Alogliptin,Moderate
DDInter112,Aprepitant,DDInter783,Fosphenytoin,Moderate
DDInter20,Acetylsalicylic acid,DDInter783,Fosphenytoin,Minor
DDInter195,Betamethasone,DDInter783,Fosphenytoin,Moderate
DDInter265,Calcifediol,DDInter783,Fosphenytoin,Moderate
DDInter268,Calcitriol,DDInter783,Fosphenytoin,Moderate
DDInter783,Fosphenytoin,DDInter280,Canagliflozin,Moderate
DDInter364,Chlorpropamide,DDInter783,Fosphenytoin,Moderate
DDInter380,Cimetidine,DDInter783,Fosphenytoin,Major
DDInter393,Clarithromycin,DDInter783,Fosphenytoin,Moderate
DDInter601,Dronabinol,DDInter783,Fosphenytoin,Moderate
DDInter783,Fosphenytoin,DDInter607,Dulaglutide,Moderate
DDInter783,Fosphenytoin,DDInter629,Eliglustat,Major
DDInter783,Fosphenytoin,DDInter636,Empagliflozin,Moderate
DDInter52,Alosetron,DDInter785,Fostamatinib,Moderate
DDInter59,Alvimopan,DDInter785,Fostamatinib,Moderate
DDInter112,Aprepitant,DDInter785,Fostamatinib,Moderate
DDInter195,Betamethasone,DDInter785,Fostamatinib,Moderate
DDInter246,Budesonide,DDInter785,Fostamatinib,Moderate
DDInter380,Cimetidine,DDInter785,Fostamatinib,Moderate
DDInter393,Clarithromycin,DDInter785,Fostamatinib,Major
DDInter519,Dexlansoprazole,DDInter785,Fostamatinib,Moderate
DDInter581,Dolasetron,DDInter785,Fostamatinib,Moderate
DDInter601,Dronabinol,DDInter785,Fostamatinib,Moderate
DDInter629,Eliglustat,DDInter785,Fostamatinib,Moderate
DDInter636,Empagliflozin,DDInter785,Fostamatinib,Moderate
DDInter1088,Loperamide,DDInter785,Fostamatinib,Moderate
DDInter212,Bisacodyl,DDInter786,Fostemsavir,Moderate
DDInter393,Clarithromycin,DDInter786,Fostemsavir,Moderate
DDInter581,Dolasetron,DDInter786,Fostemsavir,Major
DDInter636,Empagliflozin,DDInter786,Fostemsavir,Moderate
DDInter1088,Loperamide,DDInter786,Fostemsavir,Moderate
DDInter581,Dolasetron,DDInter788,Frovatriptan,Major
DDInter790,Furosemide,DDInter51,Alogliptin,Moderate
DDInter85,Amphotericin B,DDInter790,Furosemide,Moderate
DDInter87,Amphotericin B (lipid complex),DDInter790,Furosemide,Moderate
DDInter790,Furosemide,DDInter20,Acetylsalicylic acid,Minor
DDInter168,Beclomethasone dipropionate,DDInter790,Furosemide,Moderate
DDInter195,Betamethasone,DDInter790,Furosemide,Moderate
DDInter790,Furosemide,DDInter212,Bisacodyl,Moderate
DDInter790,Furosemide,DDInter280,Canagliflozin,Moderate
DDInter364,Chlorpropamide,DDInter790,Furosemide,Moderate
DDInter790,Furosemide,DDInter474,Dapagliflozin,Moderate
DDInter790,Furosemide,DDInter519,Dexlansoprazole,Moderate
DDInter790,Furosemide,DDInter581,Dolasetron,Major
DDInter601,Dronabinol,DDInter790,Furosemide,Moderate
DDInter790,Furosemide,DDInter607,Dulaglutide,Moderate
DDInter790,Furosemide,DDInter636,Empagliflozin,Moderate
DDInter380,Cimetidine,DDInter791,Gabapentin,Minor
DDInter601,Dronabinol,DDInter791,Gabapentin,Moderate
DDInter136,Atropine,DDInter802,Galantamine,Moderate
DDInter380,Cimetidine,DDInter802,Galantamine,Moderate
DDInter802,Galantamine,DDInter393,Clarithromycin,Moderate
DDInter802,Galantamine,DDInter543,Dicyclomine,Moderate
DDInter802,Galantamine,DDInter581,Dolasetron,Moderate
DDInter802,Galantamine,DDInter629,Eliglustat,Moderate
DDInter802,Galantamine,DDInter1088,Loperamide,Moderate
DDInter85,Amphotericin B,DDInter804,Gallium nitrate,Major
DDInter87,Amphotericin B (lipid complex),DDInter804,Gallium nitrate,Major
DDInter164,Balsalazide,DDInter804,Gallium nitrate,Moderate
DDInter85,Amphotericin B,DDInter806,Ganciclovir,Moderate
DDInter87,Amphotericin B (lipid complex),DDInter806,Ganciclovir,Moderate
DDInter810,Gefitinib,DDInter112,Aprepitant,Moderate
DDInter810,Gefitinib,DDInter380,Cimetidine,Moderate
DDInter810,Gefitinib,DDInter393,Clarithromycin,Moderate
DDInter810,Gefitinib,DDInter519,Dexlansoprazole,Moderate
DDInter812,Gemfibrozil,DDInter348,Chenodeoxycholic acid,Moderate
DDInter364,Chlorpropamide,DDInter812,Gemfibrozil,Moderate
DDInter812,Gemfibrozil,DDInter632,Eluxadoline,Major
DDInter1088,Loperamide,DDInter812,Gemfibrozil,Major
DDInter813,Gemifloxacin,DDInter51,Alogliptin,Moderate
DDInter20,Acetylsalicylic acid,DDInter813,Gemifloxacin,Moderate
DDInter195,Betamethasone,DDInter813,Gemifloxacin,Major
DDInter813,Gemifloxacin,DDInter212,Bisacodyl,Moderate
DDInter270,Calcium acetate,DDInter813,Gemifloxacin,Moderate
DDInter813,Gemifloxacin,DDInter280,Canagliflozin,Moderate
DDInter364,Chlorpropamide,DDInter813,Gemifloxacin,Major
DDInter380,Cimetidine,DDInter813,Gemifloxacin,Minor
DDInter813,Gemifloxacin,DDInter393,Clarithromycin,Moderate
DDInter813,Gemifloxacin,DDInter474,Dapagliflozin,Moderate
DDInter581,Dolasetron,DDInter813,Gemifloxacin,Major
DDInter813,Gemifloxacin,DDInter607,Dulaglutide,Moderate
DDInter813,Gemifloxacin,DDInter636,Empagliflozin,Moderate
DDInter1088,Loperamide,DDInter813,Gemifloxacin,Moderate
DDInter112,Aprepitant,DDInter817,Gilteritinib,Moderate
DDInter212,Bisacodyl,DDInter817,Gilteritinib,Moderate
DDInter380,Cimetidine,DDInter817,Gilteritinib,Moderate
DDInter393,Clarithromycin,DDInter817,Gilteritinib,Major
DDInter581,Dolasetron,DDInter817,Gilteritinib,Major
DDInter629,Eliglustat,DDInter817,Gilteritinib,Moderate
DDInter1088,Loperamide,DDInter817,Gilteritinib,Moderate
DDInter44,Alfuzosin,DDInter112,Aprepitant,Moderate
DDInter44,Alfuzosin,DDInter212,Bisacodyl,Moderate
DDInter44,Alfuzosin,DDInter252,Bupropion,Moderate
DDInter44,Alfuzosin,DDInter280,Canagliflozin,Moderate
DDInter44,Alfuzosin,DDInter307,Castor oil,Moderate
DDInter44,Alfuzosin,DDInter380,Cimetidine,Minor
DDInter44,Alfuzosin,DDInter385,Cisapride,Major
DDInter44,Alfuzosin,DDInter393,Clarithromycin,Major
DDInter416,Clotrimazole,DDInter44,Alfuzosin,Moderate
DDInter44,Alfuzosin,DDInter474,Dapagliflozin,Moderate
DDInter44,Alfuzosin,DDInter581,Dolasetron,Major
DDInter44,Alfuzosin,DDInter601,Dronabinol,Moderate
DDInter44,Alfuzosin,DDInter636,Empagliflozin,Moderate
DDInter44,Alfuzosin,DDInter669,Ertugliflozin,Moderate
DDInter44,Alfuzosin,DDInter832,Glycerin,Moderate
DDInter44,Alfuzosin,DDInter840,Granisetron,Moderate
DDInter44,Alfuzosin,DDInter1016,Lactitol,Moderate
DDInter44,Alfuzosin,DDInter1018,Lactulose,Moderate
DDInter44,Alfuzosin,DDInter1055,Levofloxacin,Moderate
DDInter44,Alfuzosin,DDInter1088,Loperamide,Moderate
DDInter44,Alfuzosin,DDInter1115,Magnesium citrate,Moderate
DDInter44,Alfuzosin,DDInter1118,Magnesium hydroxide,Moderate
DDInter44,Alfuzosin,DDInter1202,Metronidazole,Minor
DDInter44,Alfuzosin,DDInter1209,Miconazole,Moderate
DDInter44,Alfuzosin,DDInter1223,Mineral oil,Moderate
DDInter1244,Morphine,DDInter44,Alfuzosin,Moderate
DDInter1245,Morphine (liposomal),DDInter44,Alfuzosin,Moderate
DDInter44,Alfuzosin,DDInter1253,Nabilone,Moderate
DDInter44,Alfuzosin,DDInter1342,Ondansetron,Moderate
DDInter44,Alfuzosin,DDInter1344,Opium,Moderate
DDInter44,Alfuzosin,DDInter1382,Palonosetron,Moderate
DDInter44,Alfuzosin,DDInter1389,Papaverine,Major
DDInter44,Alfuzosin,DDInter1443,Phenolphthalein,Moderate
DDInter44,Alfuzosin,DDInter1488,Polyethylene glycol (3350),Moderate
DDInter44,Alfuzosin,DDInter1487,Polyethylene glycol (3350 with electrolytes),Moderate
DDInter136,Atropine,DDInter1459,Phenyltoloxamine,Moderate
DDInter397,Clidinium,DDInter1459,Phenyltoloxamine,Moderate
DDInter543,Dicyclomine,DDInter1459,Phenyltoloxamine,Moderate
DDInter601,Dronabinol,DDInter1459,Phenyltoloxamine,Moderate
DDInter632,Eluxadoline,DDInter1459,Phenyltoloxamine,Moderate
DDInter834,Glycopyrronium,DDInter1459,Phenyltoloxamine,Moderate
DDInter835,Glycopyrronium (topical),DDInter1459,Phenyltoloxamine,Moderate
DDInter896,Hyoscyamine,DDInter1459,Phenyltoloxamine,Moderate
DDInter1088,Loperamide,DDInter1459,Phenyltoloxamine,Moderate
DDInter1149,Mepenzolate,DDInter1459,Phenyltoloxamine,Moderate
DDInter1459,Phenyltoloxamine,DDInter1180,Methscopolamine,Moderate
DDInter1197,Metoclopramide,DDInter1459,Phenyltoloxamine,Moderate
DDInter1244,Morphine,DDInter1459,Phenyltoloxamine,Moderate
DDInter1245,Morphine (liposomal),DDInter1459,Phenyltoloxamine,Moderate
DDInter1253,Nabilone,DDInter1459,Phenyltoloxamine,Moderate
DDInter1344,Opium,DDInter1459,Phenyltoloxamine,Moderate
DDInter1497,Potassium chloride,DDInter1459,Phenyltoloxamine,Major
DDInter1498,Potassium citrate,DDInter1459,Phenyltoloxamine,Major
DDInter1535,Propantheline,DDInter1459,Phenyltoloxamine,Moderate
DDInter1647,Scopolamine,DDInter1459,Phenyltoloxamine,Moderate
DDInter1886,Trospium,DDInter1459,Phenyltoloxamine,Moderate
DDInter16,Acetohexamide,DDInter1299,Nitazoxanide,Moderate
DDInter1299,Nitazoxanide,DDInter364,Chlorpropamide,Moderate
DDInter825,Glimepiride,DDInter1299,Nitazoxanide,Moderate
DDInter1299,Nitazoxanide,DDInter826,Glipizide,Moderate
DDInter1299,Nitazoxanide,DDInter831,Glyburide,Moderate
DDInter1299,Nitazoxanide,DDInter1826,Tolazamide,Moderate
DDInter1299,Nitazoxanide,DDInter1828,Tolbutamide,Moderate
DDInter112,Aprepitant,DDInter46,Aliskiren,Moderate
DDInter20,Acetylsalicylic acid,DDInter46,Aliskiren,Moderate
DDInter195,Betamethasone,DDInter46,Aliskiren,Moderate
DDInter246,Budesonide,DDInter46,Aliskiren,Moderate
DDInter280,Canagliflozin,DDInter46,Aliskiren,Moderate
DDInter393,Clarithromycin,DDInter46,Aliskiren,Moderate
DDInter416,Clotrimazole,DDInter46,Aliskiren,Moderate
DDInter474,Dapagliflozin,DDInter46,Aliskiren,Moderate
DDInter513,Dexamethasone,DDInter46,Aliskiren,Moderate
DDInter46,Aliskiren,DDInter629,Eliglustat,Moderate
DDInter46,Aliskiren,DDInter636,Empagliflozin,Moderate
DDInter46,Aliskiren,DDInter669,Ertugliflozin,Moderate
DDInter1209,Miconazole,DDInter46,Aliskiren,Moderate
DDInter46,Aliskiren,DDInter1496,Potassium bicarbonate,Moderate
DDInter1497,Potassium chloride,DDInter46,Aliskiren,Moderate
DDInter46,Aliskiren,DDInter1498,Potassium citrate,Moderate
DDInter46,Aliskiren,DDInter1499,Potassium gluconate,Moderate
DDInter1513,Prednisolone,DDInter46,Aliskiren,Moderate
DDInter1515,Prednisone,DDInter46,Aliskiren,Moderate
DDInter46,Aliskiren,DDInter1615,Rolapitant,Moderate
DDInter1855,Triamcinolone,DDInter46,Aliskiren,Moderate
DDInter16,Acetohexamide,DDInter883,Hydrochlorothiazide,Moderate
DDInter883,Hydrochlorothiazide,DDInter51,Alogliptin,Moderate
DDInter85,Amphotericin B,DDInter883,Hydrochlorothiazide,Moderate
DDInter86,Amphotericin B (cholesteryl sulfate),DDInter883,Hydrochlorothiazide,Moderate
DDInter87,Amphotericin B (lipid complex),DDInter883,Hydrochlorothiazide,Moderate
DDInter88,Amphotericin B (liposomal),DDInter883,Hydrochlorothiazide,Moderate
DDInter136,Atropine,DDInter883,Hydrochlorothiazide,Minor
DDInter168,Beclomethasone dipropionate,DDInter883,Hydrochlorothiazide,Moderate
DDInter195,Betamethasone,DDInter883,Hydrochlorothiazide,Moderate
DDInter883,Hydrochlorothiazide,DDInter212,Bisacodyl,Moderate
DDInter883,Hydrochlorothiazide,DDInter252,Bupropion,Moderate
DDInter265,Calcifediol,DDInter883,Hydrochlorothiazide,Moderate
DDInter268,Calcitriol,DDInter883,Hydrochlorothiazide,Moderate
DDInter269,Calcitriol (topical),DDInter883,Hydrochlorothiazide,Moderate
DDInter270,Calcium acetate,DDInter883,Hydrochlorothiazide,Moderate
DDInter883,Hydrochlorothiazide,DDInter271,Calcium carbonate,Moderate
DDInter883,Hydrochlorothiazide,DDInter272,Calcium chloride,Moderate
DDInter883,Hydrochlorothiazide,DDInter273,Calcium citrate,Moderate
DDInter883,Hydrochlorothiazide,DDInter274,Calcium glubionate anhydrous,Moderate
DDInter275,Calcium glucoheptonate,DDInter883,Hydrochlorothiazide,Moderate
DDInter883,Hydrochlorothiazide,DDInter276,Calcium gluconate,Moderate
DDInter883,Hydrochlorothiazide,DDInter278,Calcium lactate,Moderate
DDInter883,Hydrochlorothiazide,DDInter279,Calcium Phosphate,Moderate
DDInter883,Hydrochlorothiazide,DDInter280,Canagliflozin,Moderate
DDInter883,Hydrochlorothiazide,DDInter307,Castor oil,Moderate
DDInter364,Chlorpropamide,DDInter883,Hydrochlorothiazide,Moderate
DDInter385,Cisapride,DDInter883,Hydrochlorothiazide,Major
DDInter397,Clidinium,DDInter883,Hydrochlorothiazide,Minor
DDInter883,Hydrochlorothiazide,DDInter474,Dapagliflozin,Moderate
DDInter883,Hydrochlorothiazide,DDInter513,Dexamethasone,Moderate
DDInter883,Hydrochlorothiazide,DDInter519,Dexlansoprazole,Moderate
DDInter543,Dicyclomine,DDInter883,Hydrochlorothiazide,Minor
DDInter883,Hydrochlorothiazide,DDInter558,Dihydrotachysterol,Moderate
DDInter581,Dolasetron,DDInter883,Hydrochlorothiazide,Major
DDInter601,Dronabinol,DDInter883,Hydrochlorothiazide,Moderate
DDInter883,Hydrochlorothiazide,DDInter607,Dulaglutide,Moderate
DDInter883,Hydrochlorothiazide,DDInter636,Empagliflozin,Moderate
DDInter662,Ergocalciferol,DDInter883,Hydrochlorothiazide,Moderate
DDInter883,Hydrochlorothiazide,DDInter669,Ertugliflozin,Moderate
DDInter676,Esomeprazole,DDInter883,Hydrochlorothiazide,Moderate
DDInter883,Hydrochlorothiazide,DDInter706,Exenatide,Moderate
DDInter825,Glimepiride,DDInter883,Hydrochlorothiazide,Moderate
DDInter883,Hydrochlorothiazide,DDInter826,Glipizide,Moderate
DDInter883,Hydrochlorothiazide,DDInter831,Glyburide,Moderate
DDInter883,Hydrochlorothiazide,DDInter832,Glycerin,Moderate
DDInter834,Glycopyrronium,DDInter883,Hydrochlorothiazide,Minor
DDInter896,Hyoscyamine,DDInter883,Hydrochlorothiazide,Minor
DDInter934,Insulin human,DDInter883,Hydrochlorothiazide,Moderate
DDInter883,Hydrochlorothiazide,DDInter929,Insulin aspart (aspart),Moderate
DDInter883,Hydrochlorothiazide,DDInter928,Insulin aspart (aspart protamine),Moderate
DDInter883,Hydrochlorothiazide,DDInter930,Insulin degludec,Moderate
DDInter883,Hydrochlorothiazide,DDInter931,Insulin detemir,Moderate
DDInter932,Insulin glargine,DDInter883,Hydrochlorothiazide,Moderate
DDInter883,Hydrochlorothiazide,DDInter933,Insulin glulisine,Moderate
DDInter935,"Insulin human (inhalation, rapid acting)",DDInter883,Hydrochlorothiazide,Moderate
DDInter936,Insulin human (isophane),DDInter883,Hydrochlorothiazide,Moderate
DDInter940,Insulin lispro,DDInter883,Hydrochlorothiazide,Moderate
DDInter941,Insulin lispro (protamine),DDInter883,Hydrochlorothiazide,Moderate
DDInter937,Insulin human (regular),DDInter883,Hydrochlorothiazide,Moderate
DDInter939,Insulin human (zinc),DDInter883,Hydrochlorothiazide,Moderate
DDInter938,Insulin human (zinc extended),DDInter883,Hydrochlorothiazide,Moderate
DDInter883,Hydrochlorothiazide,DDInter1016,Lactitol,Moderate
DDInter1018,Lactulose,DDInter883,Hydrochlorothiazide,Moderate
DDInter1022,Lansoprazole,DDInter883,Hydrochlorothiazide,Moderate
DDInter883,Hydrochlorothiazide,DDInter1070,Linagliptin,Moderate
DDInter883,Hydrochlorothiazide,DDInter1077,Liraglutide,Moderate
DDInter883,Hydrochlorothiazide,DDInter1082,Lixisenatide,Moderate
DDInter883,Hydrochlorothiazide,DDInter1115,Magnesium citrate,Moderate
DDInter883,Hydrochlorothiazide,DDInter1118,Magnesium hydroxide,Moderate
DDInter883,Hydrochlorothiazide,DDInter1149,Mepenzolate,Minor
DDInter1164,Metformin,DDInter883,Hydrochlorothiazide,Moderate
DDInter883,Hydrochlorothiazide,DDInter1180,Methscopolamine,Minor
DDInter1217,Miglitol,DDInter883,Hydrochlorothiazide,Moderate
DDInter883,Hydrochlorothiazide,DDInter1223,Mineral oil,Moderate
DDInter883,Hydrochlorothiazide,DDInter1224,Minocycline,Minor
DDInter1244,Morphine,DDInter883,Hydrochlorothiazide,Moderate
DDInter1253,Nabilone,DDInter883,Hydrochlorothiazide,Moderate
DDInter1269,Nateglinide,DDInter883,Hydrochlorothiazide,Moderate
DDInter1340,Omeprazole,DDInter883,Hydrochlorothiazide,Moderate
DDInter883,Hydrochlorothiazide,DDInter1344,Opium,Moderate
DDInter1388,Pantoprazole,DDInter883,Hydrochlorothiazide,Moderate
DDInter883,Hydrochlorothiazide,DDInter1443,Phenolphthalein,Moderate
DDInter883,Hydrochlorothiazide,DDInter1472,Pioglitazone,Moderate
DDInter883,Hydrochlorothiazide,DDInter1488,Polyethylene glycol (3350),Moderate
DDInter883,Hydrochlorothiazide,DDInter1487,Polyethylene glycol (3350 with electrolytes),Moderate
DDInter883,Hydrochlorothiazide,DDInter1506,Pramlintide,Moderate
DDInter1513,Prednisolone,DDInter883,Hydrochlorothiazide,Moderate
DDInter1515,Prednisone,DDInter883,Hydrochlorothiazide,Moderate
DDInter1535,Propantheline,DDInter883,Hydrochlorothiazide,Minor
DDInter1581,Repaglinide,DDInter883,Hydrochlorothiazide,Moderate
DDInter1621,Rosiglitazone,DDInter883,Hydrochlorothiazide,Moderate
DDInter883,Hydrochlorothiazide,DDInter1646,Saxagliptin,Moderate
DDInter1647,Scopolamine,DDInter883,Hydrochlorothiazide,Minor
DDInter883,Hydrochlorothiazide,DDInter1660,Semaglutide,Moderate
DDInter883,Hydrochlorothiazide,DDInter1665,Sibutramine,Moderate
DDInter883,Hydrochlorothiazide,DDInter1679,Sitagliptin,Moderate
DDInter1783,Tetracycline,DDInter883,Hydrochlorothiazide,Minor
DDInter1826,Tolazamide,DDInter883,Hydrochlorothiazide,Moderate
DDInter883,Hydrochlorothiazide,DDInter1828,Tolbutamide,Moderate
DDInter1855,Triamcinolone,DDInter883,Hydrochlorothiazide,Moderate
DDInter1881,Troglitazone,DDInter883,Hydrochlorothiazide,Moderate
DDInter1886,Trospium,DDInter883,Hydrochlorothiazide,Minor
DDInter216,Bisoprolol,DDInter1180,Methscopolamine,Moderate
DDInter303,Carteolol,DDInter1180,Methscopolamine,Moderate
DDInter622,Edrophonium,DDInter1180,Methscopolamine,Moderate
DDInter896,Hyoscyamine,DDInter362,Chlorpheniramine,Moderate
DDInter1008,Ketoconazole,DDInter1180,Methscopolamine,Moderate
DDInter1013,Labetalol,DDInter1180,Methscopolamine,Moderate
DDInter1054,Levodopa,DDInter1180,Methscopolamine,Moderate
DDInter1255,Nadolol,DDInter1180,Methscopolamine,Moderate
DDInter1279,Neostigmine,DDInter1180,Methscopolamine,Moderate
DDInter1417,Penbutolol,DDInter1180,Methscopolamine,Moderate
DDInter1498,Potassium citrate,DDInter1180,Methscopolamine,Major
DDInter1539,Propranolol,DDInter1180,Methscopolamine,Moderate
DDInter1548,Pyridostigmine,DDInter1180,Methscopolamine,Moderate
DDInter1647,Scopolamine,DDInter362,Chlorpheniramine,Moderate
DDInter1704,Sotalol,DDInter1180,Methscopolamine,Moderate
DDInter1971,Zonisamide,DDInter1180,Methscopolamine,Major
DDInter343,Cetirizine,DDInter252,Bupropion,Moderate
DDInter343,Cetirizine,DDInter601,Dronabinol,Moderate
DDInter343,Cetirizine,DDInter1088,Loperamide,Moderate
DDInter343,Cetirizine,DDInter1197,Metoclopramide,Moderate
DDInter1244,Morphine,DDInter343,Cetirizine,Moderate
DDInter1245,Morphine (liposomal),DDInter343,Cetirizine,Moderate
DDInter343,Cetirizine,DDInter1253,Nabilone,Moderate
DDInter343,Cetirizine,DDInter1344,Opium,Moderate
DDInter1545,Pseudoephedrine,DDInter1498,Potassium citrate,Moderate
DDInter48,Allopurinol,DDInter58,Aluminum hydroxide,Moderate
DDInter48,Allopurinol,DDInter83,Amoxicillin,Minor
DDInter48,Allopurinol,DDInter138,Attapulgite,Moderate
DDInter48,Allopurinol,DDInter364,Chlorpropamide,Minor
DDInter48,Allopurinol,DDInter1005,Kaolin,Moderate
DDInter48,Allopurinol,DDInter1112,Magaldrate,Moderate
DDInter1717,Sucralfate,DDInter48,Allopurinol,Moderate
DDInter112,Aprepitant,DDInter49,Almotriptan,Moderate
DDInter49,Almotriptan,DDInter393,Clarithromycin,Moderate
DDInter49,Almotriptan,DDInter518,Dexfenfluramine,Major
DDInter581,Dolasetron,DDInter49,Almotriptan,Major
DDInter717,Fenfluramine,DDInter49,Almotriptan,Major
DDInter840,Granisetron,DDInter49,Almotriptan,Major
DDInter49,Almotriptan,DDInter1093,Lorcaserin,Major
DDInter1244,Morphine,DDInter49,Almotriptan,Moderate
DDInter1245,Morphine (liposomal),DDInter49,Almotriptan,Moderate
DDInter1342,Ondansetron,DDInter49,Almotriptan,Major
DDInter1382,Palonosetron,DDInter49,Almotriptan,Major
DDInter49,Almotriptan,DDInter1665,Sibutramine,Major
DDInter16,Acetohexamide,DDInter51,Alogliptin,Moderate
DDInter51,Alogliptin,DDInter50,Aloe Vera Leaf,Moderate
DDInter51,Alogliptin,DDInter53,Alpelisib,Moderate
DDInter63,Amcinonide,DDInter51,Alogliptin,Minor
DDInter90,Amprenavir,DDInter51,Alogliptin,Moderate
DDInter118,Aripiprazole,DDInter51,Alogliptin,Moderate
DDInter51,Alogliptin,DDInter125,Asenapine,Moderate
DDInter51,Alogliptin,DDInter126,Asparaginase Erwinia chrysanthemi,Moderate
DDInter127,Asparaginase Escherichia coli,DDInter51,Alogliptin,Moderate
DDInter129,Atazanavir,DDInter51,Alogliptin,Moderate
DDInter177,Benazepril,DDInter51,Alogliptin,Moderate
DDInter179,Bendroflumethiazide,DDInter51,Alogliptin,Moderate
DDInter187,Benzphetamine,DDInter51,Alogliptin,Moderate
DDInter188,Benzthiazide,DDInter51,Alogliptin,Moderate
DDInter195,Betamethasone,DDInter51,Alogliptin,Moderate
DDInter196,Betamethasone (topical),DDInter51,Alogliptin,Minor
DDInter202,Bexarotene,DDInter51,Alogliptin,Major
DDInter222,Bortezomib,DDInter51,Alogliptin,Moderate
DDInter51,Alogliptin,DDInter228,Brentuximab vedotin,Moderate
DDInter51,Alogliptin,DDInter231,Brexpiprazole,Moderate
DDInter51,Alogliptin,DDInter233,Brigatinib,Moderate
DDInter248,Bumetanide,DDInter51,Alogliptin,Moderate
DDInter51,Alogliptin,DDInter264,Calaspargase pegol,Moderate
DDInter292,Captopril,DDInter51,Alogliptin,Moderate
DDInter300,Cariprazine,DDInter51,Alogliptin,Moderate
DDInter51,Alogliptin,DDInter340,Ceritinib,Moderate
DDInter360,Chlorothiazide,DDInter51,Alogliptin,Moderate
DDInter363,Chlorpromazine,DDInter51,Alogliptin,Moderate
DDInter364,Chlorpropamide,DDInter51,Alogliptin,Moderate
DDInter365,Chlorthalidone,DDInter51,Alogliptin,Moderate
DDInter51,Alogliptin,DDInter373,Chromic chloride,Moderate
DDInter51,Alogliptin,DDInter374,Chromium picolinate,Moderate
DDInter383,Cinoxacin,DDInter51,Alogliptin,Moderate
DDInter384,Ciprofloxacin,DDInter51,Alogliptin,Moderate
DDInter393,Clarithromycin,DDInter51,Alogliptin,Moderate
DDInter51,Alogliptin,DDInter403,Clobetasol (topical),Minor
DDInter404,Clocortolone (topical),DDInter51,Alogliptin,Minor
DDInter419,Clozapine,DDInter51,Alogliptin,Moderate
DDInter439,Conjugated estrogens,DDInter51,Alogliptin,Moderate
DDInter440,Conjugated estrogens (topical),DDInter51,Alogliptin,Moderate
DDInter51,Alogliptin,DDInter441,Copanlisib,Moderate
DDInter445,Corticotropin,DDInter51,Alogliptin,Moderate
DDInter1782,Tetracosactide,DDInter51,Alogliptin,Moderate
DDInter51,Alogliptin,DDInter462,Dabrafenib,Moderate
DDInter472,Danazol,DDInter51,Alogliptin,Moderate
DDInter482,Darunavir,DDInter51,Alogliptin,Moderate
DDInter51,Alogliptin,DDInter492,Deflazacort,Moderate
DDInter51,Alogliptin,DDInter495,Delafloxacin,Moderate
DDInter509,Desonide (topical),DDInter51,Alogliptin,Minor
DDInter510,Desoximetasone (topical),DDInter51,Alogliptin,Minor
DDInter513,Dexamethasone,DDInter51,Alogliptin,Moderate
DDInter515,Dexamethasone (ophthalmic),DDInter51,Alogliptin,Minor
DDInter516,Dexamethasone (topical),DDInter51,Alogliptin,Minor
DDInter518,Dexfenfluramine,DDInter51,Alogliptin,Moderate
DDInter535,Diazoxide,DDInter51,Alogliptin,Moderate
DDInter540,Diclofenamide,DDInter51,Alogliptin,Moderate
DDInter545,Dienestrol (topical),DDInter51,Alogliptin,Moderate
DDInter547,Diethylpropion,DDInter51,Alogliptin,Moderate
DDInter548,Diethylstilbestrol,DDInter51,Alogliptin,Moderate
DDInter550,Diflorasone (topical),DDInter51,Alogliptin,Minor
DDInter577,Dobutamine,DDInter51,Alogliptin,Moderate
DDInter584,Dopamine,DDInter51,Alogliptin,Moderate
DDInter604,Drospirenone,DDInter51,Alogliptin,Moderate
DDInter638,Enalapril,DDInter51,Alogliptin,Moderate
DDInter51,Alogliptin,DDInter642,Enfortumab vedotin,Moderate
DDInter644,Enoxacin,DDInter51,Alogliptin,Moderate
DDInter650,Ephedrine,DDInter51,Alogliptin,Moderate
DDInter51,Alogliptin,DDInter678,Esterified estrogens,Moderate
DDInter679,Estradiol,DDInter51,Alogliptin,Moderate
DDInter680,Estradiol (topical),DDInter51,Alogliptin,Moderate
DDInter681,Estramustine,DDInter51,Alogliptin,Moderate
DDInter682,Estrone,DDInter51,Alogliptin,Moderate
DDInter683,Estrone sulfate,DDInter51,Alogliptin,Moderate
DDInter684,Estrone sulfate (topical),DDInter51,Alogliptin,Moderate
DDInter686,Etacrynic acid,DDInter51,Alogliptin,Moderate
DDInter701,Etonogestrel,DDInter51,Alogliptin,Moderate
DDInter704,Everolimus,DDInter51,Alogliptin,Moderate
DDInter717,Fenfluramine,DDInter51,Alogliptin,Moderate
DDInter747,Fludrocortisone,DDInter51,Alogliptin,Moderate
DDInter753,Fluocinonide (topical),DDInter51,Alogliptin,Minor
DDInter760,Fluphenazine,DDInter51,Alogliptin,Moderate
DDInter761,Flurandrenolide (topical),DDInter51,Alogliptin,Minor
DDInter51,Alogliptin,DDInter768,Fluticasone (topical),Minor
DDInter809,Gatifloxacin,DDInter51,Alogliptin,Major
DDInter820,Ginseng,DDInter51,Alogliptin,Moderate
DDInter825,Glimepiride,DDInter51,Alogliptin,Moderate
DDInter826,Glipizide,DDInter51,Alogliptin,Moderate
DDInter831,Glyburide,DDInter51,Alogliptin,Moderate
DDInter839,Goserelin,DDInter51,Alogliptin,Moderate
DDInter842,Grepafloxacin,DDInter51,Alogliptin,Moderate
DDInter51,Alogliptin,DDInter851,Halcinonide (topical),Minor
DDInter1898,Ulobetasol (topical),DDInter51,Alogliptin,Minor
DDInter51,Alogliptin,DDInter864,Histrelin,Moderate
DDInter889,Hydroflumethiazide,DDInter51,Alogliptin,Moderate
DDInter907,Iloperidone,DDInter51,Alogliptin,Moderate
DDInter915,Indacaterol,DDInter51,Alogliptin,Moderate
DDInter916,Indapamide,DDInter51,Alogliptin,Moderate
DDInter917,Indinavir,DDInter51,Alogliptin,Moderate
DDInter934,Insulin human,DDInter51,Alogliptin,Moderate
DDInter929,Insulin aspart (aspart),DDInter51,Alogliptin,Moderate
DDInter928,Insulin aspart (aspart protamine),DDInter51,Alogliptin,Moderate
DDInter51,Alogliptin,DDInter930,Insulin degludec,Moderate
DDInter931,Insulin detemir,DDInter51,Alogliptin,Moderate
DDInter932,Insulin glargine,DDInter51,Alogliptin,Moderate
DDInter933,Insulin glulisine,DDInter51,Alogliptin,Moderate
DDInter935,"Insulin human (inhalation, rapid acting)",DDInter51,Alogliptin,Moderate
DDInter936,Insulin human (isophane),DDInter51,Alogliptin,Moderate
DDInter940,Insulin lispro,DDInter51,Alogliptin,Moderate
DDInter941,Insulin lispro (protamine),DDInter51,Alogliptin,Moderate
DDInter937,Insulin human (regular),DDInter51,Alogliptin,Moderate
DDInter939,Insulin human (zinc),DDInter51,Alogliptin,Moderate
DDInter938,Insulin human (zinc extended),DDInter51,Alogliptin,Moderate
DDInter986,Isoniazid,DDInter51,Alogliptin,Moderate
DDInter987,Isoprenaline,DDInter51,Alogliptin,Moderate
DDInter51,Alogliptin,DDInter1021,Lanreotide,Moderate
DDInter1042,Leuprolide,DDInter51,Alogliptin,Moderate
DDInter1055,Levofloxacin,DDInter51,Alogliptin,Moderate
DDInter1061,Levonorgestrel,DDInter51,Alogliptin,Moderate
DDInter1064,Levothyroxine,DDInter51,Alogliptin,Moderate
DDInter1074,Liothyronine,DDInter51,Alogliptin,Moderate
DDInter1075,Liotrix,DDInter51,Alogliptin,Moderate
DDInter1079,Lisinopril,DDInter51,Alogliptin,Moderate
DDInter51,Alogliptin,DDInter1081,Lithium carbonate,Moderate
DDInter1084,Lomefloxacin,DDInter51,Alogliptin,Moderate
DDInter1093,Lorcaserin,DDInter51,Alogliptin,Moderate
DDInter1102,Lumateperone,DDInter51,Alogliptin,Moderate
DDInter51,Alogliptin,DDInter1104,Lurasidone,Moderate
DDInter1126,Mazindol,DDInter51,Alogliptin,Moderate
DDInter1137,Medroxyprogesterone acetate,DDInter51,Alogliptin,Moderate
DDInter1141,Megestrol acetate,DDInter51,Alogliptin,Moderate
DDInter1151,Mephentermine,DDInter51,Alogliptin,Moderate
DDInter1159,Mesoridazine,DDInter51,Alogliptin,Moderate
DDInter1346,Orciprenaline,DDInter51,Alogliptin,Moderate
DDInter1162,Metaraminol,DDInter51,Alogliptin,Moderate
DDInter1161,Metamfetamine,DDInter51,Alogliptin,Moderate
DDInter1167,Methazolamide,DDInter51,Alogliptin,Moderate
DDInter1168,Methdilazine,DDInter51,Alogliptin,Moderate
DDInter1175,Methotrimeprazine,DDInter51,Alogliptin,Moderate
DDInter1176,Methoxamine,DDInter51,Alogliptin,Moderate
DDInter1191,Methylprednisolone,DDInter51,Alogliptin,Moderate
DDInter1192,Methylprednisolone (topical),DDInter51,Alogliptin,Minor
DDInter1199,Metolazone,DDInter51,Alogliptin,Moderate
DDInter51,Alogliptin,DDInter1214,Midostaurin,Moderate
DDInter1237,Moexipril,DDInter51,Alogliptin,Moderate
DDInter1247,Moxifloxacin,DDInter51,Alogliptin,Moderate
DDInter1259,Nalidixic acid,DDInter51,Alogliptin,Moderate
DDInter1269,Nateglinide,DDInter51,Alogliptin,Moderate
DDInter1276,Nelfinavir,DDInter51,Alogliptin,Moderate
DDInter1286,Niacin,DDInter51,Alogliptin,Moderate
DDInter1289,Nicotinamide,DDInter51,Alogliptin,Moderate
DDInter1311,Norepinephrine,DDInter51,Alogliptin,Moderate
DDInter1312,Norethisterone,DDInter51,Alogliptin,Moderate
DDInter1313,Norfloxacin,DDInter51,Alogliptin,Moderate
DDInter51,Alogliptin,DDInter1315,Norgestrel,Moderate
DDInter1323,Octreotide,DDInter51,Alogliptin,Moderate
DDInter1325,Ofloxacin,DDInter51,Alogliptin,Moderate
DDInter1326,Olanzapine,DDInter51,Alogliptin,Moderate
DDInter1335,Omacetaxine mepesuccinate,DDInter51,Alogliptin,Moderate
DDInter1348,Orlistat,DDInter51,Alogliptin,Moderate
DDInter1381,Paliperidone,DDInter51,Alogliptin,Moderate
DDInter51,Alogliptin,DDInter1398,Pasireotide,Moderate
DDInter1404,Pegaspargase,DDInter51,Alogliptin,Moderate
DDInter1412,Pegvisomant,DDInter51,Alogliptin,Moderate
DDInter1420,Pentamidine,DDInter51,Alogliptin,Moderate
DDInter1431,Perindopril,DDInter51,Alogliptin,Moderate
DDInter1432,Perphenazine,DDInter51,Alogliptin,Moderate
DDInter1439,Phendimetrazine,DDInter51,Alogliptin,Moderate
DDInter1447,Phentermine,DDInter51,Alogliptin,Moderate
DDInter1458,Phenylpropanolamine,DDInter51,Alogliptin,Moderate
DDInter1460,Phenytoin,DDInter51,Alogliptin,Moderate
DDInter1490,Polythiazide,DDInter51,Alogliptin,Moderate
DDInter1512,Prednicarbate (topical),DDInter51,Alogliptin,Minor
DDInter1513,Prednisolone,DDInter51,Alogliptin,Moderate
DDInter1515,Prednisone,DDInter51,Alogliptin,Moderate
DDInter1527,Prochlorperazine,DDInter51,Alogliptin,Moderate
DDInter1529,Progesterone,DDInter51,Alogliptin,Moderate
DDInter1530,Progesterone (topical),DDInter51,Alogliptin,Moderate
DDInter1532,Promazine,DDInter51,Alogliptin,Moderate
DDInter1533,Promethazine,DDInter51,Alogliptin,Moderate
DDInter1537,Propiomazine,DDInter51,Alogliptin,Moderate
DDInter1553,Quetiapine,DDInter51,Alogliptin,Moderate
DDInter1555,Quinestrol,DDInter51,Alogliptin,Moderate
DDInter1565,Ramipril,DDInter51,Alogliptin,Moderate
DDInter1581,Repaglinide,DDInter51,Alogliptin,Moderate
DDInter1605,Risperidone,DDInter51,Alogliptin,Moderate
DDInter1606,Ritodrine,DDInter51,Alogliptin,Moderate
DDInter1607,Ritonavir,DDInter51,Alogliptin,Moderate
DDInter1635,Salmeterol,DDInter51,Alogliptin,Moderate
DDInter1640,Saquinavir,DDInter51,Alogliptin,Moderate
DDInter1661,Sermorelin,DDInter51,Alogliptin,Moderate
DDInter1665,Sibutramine,DDInter51,Alogliptin,Moderate
DDInter1678,Sirolimus,DDInter51,Alogliptin,Moderate
DDInter51,Alogliptin,DDInter1698,Somapacitan,Moderate
DDInter51,Alogliptin,DDInter1700,Somatrem,Moderate
DDInter1699,Somatotropin,DDInter51,Alogliptin,Moderate
DDInter1705,Sparfloxacin,DDInter51,Alogliptin,Moderate
DDInter1717,Sucralfate,DDInter51,Alogliptin,Moderate
DDInter1735,Tacrolimus,DDInter51,Alogliptin,Moderate
DDInter51,Alogliptin,DDInter1741,Tagraxofusp,Moderate
DDInter51,Alogliptin,DDInter1763,Temsirolimus,Moderate
DDInter51,Alogliptin,DDInter1766,Teprotumumab,Moderate
DDInter1769,Terbutaline,DDInter51,Alogliptin,Moderate
DDInter51,Alogliptin,DDInter1773,Tesamorelin,Moderate
DDInter1793,Thiethylperazine,DDInter51,Alogliptin,Moderate
DDInter1796,Thioridazine,DDInter51,Alogliptin,Moderate
DDInter51,Alogliptin,DDInter1799,"Thyroid, porcine",Moderate
DDInter1800,Thyrotropin alfa,DDInter51,Alogliptin,Moderate
DDInter1817,Tipranavir,DDInter51,Alogliptin,Moderate
DDInter1826,Tolazamide,DDInter51,Alogliptin,Moderate
DDInter1828,Tolbutamide,DDInter51,Alogliptin,Moderate
DDInter1836,Torasemide,DDInter51,Alogliptin,Moderate
DDInter1843,Trandolapril,DDInter51,Alogliptin,Moderate
DDInter1855,Triamcinolone,DDInter51,Alogliptin,Moderate
DDInter1857,Triamcinolone (ophthalmic),DDInter51,Alogliptin,Moderate
DDInter1858,Triamcinolone (topical),DDInter51,Alogliptin,Minor
DDInter1861,Trichlormethiazide,DDInter51,Alogliptin,Moderate
DDInter1866,Trifluoperazine,DDInter51,Alogliptin,Moderate
DDInter1867,Triflupromazine,DDInter51,Alogliptin,Moderate
DDInter45,Alimemazine,DDInter51,Alogliptin,Moderate
DDInter51,Alogliptin,DDInter1880,Triptorelin,Moderate
DDInter1887,Trovafloxacin,DDInter51,Alogliptin,Moderate
DDInter51,Alogliptin,DDInter1892,Turmeric,Moderate
DDInter1947,Vorinostat,DDInter51,Alogliptin,Moderate
DDInter1967,Ziprasidone,DDInter51,Alogliptin,Moderate
DDInter1164,Metformin,DDInter16,Acetohexamide,Moderate
DDInter1164,Metformin,DDInter50,Aloe Vera Leaf,Moderate
DDInter1164,Metformin,DDInter53,Alpelisib,Moderate
DDInter1076,Lipoic acid,DDInter1164,Metformin,Minor
DDInter63,Amcinonide,DDInter1164,Metformin,Minor
DDInter1164,Metformin,DDInter68,Amiloride,Moderate
DDInter1164,Metformin,DDInter90,Amprenavir,Moderate
DDInter1164,Metformin,DDInter98,Anisindione,Moderate
DDInter1164,Metformin,DDInter118,Aripiprazole,Moderate
DDInter1164,Metformin,DDInter125,Asenapine,Moderate
DDInter1164,Metformin,DDInter126,Asparaginase Erwinia chrysanthemi,Moderate
DDInter1164,Metformin,DDInter129,Atazanavir,Moderate
DDInter1164,Metformin,DDInter179,Bendroflumethiazide,Moderate
DDInter1164,Metformin,DDInter187,Benzphetamine,Moderate
DDInter1164,Metformin,DDInter195,Betamethasone,Moderate
DDInter222,Bortezomib,DDInter1164,Metformin,Moderate
DDInter1164,Metformin,DDInter228,Brentuximab vedotin,Moderate
DDInter1164,Metformin,DDInter231,Brexpiprazole,Moderate
DDInter1164,Metformin,DDInter233,Brigatinib,Moderate
DDInter1164,Metformin,DDInter241,Bromfenac,Moderate
DDInter1164,Metformin,DDInter248,Bumetanide,Moderate
DDInter1164,Metformin,DDInter264,Calaspargase pegol,Moderate
DDInter1164,Metformin,DDInter287,Capmatinib,Moderate
DDInter1164,Metformin,DDInter292,Captopril,Moderate
DDInter1164,Metformin,DDInter300,Cariprazine,Moderate
DDInter1164,Metformin,DDInter336,Celecoxib,Moderate
DDInter1164,Metformin,DDInter339,Cephalexin,Moderate
DDInter1164,Metformin,DDInter340,Ceritinib,Moderate
DDInter1164,Metformin,DDInter360,Chlorothiazide,Moderate
DDInter1164,Metformin,DDInter363,Chlorpromazine,Moderate
DDInter1164,Metformin,DDInter364,Chlorpropamide,Moderate
DDInter365,Chlorthalidone,DDInter1164,Metformin,Moderate
DDInter1164,Metformin,DDInter373,Chromic chloride,Moderate
DDInter1164,Metformin,DDInter374,Chromium picolinate,Moderate
DDInter1164,Metformin,DDInter380,Cimetidine,Moderate
DDInter1164,Metformin,DDInter384,Ciprofloxacin,Moderate
DDInter1164,Metformin,DDInter393,Clarithromycin,Moderate
DDInter1164,Metformin,DDInter403,Clobetasol (topical),Minor
DDInter1164,Metformin,DDInter404,Clocortolone (topical),Minor
DDInter1164,Metformin,DDInter419,Clozapine,Moderate
DDInter1164,Metformin,DDInter432,Colesevelam,Moderate
DDInter440,Conjugated estrogens (topical),DDInter1164,Metformin,Moderate
DDInter1164,Metformin,DDInter441,Copanlisib,Moderate
DDInter1164,Metformin,DDInter1782,Tetracosactide,Moderate
DDInter1164,Metformin,DDInter448,Crizotinib,Moderate
DDInter1164,Metformin,DDInter462,Dabrafenib,Moderate
DDInter1164,Metformin,DDInter464,Daclatasvir,Moderate
DDInter1164,Metformin,DDInter468,Dalfampridine,Moderate
DDInter1164,Metformin,DDInter482,Darunavir,Moderate
DDInter1164,Metformin,DDInter492,Deflazacort,Moderate
DDInter1164,Metformin,DDInter495,Delafloxacin,Moderate
DDInter1164,Metformin,DDInter509,Desonide (topical),Minor
DDInter1164,Metformin,DDInter510,Desoximetasone (topical),Minor
DDInter1164,Metformin,DDInter513,Dexamethasone,Moderate
DDInter1164,Metformin,DDInter515,Dexamethasone (ophthalmic),Minor
DDInter1164,Metformin,DDInter516,Dexamethasone (topical),Minor
DDInter1164,Metformin,DDInter518,Dexfenfluramine,Moderate
DDInter533,Diatrizoate,DDInter1164,Metformin,Major
DDInter1164,Metformin,DDInter535,Diazoxide,Moderate
DDInter1164,Metformin,DDInter540,Diclofenamide,Major
DDInter1164,Metformin,DDInter537,Diclofenac,Moderate
DDInter542,Dicoumarol,DDInter1164,Metformin,Moderate
DDInter1164,Metformin,DDInter545,Dienestrol (topical),Moderate
DDInter1164,Metformin,DDInter547,Diethylpropion,Moderate
DDInter548,Diethylstilbestrol,DDInter1164,Metformin,Moderate
DDInter550,Diflorasone (topical),DDInter1164,Metformin,Minor
DDInter1164,Metformin,DDInter551,Diflunisal,Moderate
DDInter1164,Metformin,DDInter554,Digoxin,Moderate
DDInter1164,Metformin,DDInter577,Dobutamine,Moderate
DDInter580,Dofetilide,DDInter1164,Metformin,Moderate
DDInter1164,Metformin,DDInter638,Enalapril,Moderate
DDInter1164,Metformin,DDInter640,Encorafenib,Moderate
DDInter1164,Metformin,DDInter642,Enfortumab vedotin,Moderate
DDInter1164,Metformin,DDInter647,Entecavir,Moderate
DDInter1164,Metformin,DDInter650,Ephedrine,Moderate
DDInter1164,Metformin,DDInter661,Erdafitinib,Moderate
DDInter1164,Metformin,DDInter679,Estradiol,Moderate
DDInter1164,Metformin,DDInter680,Estradiol (topical),Moderate
DDInter1164,Metformin,DDInter683,Estrone sulfate,Moderate
DDInter1164,Metformin,DDInter684,Estrone sulfate (topical),Moderate
DDInter1164,Metformin,DDInter686,Etacrynic acid,Moderate
DDInter1164,Metformin,DDInter699,Etodolac,Moderate
DDInter701,Etonogestrel,DDInter1164,Metformin,Moderate
DDInter1164,Metformin,DDInter704,Everolimus,Moderate
DDInter1164,Metformin,DDInter721,Fenoprofen,Moderate
DDInter1164,Metformin,DDInter753,Fluocinonide (topical),Minor
DDInter1164,Metformin,DDInter760,Fluphenazine,Moderate
DDInter1164,Metformin,DDInter763,Flurbiprofen,Moderate
DDInter1164,Metformin,DDInter768,Fluticasone (topical),Minor
DDInter1164,Metformin,DDInter777,Fosamprenavir,Moderate
DDInter1164,Metformin,DDInter783,Fosphenytoin,Moderate
DDInter1164,Metformin,DDInter790,Furosemide,Moderate
DDInter1164,Metformin,DDInter808,Garlic,Minor
DDInter1164,Metformin,DDInter809,Gatifloxacin,Major
DDInter1164,Metformin,DDInter813,Gemifloxacin,Moderate
DDInter1164,Metformin,DDInter820,Ginseng,Moderate
DDInter825,Glimepiride,DDInter1164,Metformin,Moderate
DDInter1164,Metformin,DDInter826,Glipizide,Moderate
DDInter1164,Metformin,DDInter831,Glyburide,Moderate
DDInter1164,Metformin,DDInter842,Grepafloxacin,Moderate
DDInter1164,Metformin,DDInter847,Guanfacine,Moderate
DDInter1164,Metformin,DDInter532,Diamorphine,Moderate
DDInter1164,Metformin,DDInter864,Histrelin,Moderate
DDInter1164,Metformin,DDInter889,Hydroflumethiazide,Moderate
DDInter1164,Metformin,DDInter907,Iloperidone,Moderate
DDInter1164,Metformin,DDInter915,Indacaterol,Moderate
DDInter1164,Metformin,DDInter916,Indapamide,Moderate
DDInter917,Indinavir,DDInter1164,Metformin,Moderate
DDInter921,Indomethacin,DDInter1164,Metformin,Moderate
DDInter934,Insulin human,DDInter1164,Metformin,Moderate
DDInter1164,Metformin,DDInter929,Insulin aspart (aspart),Moderate
DDInter1164,Metformin,DDInter928,Insulin aspart (aspart protamine),Moderate
DDInter1164,Metformin,DDInter930,Insulin degludec,Moderate
DDInter1164,Metformin,DDInter931,Insulin detemir,Moderate
DDInter932,Insulin glargine,DDInter1164,Metformin,Moderate
DDInter1164,Metformin,DDInter933,Insulin glulisine,Moderate
DDInter935,"Insulin human (inhalation, rapid acting)",DDInter1164,Metformin,Moderate
DDInter936,Insulin human (isophane),DDInter1164,Metformin,Moderate
DDInter940,Insulin lispro,DDInter1164,Metformin,Moderate
DDInter941,Insulin lispro (protamine),DDInter1164,Metformin,Moderate
DDInter937,Insulin human (regular),DDInter1164,Metformin,Moderate
DDInter939,Insulin human (zinc),DDInter1164,Metformin,Moderate
DDInter938,Insulin human (zinc extended),DDInter1164,Metformin,Moderate
DDInter1164,Metformin,DDInter957,Iodipamide,Major
DDInter1164,Metformin,DDInter958,Iodixanol,Major
DDInter1164,Metformin,DDInter960,Iohexol,Major
DDInter1164,Metformin,DDInter961,Iopamidol,Major
DDInter1164,Metformin,DDInter964,Iopromide,Major
DDInter1164,Metformin,DDInter965,Iothalamic acid,Major
DDInter1164,Metformin,DDInter966,Ioversol,Major
DDInter1164,Metformin,DDInter967,Ioxilan,Major
DDInter1164,Metformin,DDInter980,Isavuconazonium,Moderate
DDInter1164,Metformin,DDInter986,Isoniazid,Moderate
DDInter1164,Metformin,DDInter995,Itraconazole,Minor
DDInter1164,Metformin,DDInter1009,Ketoprofen,Moderate
DDInter1164,Metformin,DDInter1020,Lamotrigine,Minor
DDInter1164,Metformin,DDInter1021,Lanreotide,Moderate
DDInter1164,Metformin,DDInter1055,Levofloxacin,Moderate
DDInter1164,Metformin,DDInter1061,Levonorgestrel,Moderate
DDInter1164,Metformin,DDInter1064,Levothyroxine,Moderate
DDInter1074,Liothyronine,DDInter1164,Metformin,Moderate
DDInter1164,Metformin,DDInter1075,Liotrix,Moderate
DDInter1164,Metformin,DDInter1081,Lithium carbonate,Moderate
DDInter1164,Metformin,DDInter1084,Lomefloxacin,Moderate
DDInter1164,Metformin,DDInter1093,Lorcaserin,Moderate
DDInter1164,Metformin,DDInter1102,Lumateperone,Moderate
DDInter1164,Metformin,DDInter1104,Lurasidone,Moderate
DDInter1164,Metformin,DDInter1135,Meclofenamic acid,Moderate
DDInter1164,Metformin,DDInter1137,Medroxyprogesterone acetate,Moderate
DDInter1164,Metformin,DDInter1139,Mefenamic acid,Moderate
DDInter1164,Metformin,DDInter1141,Megestrol acetate,Moderate
DDInter1164,Metformin,DDInter1143,Meloxicam,Moderate
DDInter1164,Metformin,DDInter1146,Memantine,Minor
DDInter1164,Metformin,DDInter1151,Mephentermine,Moderate
DDInter1164,Metformin,DDInter1159,Mesoridazine,Moderate
DDInter1164,Metformin,DDInter1161,Metamfetamine,Moderate
DDInter1164,Metformin,DDInter1167,Methazolamide,Major
DDInter1164,Metformin,DDInter1168,Methdilazine,Moderate
DDInter1164,Metformin,DDInter1175,Methotrimeprazine,Moderate
DDInter1164,Metformin,DDInter1176,Methoxamine,Moderate
DDInter1164,Metformin,DDInter1191,Methylprednisolone,Moderate
DDInter1213,Midodrine,DDInter1164,Metformin,Minor
DDInter1164,Metformin,DDInter1214,Midostaurin,Moderate
DDInter1164,Metformin,DDInter1237,Moexipril,Moderate
DDInter1244,Morphine,DDInter1164,Metformin,Moderate
DDInter1247,Moxifloxacin,DDInter1164,Metformin,Moderate
DDInter1164,Metformin,DDInter1254,Nabumetone,Moderate
DDInter1164,Metformin,DDInter1266,Naproxen,Moderate
DDInter1164,Metformin,DDInter1269,Nateglinide,Moderate
DDInter1276,Nelfinavir,DDInter1164,Metformin,Moderate
DDInter1164,Metformin,DDInter1312,Norethisterone,Moderate
DDInter1164,Metformin,DDInter1313,Norfloxacin,Moderate
DDInter1164,Metformin,DDInter1315,Norgestrel,Moderate
DDInter1323,Octreotide,DDInter1164,Metformin,Moderate
DDInter1164,Metformin,DDInter1325,Ofloxacin,Moderate
DDInter1164,Metformin,DDInter1326,Olanzapine,Moderate
DDInter1164,Metformin,DDInter1327,Olaparib,Moderate
DDInter1164,Metformin,DDInter1335,Omacetaxine mepesuccinate,Moderate
DDInter1164,Metformin,DDInter1348,Orlistat,Moderate
DDInter1164,Metformin,DDInter1353,Ospemifene,Moderate
DDInter1164,Metformin,DDInter1358,Oxaprozin,Moderate
DDInter1164,Metformin,DDInter1381,Paliperidone,Moderate
DDInter1164,Metformin,DDInter1398,Pasireotide,Moderate
DDInter1164,Metformin,DDInter1399,Patiromer,Moderate
DDInter1404,Pegaspargase,DDInter1164,Metformin,Moderate
DDInter1412,Pegvisomant,DDInter1164,Metformin,Moderate
DDInter1164,Metformin,DDInter1414,Pemetrexed,Moderate
DDInter1164,Metformin,DDInter1420,Pentamidine,Moderate
DDInter1164,Metformin,DDInter1431,Perindopril,Moderate
DDInter1164,Metformin,DDInter1432,Perphenazine,Moderate
DDInter1164,Metformin,DDInter1435,Pexidartinib,Moderate
DDInter1164,Metformin,DDInter1439,Phendimetrazine,Moderate
DDInter1447,Phentermine,DDInter1164,Metformin,Moderate
DDInter1164,Metformin,DDInter1451,Phenylbutazone,Moderate
DDInter1460,Phenytoin,DDInter1164,Metformin,Moderate
DDInter1164,Metformin,DDInter1478,Piroxicam,Moderate
DDInter1164,Metformin,DDInter1480,Pitolisant,Moderate
DDInter1164,Metformin,DDInter1493,Porfimer sodium,Moderate
DDInter1164,Metformin,DDInter1513,Prednisolone,Moderate
DDInter1164,Metformin,DDInter1515,Prednisone,Moderate
DDInter1164,Metformin,DDInter1524,Procainamide,Moderate
DDInter1164,Metformin,DDInter1527,Prochlorperazine,Moderate
DDInter1164,Metformin,DDInter1529,Progesterone,Moderate
DDInter1164,Metformin,DDInter1530,Progesterone (topical),Moderate
DDInter1164,Metformin,DDInter1532,Promazine,Moderate
DDInter1164,Metformin,DDInter1553,Quetiapine,Moderate
DDInter1164,Metformin,DDInter1554,Quinapril,Moderate
DDInter1164,Metformin,DDInter1555,Quinestrol,Moderate
DDInter1164,Metformin,DDInter1556,Quinidine,Moderate
DDInter1164,Metformin,DDInter1569,Ranitidine (bismuth citrate),Moderate
DDInter1570,Ranolazine,DDInter1164,Metformin,Moderate
DDInter1164,Metformin,DDInter1581,Repaglinide,Moderate
DDInter1164,Metformin,DDInter1588,Ribociclib,Moderate
DDInter1164,Metformin,DDInter1590,Rifampicin,Moderate
DDInter1164,Metformin,DDInter1603,Risdiplam,Moderate
DDInter1164,Metformin,DDInter1605,Risperidone,Moderate
DDInter1164,Metformin,DDInter1607,Ritonavir,Moderate
DDInter1164,Metformin,DDInter1613,Rofecoxib,Moderate
DDInter1164,Metformin,DDInter1626,Rucaparib,Moderate
DDInter1164,Metformin,DDInter1640,Saquinavir,Moderate
DDInter1661,Sermorelin,DDInter1164,Metformin,Moderate
DDInter1164,Metformin,DDInter1665,Sibutramine,Moderate
DDInter1164,Metformin,DDInter1678,Sirolimus,Moderate
DDInter1164,Metformin,DDInter1698,Somapacitan,Moderate
DDInter1164,Metformin,DDInter1700,Somatrem,Moderate
DDInter1164,Metformin,DDInter1705,Sparfloxacin,Moderate
DDInter1164,Metformin,DDInter1707,Spironolactone,Moderate
DDInter1164,Metformin,DDInter1729,Sulindac,Moderate
DDInter1164,Metformin,DDInter1735,Tacrolimus,Moderate
DDInter1164,Metformin,DDInter1739,Tafenoquine,Moderate
DDInter1164,Metformin,DDInter1741,Tagraxofusp,Moderate
DDInter1164,Metformin,DDInter1763,Temsirolimus,Moderate
DDInter1164,Metformin,DDInter1766,Teprotumumab,Moderate
DDInter1164,Metformin,DDInter1773,Tesamorelin,Moderate
DDInter1164,Metformin,DDInter1796,Thioridazine,Moderate
DDInter1164,Metformin,DDInter1799,"Thyroid, porcine",Moderate
DDInter1800,Thyrotropin alfa,DDInter1164,Metformin,Moderate
DDInter1164,Metformin,DDInter1817,Tipranavir,Moderate
DDInter1164,Metformin,DDInter1828,Tolbutamide,Moderate
DDInter1164,Metformin,DDInter1831,Tolmetin,Moderate
DDInter1834,Topiramate,DDInter1164,Metformin,Major
DDInter1164,Metformin,DDInter1843,Trandolapril,Moderate
DDInter1164,Metformin,DDInter1855,Triamcinolone,Moderate
DDInter1164,Metformin,DDInter1857,Triamcinolone (ophthalmic),Moderate
DDInter1164,Metformin,DDInter1859,Triamterene,Moderate
DDInter1164,Metformin,DDInter1866,Trifluoperazine,Moderate
DDInter1164,Metformin,DDInter1867,Triflupromazine,Moderate
DDInter1164,Metformin,DDInter1874,Trimethoprim,Moderate
DDInter1164,Metformin,DDInter1880,Triptorelin,Moderate
DDInter1886,Trospium,DDInter1164,Metformin,Moderate
DDInter1164,Metformin,DDInter1887,Trovafloxacin,Moderate
DDInter1164,Metformin,DDInter1892,Turmeric,Moderate
DDInter1164,Metformin,DDInter1910,Valdecoxib,Moderate
DDInter1164,Metformin,DDInter1916,Vancomycin,Moderate
DDInter1164,Metformin,DDInter1917,Vandetanib,Moderate
DDInter1164,Metformin,DDInter1928,Verapamil,Moderate
DDInter1164,Metformin,DDInter1947,Vorinostat,Moderate
DDInter1164,Metformin,DDInter1951,Warfarin,Moderate
DDInter1967,Ziprasidone,DDInter1164,Metformin,Moderate
DDInter1164,Metformin,DDInter1971,Zonisamide,Major
DDInter1472,Pioglitazone,DDInter50,Aloe Vera Leaf,Moderate
DDInter1472,Pioglitazone,DDInter53,Alpelisib,Moderate
DDInter1076,Lipoic acid,DDInter1472,Pioglitazone,Minor
DDInter63,Amcinonide,DDInter1472,Pioglitazone,Minor
DDInter71,Aminoglutethimide,DDInter1472,Pioglitazone,Minor
DDInter90,Amprenavir,DDInter1472,Pioglitazone,Moderate
DDInter112,Aprepitant,DDInter1472,Pioglitazone,Moderate
DDInter1472,Pioglitazone,DDInter118,Aripiprazole,Moderate
DDInter1472,Pioglitazone,DDInter119,Armodafinil,Minor
DDInter1472,Pioglitazone,DDInter125,Asenapine,Moderate
DDInter1472,Pioglitazone,DDInter126,Asparaginase Erwinia chrysanthemi,Moderate
DDInter127,Asparaginase Escherichia coli,DDInter1472,Pioglitazone,Moderate
DDInter129,Atazanavir,DDInter1472,Pioglitazone,Moderate
DDInter1472,Pioglitazone,DDInter170,Bedaquiline,Moderate
DDInter179,Bendroflumethiazide,DDInter1472,Pioglitazone,Moderate
DDInter187,Benzphetamine,DDInter1472,Pioglitazone,Moderate
DDInter188,Benzthiazide,DDInter1472,Pioglitazone,Moderate
DDInter196,Betamethasone (topical),DDInter1472,Pioglitazone,Minor
DDInter222,Bortezomib,DDInter1472,Pioglitazone,Moderate
DDInter223,Bosentan,DDInter1472,Pioglitazone,Moderate
DDInter1472,Pioglitazone,DDInter228,Brentuximab vedotin,Moderate
DDInter1472,Pioglitazone,DDInter231,Brexpiprazole,Moderate
DDInter1472,Pioglitazone,DDInter233,Brigatinib,Moderate
DDInter1472,Pioglitazone,DDInter264,Calaspargase pegol,Moderate
DDInter1472,Pioglitazone,DDInter284,Cannabidiol,Moderate
DDInter293,Carbamazepine,DDInter1472,Pioglitazone,Moderate
DDInter1472,Pioglitazone,DDInter300,Cariprazine,Moderate
DDInter1472,Pioglitazone,DDInter340,Ceritinib,Moderate
DDInter360,Chlorothiazide,DDInter1472,Pioglitazone,Moderate
DDInter363,Chlorpromazine,DDInter1472,Pioglitazone,Moderate
DDInter1472,Pioglitazone,DDInter373,Chromic chloride,Moderate
DDInter384,Ciprofloxacin,DDInter1472,Pioglitazone,Moderate
DDInter1472,Pioglitazone,DDInter393,Clarithromycin,Moderate
DDInter404,Clocortolone (topical),DDInter1472,Pioglitazone,Minor
DDInter405,Clofarabine,DDInter1472,Pioglitazone,Moderate
DDInter413,Clopidogrel,DDInter1472,Pioglitazone,Major
DDInter419,Clozapine,DDInter1472,Pioglitazone,Moderate
DDInter1472,Pioglitazone,DDInter441,Copanlisib,Moderate
DDInter1472,Pioglitazone,DDInter462,Dabrafenib,Moderate
DDInter1472,Pioglitazone,DDInter482,Darunavir,Moderate
DDInter1472,Pioglitazone,DDInter488,Deferasirox,Moderate
DDInter1472,Pioglitazone,DDInter492,Deflazacort,Moderate
DDInter1472,Pioglitazone,DDInter495,Delafloxacin,Moderate
DDInter496,Delavirdine,DDInter1472,Pioglitazone,Moderate
DDInter510,Desoximetasone (topical),DDInter1472,Pioglitazone,Minor
DDInter1472,Pioglitazone,DDInter513,Dexamethasone,Moderate
DDInter1472,Pioglitazone,DDInter516,Dexamethasone (topical),Minor
DDInter1472,Pioglitazone,DDInter518,Dexfenfluramine,Moderate
DDInter535,Diazoxide,DDInter1472,Pioglitazone,Moderate
DDInter547,Diethylpropion,DDInter1472,Pioglitazone,Moderate
DDInter550,Diflorasone (topical),DDInter1472,Pioglitazone,Minor
DDInter561,Diltiazem,DDInter1472,Pioglitazone,Moderate
DDInter577,Dobutamine,DDInter1472,Pioglitazone,Moderate
DDInter1472,Pioglitazone,DDInter612,Duvelisib,Moderate
DDInter624,Efavirenz,DDInter1472,Pioglitazone,Moderate
DDInter1472,Pioglitazone,DDInter642,Enfortumab vedotin,Moderate
DDInter655,Epirubicin,DDInter1472,Pioglitazone,Moderate
DDInter670,Erythromycin,DDInter1472,Pioglitazone,Moderate
DDInter1472,Pioglitazone,DDInter678,Esterified estrogens,Moderate
DDInter679,Estradiol,DDInter1472,Pioglitazone,Moderate
DDInter680,Estradiol (topical),DDInter1472,Pioglitazone,Moderate
DDInter1472,Pioglitazone,DDInter683,Estrone sulfate,Moderate
DDInter1472,Pioglitazone,DDInter684,Estrone sulfate (topical),Moderate
DDInter686,Etacrynic acid,DDInter1472,Pioglitazone,Moderate
DDInter1472,Pioglitazone,DDInter703,Etravirine,Moderate
DDInter717,Fenfluramine,DDInter1472,Pioglitazone,Moderate
DDInter747,Fludrocortisone,DDInter1472,Pioglitazone,Moderate
DDInter753,Fluocinonide (topical),DDInter1472,Pioglitazone,Minor
DDInter760,Fluphenazine,DDInter1472,Pioglitazone,Moderate
DDInter761,Flurandrenolide (topical),DDInter1472,Pioglitazone,Minor
DDInter770,Fluvoxamine,DDInter1472,Pioglitazone,Moderate
DDInter1472,Pioglitazone,DDInter777,Fosamprenavir,Moderate
DDInter1472,Pioglitazone,DDInter778,Fosaprepitant,Moderate
DDInter1472,Pioglitazone,DDInter783,Fosphenytoin,Moderate
DDInter1472,Pioglitazone,DDInter785,Fostamatinib,Moderate
DDInter790,Furosemide,DDInter1472,Pioglitazone,Moderate
DDInter1472,Pioglitazone,DDInter808,Garlic,Minor
DDInter809,Gatifloxacin,DDInter1472,Pioglitazone,Major
DDInter1472,Pioglitazone,DDInter812,Gemfibrozil,Major
DDInter1472,Pioglitazone,DDInter813,Gemifloxacin,Moderate
DDInter1472,Pioglitazone,DDInter820,Ginseng,Moderate
DDInter842,Grepafloxacin,DDInter1472,Pioglitazone,Moderate
DDInter1898,Ulobetasol (topical),DDInter1472,Pioglitazone,Minor
DDInter1472,Pioglitazone,DDInter864,Histrelin,Moderate
DDInter889,Hydroflumethiazide,DDInter1472,Pioglitazone,Moderate
DDInter1472,Pioglitazone,DDInter905,Idelalisib,Moderate
DDInter1472,Pioglitazone,DDInter907,Iloperidone,Moderate
DDInter909,Imatinib,DDInter1472,Pioglitazone,Moderate
DDInter1472,Pioglitazone,DDInter915,Indacaterol,Moderate
DDInter934,Insulin human,DDInter1472,Pioglitazone,Moderate
DDInter1472,Pioglitazone,DDInter929,Insulin aspart (aspart),Moderate
DDInter1472,Pioglitazone,DDInter928,Insulin aspart (aspart protamine),Moderate
DDInter1472,Pioglitazone,DDInter930,Insulin degludec,Moderate
DDInter1472,Pioglitazone,DDInter931,Insulin detemir,Moderate
DDInter932,Insulin glargine,DDInter1472,Pioglitazone,Moderate
DDInter1472,Pioglitazone,DDInter933,Insulin glulisine,Moderate
DDInter935,"Insulin human (inhalation, rapid acting)",DDInter1472,Pioglitazone,Moderate
DDInter936,Insulin human (isophane),DDInter1472,Pioglitazone,Moderate
DDInter941,Insulin lispro (protamine),DDInter1472,Pioglitazone,Moderate
DDInter938,Insulin human (zinc extended),DDInter1472,Pioglitazone,Moderate
DDInter947,Interferon beta-1a,DDInter1472,Pioglitazone,Moderate
DDInter948,Interferon beta-1b,DDInter1472,Pioglitazone,Moderate
DDInter1472,Pioglitazone,DDInter980,Isavuconazonium,Moderate
DDInter986,Isoniazid,DDInter1472,Pioglitazone,Moderate
DDInter1472,Pioglitazone,DDInter995,Itraconazole,Minor
DDInter1008,Ketoconazole,DDInter1472,Pioglitazone,Moderate
DDInter1472,Pioglitazone,DDInter1021,Lanreotide,Moderate
DDInter1472,Pioglitazone,DDInter1024,Lapatinib,Moderate
DDInter1472,Pioglitazone,DDInter1026,Larotrectinib,Moderate
DDInter1472,Pioglitazone,DDInter1032,Lefamulin,Moderate
DDInter1033,Leflunomide,DDInter1472,Pioglitazone,Major
DDInter1472,Pioglitazone,DDInter1034,Lemborexant,Moderate
DDInter1472,Pioglitazone,DDInter1039,Letermovir,Moderate
DDInter1472,Pioglitazone,DDInter1055,Levofloxacin,Moderate
DDInter1064,Levothyroxine,DDInter1472,Pioglitazone,Moderate
DDInter1074,Liothyronine,DDInter1472,Pioglitazone,Moderate
DDInter1472,Pioglitazone,DDInter1081,Lithium carbonate,Moderate
DDInter1084,Lomefloxacin,DDInter1472,Pioglitazone,Moderate
DDInter1472,Pioglitazone,DDInter1085,Lomitapide,Major
DDInter1472,Pioglitazone,DDInter1093,Lorcaserin,Moderate
DDInter1472,Pioglitazone,DDInter1102,Lumateperone,Major
DDInter1472,Pioglitazone,DDInter1104,Lurasidone,Moderate
DDInter1126,Mazindol,DDInter1472,Pioglitazone,Moderate
DDInter1141,Megestrol acetate,DDInter1472,Pioglitazone,Moderate
DDInter1472,Pioglitazone,DDInter1151,Mephentermine,Moderate
DDInter1472,Pioglitazone,DDInter1161,Metamfetamine,Moderate
DDInter1168,Methdilazine,DDInter1472,Pioglitazone,Moderate
DDInter1174,Methotrexate,DDInter1472,Pioglitazone,Moderate
DDInter1472,Pioglitazone,DDInter1175,Methotrimeprazine,Moderate
DDInter1176,Methoxamine,DDInter1472,Pioglitazone,Moderate
DDInter1191,Methylprednisolone,DDInter1472,Pioglitazone,Moderate
DDInter1192,Methylprednisolone (topical),DDInter1472,Pioglitazone,Minor
DDInter1472,Pioglitazone,DDInter1214,Midostaurin,Moderate
DDInter1215,Mifepristone,DDInter1472,Pioglitazone,Moderate
DDInter1472,Pioglitazone,DDInter1228,Mipomersen,Major
DDInter1236,Modafinil,DDInter1472,Pioglitazone,Minor
DDInter1247,Moxifloxacin,DDInter1472,Pioglitazone,Moderate
DDInter1263,Naltrexone,DDInter1472,Pioglitazone,Moderate
DDInter1472,Pioglitazone,DDInter1274,Nefazodone,Moderate
DDInter1472,Pioglitazone,DDInter1293,Nilotinib,Moderate
DDInter1300,Nitisinone,DDInter1472,Pioglitazone,Moderate
DDInter1311,Norepinephrine,DDInter1472,Pioglitazone,Moderate
DDInter1313,Norfloxacin,DDInter1472,Pioglitazone,Moderate
DDInter1472,Pioglitazone,DDInter1325,Ofloxacin,Moderate
DDInter1472,Pioglitazone,DDInter1335,Omacetaxine mepesuccinate,Moderate
DDInter1360,Oxcarbazepine,DDInter1472,Pioglitazone,Moderate
DDInter1472,Pioglitazone,DDInter1381,Paliperidone,Moderate
DDInter1472,Pioglitazone,DDInter1398,Pasireotide,Moderate
DDInter1472,Pioglitazone,DDInter1400,Pazopanib,Moderate
DDInter1472,Pioglitazone,DDInter1409,Peginterferon beta-1a,Moderate
DDInter1412,Pegvisomant,DDInter1472,Pioglitazone,Moderate
DDInter1420,Pentamidine,DDInter1472,Pioglitazone,Moderate
DDInter1432,Perphenazine,DDInter1472,Pioglitazone,Moderate
DDInter1472,Pioglitazone,DDInter1435,Pexidartinib,Major
DDInter1472,Pioglitazone,DDInter1442,Phenobarbital,Moderate
DDInter1447,Phentermine,DDInter1472,Pioglitazone,Moderate
DDInter1460,Phenytoin,DDInter1472,Pioglitazone,Moderate
DDInter1472,Pioglitazone,DDInter1490,Polythiazide,Moderate
DDInter1512,Prednicarbate (topical),DDInter1472,Pioglitazone,Minor
DDInter1515,Prednisone,DDInter1472,Pioglitazone,Moderate
DDInter1516,Pregabalin,DDInter1472,Pioglitazone,Moderate
DDInter1521,Primidone,DDInter1472,Pioglitazone,Moderate
DDInter1527,Prochlorperazine,DDInter1472,Pioglitazone,Moderate
DDInter1529,Progesterone,DDInter1472,Pioglitazone,Moderate
DDInter1532,Promazine,DDInter1472,Pioglitazone,Moderate
DDInter1537,Propiomazine,DDInter1472,Pioglitazone,Moderate
DDInter1472,Pioglitazone,DDInter1553,Quetiapine,Moderate
DDInter1472,Pioglitazone,DDInter1555,Quinestrol,Moderate
DDInter1472,Pioglitazone,DDInter1563,Raltegravir,Minor
DDInter1472,Pioglitazone,DDInter1578,Remdesivir,Moderate
DDInter1581,Repaglinide,DDInter1472,Pioglitazone,Moderate
DDInter1472,Pioglitazone,DDInter1588,Ribociclib,Moderate
DDInter1589,Rifabutin,DDInter1472,Pioglitazone,Moderate
DDInter1590,Rifampicin,DDInter1472,Pioglitazone,Moderate
DDInter1472,Pioglitazone,DDInter1592,Rifapentine,Moderate
DDInter1472,Pioglitazone,DDInter1601,Ripretinib,Moderate
DDInter1606,Ritodrine,DDInter1472,Pioglitazone,Moderate
DDInter1472,Pioglitazone,DDInter1627,Rufinamide,Moderate
DDInter1472,Pioglitazone,DDInter1658,Selpercatinib,Moderate
DDInter1661,Sermorelin,DDInter1472,Pioglitazone,Moderate
DDInter1665,Sibutramine,DDInter1472,Pioglitazone,Moderate
DDInter1678,Sirolimus,DDInter1472,Pioglitazone,Moderate
DDInter1472,Pioglitazone,DDInter1698,Somapacitan,Moderate
DDInter1699,Somatotropin,DDInter1472,Pioglitazone,Moderate
DDInter1472,Pioglitazone,DDInter1705,Sparfloxacin,Moderate
DDInter1472,Pioglitazone,DDInter1711,Stiripentol,Moderate
DDInter1717,Sucralfate,DDInter1472,Pioglitazone,Moderate
DDInter1735,Tacrolimus,DDInter1472,Pioglitazone,Moderate
DDInter1472,Pioglitazone,DDInter1741,Tagraxofusp,Moderate
DDInter1472,Pioglitazone,DDInter1763,Temsirolimus,Moderate
DDInter1472,Pioglitazone,DDInter1766,Teprotumumab,Moderate
DDInter1769,Terbutaline,DDInter1472,Pioglitazone,Moderate
DDInter1472,Pioglitazone,DDInter1771,Teriflunomide,Major
DDInter1472,Pioglitazone,DDInter1773,Tesamorelin,Moderate
DDInter1793,Thiethylperazine,DDInter1472,Pioglitazone,Moderate
DDInter1814,Tioguanine,DDInter1472,Pioglitazone,Moderate
DDInter1796,Thioridazine,DDInter1472,Pioglitazone,Moderate
DDInter1472,Pioglitazone,DDInter1799,"Thyroid, porcine",Moderate
DDInter1817,Tipranavir,DDInter1472,Pioglitazone,Moderate
DDInter1834,Topiramate,DDInter1472,Pioglitazone,Moderate
DDInter1837,Toremifene,DDInter1472,Pioglitazone,Moderate
DDInter1472,Pioglitazone,DDInter1840,Trabectedin,Moderate
DDInter1857,Triamcinolone (ophthalmic),DDInter1472,Pioglitazone,Moderate
DDInter1866,Trifluoperazine,DDInter1472,Pioglitazone,Moderate
DDInter1867,Triflupromazine,DDInter1472,Pioglitazone,Moderate
DDInter1874,Trimethoprim,DDInter1472,Pioglitazone,Moderate
DDInter1472,Pioglitazone,DDInter1880,Triptorelin,Moderate
DDInter1881,Troglitazone,DDInter1472,Pioglitazone,Moderate
DDInter1472,Pioglitazone,DDInter1892,Turmeric,Moderate
DDInter1472,Pioglitazone,DDInter1925,Vemurafenib,Moderate
DDInter1472,Pioglitazone,DDInter1935,Vilazodone,Moderate
DDInter1946,Voriconazole,DDInter1472,Pioglitazone,Moderate
DDInter1472,Pioglitazone,DDInter1947,Vorinostat,Moderate
DDInter1967,Ziprasidone,DDInter1472,Pioglitazone,Moderate
DDInter16,Acetohexamide,DDInter679,Estradiol,Moderate
DDInter679,Estradiol,DDInter83,Amoxicillin,Moderate
DDInter112,Aprepitant,DDInter679,Estradiol,Moderate
DDInter195,Betamethasone,DDInter679,Estradiol,Moderate
DDInter679,Estradiol,DDInter246,Budesonide,Moderate
DDInter269,Calcitriol (topical),DDInter679,Estradiol,Moderate
DDInter679,Estradiol,DDInter280,Canagliflozin,Moderate
DDInter679,Estradiol,DDInter348,Chenodeoxycholic acid,Moderate
DDInter364,Chlorpropamide,DDInter679,Estradiol,Moderate
DDInter380,Cimetidine,DDInter679,Estradiol,Minor
DDInter679,Estradiol,DDInter393,Clarithromycin,Moderate
DDInter416,Clotrimazole,DDInter679,Estradiol,Moderate
DDInter679,Estradiol,DDInter474,Dapagliflozin,Moderate
DDInter679,Estradiol,DDInter513,Dexamethasone,Moderate
DDInter679,Estradiol,DDInter607,Dulaglutide,Moderate
DDInter679,Estradiol,DDInter636,Empagliflozin,Moderate
DDInter679,Estradiol,DDInter669,Ertugliflozin,Moderate
DDInter679,Estradiol,DDInter706,Exenatide,Moderate
DDInter825,Glimepiride,DDInter679,Estradiol,Moderate
DDInter679,Estradiol,DDInter826,Glipizide,Moderate
DDInter679,Estradiol,DDInter831,Glyburide,Moderate
DDInter679,Estradiol,DDInter833,Glycerol phenylbutyrate,Moderate
DDInter934,Insulin human,DDInter679,Estradiol,Moderate
DDInter679,Estradiol,DDInter929,Insulin aspart (aspart),Moderate
DDInter679,Estradiol,DDInter928,Insulin aspart (aspart protamine),Moderate
DDInter679,Estradiol,DDInter930,Insulin degludec,Moderate
DDInter679,Estradiol,DDInter931,Insulin detemir,Moderate
DDInter932,Insulin glargine,DDInter679,Estradiol,Moderate
DDInter679,Estradiol,DDInter933,Insulin glulisine,Moderate
DDInter935,"Insulin human (inhalation, rapid acting)",DDInter679,Estradiol,Moderate
DDInter936,Insulin human (isophane),DDInter679,Estradiol,Moderate
DDInter940,Insulin lispro,DDInter679,Estradiol,Moderate
DDInter941,Insulin lispro (protamine),DDInter679,Estradiol,Moderate
DDInter937,Insulin human (regular),DDInter679,Estradiol,Moderate
DDInter939,Insulin human (zinc),DDInter679,Estradiol,Moderate
DDInter938,Insulin human (zinc extended),DDInter679,Estradiol,Moderate
DDInter679,Estradiol,DDInter1004,Kanamycin,Moderate
DDInter679,Estradiol,DDInter1070,Linagliptin,Moderate
DDInter679,Estradiol,DDInter1077,Liraglutide,Moderate
DDInter679,Estradiol,DDInter1082,Lixisenatide,Moderate
DDInter679,Estradiol,DDInter1202,Metronidazole,Moderate
DDInter679,Estradiol,DDInter1209,Miconazole,Moderate
DDInter1217,Miglitol,DDInter679,Estradiol,Moderate
DDInter1269,Nateglinide,DDInter679,Estradiol,Moderate
DDInter679,Estradiol,DDInter1277,Neomycin,Moderate
DDInter679,Estradiol,DDInter1396,Paromomycin,Moderate
DDInter1489,Polymyxin B,DDInter679,Estradiol,Moderate
DDInter679,Estradiol,DDInter1506,Pramlintide,Moderate
DDInter679,Estradiol,DDInter1513,Prednisolone,Moderate
DDInter1515,Prednisone,DDInter679,Estradiol,Moderate
DDInter679,Estradiol,DDInter1581,Repaglinide,Moderate
DDInter1621,Rosiglitazone,DDInter679,Estradiol,Moderate
DDInter679,Estradiol,DDInter1646,Saxagliptin,Moderate
DDInter679,Estradiol,DDInter1660,Semaglutide,Moderate
DDInter679,Estradiol,DDInter1679,Sitagliptin,Moderate
DDInter679,Estradiol,DDInter1713,Streptomycin,Moderate
DDInter679,Estradiol,DDInter1725,Sulfasalazine,Moderate
DDInter679,Estradiol,DDInter1811,Tinidazole,Moderate
DDInter679,Estradiol,DDInter1826,Tolazamide,Moderate
DDInter679,Estradiol,DDInter1828,Tolbutamide,Moderate
DDInter1855,Triamcinolone,DDInter679,Estradiol,Moderate
DDInter1857,Triamcinolone (ophthalmic),DDInter679,Estradiol,Moderate
DDInter1881,Troglitazone,DDInter679,Estradiol,Moderate
DDInter1916,Vancomycin,DDInter679,Estradiol,Moderate
DDInter52,Alosetron,DDInter53,Alpelisib,Moderate
DDInter90,Amprenavir,DDInter52,Alosetron,Moderate
DDInter93,Anagrelide,DDInter52,Alosetron,Moderate
DDInter52,Alosetron,DDInter107,Apalutamide,Moderate
DDInter109,Apomorphine,DDInter52,Alosetron,Major
DDInter112,Aprepitant,DDInter52,Alosetron,Moderate
DDInter52,Alosetron,DDInter129,Atazanavir,Moderate
DDInter52,Alosetron,DDInter287,Capmatinib,Moderate
DDInter380,Cimetidine,DDInter52,Alosetron,Moderate
DDInter384,Ciprofloxacin,DDInter52,Alosetron,Moderate
DDInter52,Alosetron,DDInter393,Clarithromycin,Moderate
DDInter52,Alosetron,DDInter488,Deferasirox,Moderate
DDInter496,Delavirdine,DDInter52,Alosetron,Moderate
DDInter52,Alosetron,DDInter614,Echinacea,Moderate
DDInter52,Alosetron,DDInter632,Eluxadoline,Moderate
DDInter644,Enoxacin,DDInter52,Alosetron,Moderate
DDInter52,Alosetron,DDInter649,Enzalutamide,Moderate
DDInter670,Erythromycin,DDInter52,Alosetron,Moderate
DDInter52,Alosetron,DDInter821,Givosiran,Moderate
DDInter842,Grepafloxacin,DDInter52,Alosetron,Moderate
DDInter52,Alosetron,DDInter882,Hydralazine,Minor
DDInter917,Indinavir,DDInter52,Alosetron,Moderate
DDInter986,Isoniazid,DDInter52,Alosetron,Moderate
DDInter52,Alosetron,DDInter995,Itraconazole,Moderate
DDInter52,Alosetron,DDInter1008,Ketoconazole,Moderate
DDInter52,Alosetron,DDInter1094,Lorlatinib,Moderate
DDInter1177,Methoxsalen,DDInter52,Alosetron,Moderate
DDInter1206,Mexiletine,DDInter52,Alosetron,Moderate
DDInter52,Alosetron,DDInter1209,Miconazole,Moderate
DDInter1259,Nalidixic acid,DDInter52,Alosetron,Moderate
DDInter52,Alosetron,DDInter1274,Nefazodone,Moderate
DDInter1276,Nelfinavir,DDInter52,Alosetron,Moderate
DDInter52,Alosetron,DDInter1288,Niclosamide,Moderate
DDInter52,Alosetron,DDInter1319,Obeticholic acid,Moderate
DDInter52,Alosetron,DDInter1327,Olaparib,Moderate
DDInter52,Alosetron,DDInter1351,Osilodrostat,Moderate
DDInter52,Alosetron,DDInter1352,Osimertinib,Moderate
DDInter52,Alosetron,DDInter1520,Primaquine,Moderate
DDInter52,Alosetron,DDInter1524,Procainamide,Minor
DDInter52,Alosetron,DDInter1534,Propafenone,Moderate
DDInter52,Alosetron,DDInter1588,Ribociclib,Moderate
DDInter1607,Ritonavir,DDInter52,Alosetron,Moderate
DDInter1613,Rofecoxib,DDInter52,Alosetron,Moderate
DDInter52,Alosetron,DDInter1626,Rucaparib,Moderate
DDInter1734,Tacrine,DDInter52,Alosetron,Moderate
DDInter52,Alosetron,DDInter1758,Telithromycin,Moderate
DDInter52,Alosetron,DDInter1771,Teriflunomide,Moderate
DDInter1792,Thiabendazole,DDInter52,Alosetron,Moderate
DDInter1804,Ticlopidine,DDInter52,Alosetron,Moderate
DDInter52,Alosetron,DDInter1882,Troleandomycin,Moderate
DDInter52,Alosetron,DDInter1925,Vemurafenib,Moderate
DDInter1946,Voriconazole,DDInter52,Alosetron,Moderate
DDInter1962,Zileuton,DDInter52,Alosetron,Moderate
DDInter16,Acetohexamide,DDInter53,Alpelisib,Moderate
DDInter252,Bupropion,DDInter53,Alpelisib,Moderate
DDInter280,Canagliflozin,DDInter53,Alpelisib,Moderate
DDInter364,Chlorpropamide,DDInter53,Alpelisib,Moderate
DDInter474,Dapagliflozin,DDInter53,Alpelisib,Moderate
DDInter513,Dexamethasone,DDInter53,Alpelisib,Moderate
DDInter601,Dronabinol,DDInter53,Alpelisib,Moderate
DDInter607,Dulaglutide,DDInter53,Alpelisib,Moderate
DDInter636,Empagliflozin,DDInter53,Alpelisib,Moderate
DDInter669,Ertugliflozin,DDInter53,Alpelisib,Moderate
DDInter706,Exenatide,DDInter53,Alpelisib,Moderate
DDInter734,Fidaxomicin,DDInter53,Alpelisib,Moderate
DDInter825,Glimepiride,DDInter53,Alpelisib,Moderate
DDInter826,Glipizide,DDInter53,Alpelisib,Moderate
DDInter831,Glyburide,DDInter53,Alpelisib,Moderate
DDInter833,Glycerol phenylbutyrate,DDInter53,Alpelisib,Moderate
DDInter934,Insulin human,DDInter53,Alpelisib,Moderate
DDInter929,Insulin aspart (aspart),DDInter53,Alpelisib,Moderate
DDInter928,Insulin aspart (aspart protamine),DDInter53,Alpelisib,Moderate
DDInter930,Insulin degludec,DDInter53,Alpelisib,Moderate
DDInter931,Insulin detemir,DDInter53,Alpelisib,Moderate
DDInter932,Insulin glargine,DDInter53,Alpelisib,Moderate
DDInter933,Insulin glulisine,DDInter53,Alpelisib,Moderate
DDInter935,"Insulin human (inhalation, rapid acting)",DDInter53,Alpelisib,Moderate
DDInter936,Insulin human (isophane),DDInter53,Alpelisib,Moderate
DDInter940,Insulin lispro,DDInter53,Alpelisib,Moderate
DDInter941,Insulin lispro (protamine),DDInter53,Alpelisib,Moderate
DDInter937,Insulin human (regular),DDInter53,Alpelisib,Moderate
DDInter939,Insulin human (zinc),DDInter53,Alpelisib,Moderate
DDInter938,Insulin human (zinc extended),DDInter53,Alpelisib,Moderate
DDInter1070,Linagliptin,DDInter53,Alpelisib,Moderate
DDInter1077,Liraglutide,DDInter53,Alpelisib,Moderate
DDInter1082,Lixisenatide,DDInter53,Alpelisib,Moderate
DDInter1201,Metreleptin,DDInter53,Alpelisib,Moderate
DDInter1217,Miglitol,DDInter53,Alpelisib,Moderate
DDInter1244,Morphine,DDInter53,Alpelisib,Moderate
DDInter1258,Naldemedine,DDInter53,Alpelisib,Moderate
DDInter1261,Naloxegol,DDInter53,Alpelisib,Minor
DDInter1269,Nateglinide,DDInter53,Alpelisib,Moderate
DDInter1388,Pantoprazole,DDInter53,Alpelisib,Moderate
DDInter1506,Pramlintide,DDInter53,Alpelisib,Moderate
DDInter1544,Prucalopride,DDInter53,Alpelisib,Minor
DDInter1581,Repaglinide,DDInter53,Alpelisib,Moderate
DDInter1593,Rifaximin,DDInter53,Alpelisib,Moderate
DDInter1615,Rolapitant,DDInter53,Alpelisib,Moderate
DDInter1621,Rosiglitazone,DDInter53,Alpelisib,Moderate
DDInter1622,Rosuvastatin,DDInter53,Alpelisib,Moderate
DDInter1646,Saxagliptin,DDInter53,Alpelisib,Moderate
DDInter53,Alpelisib,DDInter1660,Semaglutide,Moderate
DDInter1675,Simvastatin,DDInter53,Alpelisib,Moderate
DDInter1679,Sitagliptin,DDInter53,Alpelisib,Moderate
DDInter1725,Sulfasalazine,DDInter53,Alpelisib,Moderate
DDInter1826,Tolazamide,DDInter53,Alpelisib,Moderate
DDInter1828,Tolbutamide,DDInter53,Alpelisib,Moderate
DDInter1881,Troglitazone,DDInter53,Alpelisib,Moderate
DDInter1411,Pegvaliase,DDInter420,Coagulation Factor IX Human,Moderate
DDInter54,Alprazolam,DDInter58,Aluminum hydroxide,Minor
DDInter54,Alprazolam,DDInter112,Aprepitant,Moderate
DDInter54,Alprazolam,DDInter195,Betamethasone,Minor
DDInter54,Alprazolam,DDInter252,Bupropion,Moderate
DDInter54,Alprazolam,DDInter271,Calcium carbonate,Minor
DDInter54,Alprazolam,DDInter380,Cimetidine,Moderate
DDInter54,Alprazolam,DDInter393,Clarithromycin,Moderate
DDInter416,Clotrimazole,DDInter54,Alprazolam,Moderate
DDInter54,Alprazolam,DDInter513,Dexamethasone,Minor
DDInter54,Alprazolam,DDInter601,Dronabinol,Moderate
DDInter54,Alprazolam,DDInter629,Eliglustat,Moderate
DDInter54,Alprazolam,DDInter833,Glycerol phenylbutyrate,Moderate
DDInter54,Alprazolam,DDInter1112,Magaldrate,Minor
DDInter54,Alprazolam,DDInter1113,Magnesium carbonate,Minor
DDInter54,Alprazolam,DDInter1118,Magnesium hydroxide,Minor
DDInter54,Alprazolam,DDInter1119,Magnesium oxide,Minor
DDInter54,Alprazolam,DDInter1197,Metoclopramide,Moderate
DDInter54,Alprazolam,DDInter1209,Miconazole,Moderate
DDInter1244,Morphine,DDInter54,Alprazolam,Major
DDInter1245,Morphine (liposomal),DDInter54,Alprazolam,Major
DDInter54,Alprazolam,DDInter1253,Nabilone,Moderate
DDInter1340,Omeprazole,DDInter54,Alprazolam,Moderate
DDInter54,Alprazolam,DDInter1344,Opium,Moderate
DDInter54,Alprazolam,DDInter1513,Prednisolone,Minor
DDInter54,Alprazolam,DDInter1515,Prednisone,Minor
DDInter54,Alprazolam,DDInter1665,Sibutramine,Moderate
DDInter54,Alprazolam,DDInter1753,Teduglutide,Moderate
DDInter1881,Troglitazone,DDInter54,Alprazolam,Moderate
DDInter55,Alprostadil,DDInter280,Canagliflozin,Moderate
DDInter55,Alprostadil,DDInter474,Dapagliflozin,Moderate
DDInter55,Alprostadil,DDInter636,Empagliflozin,Moderate
DDInter55,Alprostadil,DDInter669,Ertugliflozin,Moderate
DDInter55,Alprostadil,DDInter1093,Lorcaserin,Moderate
DDInter1639,Sapropterin,DDInter55,Alprostadil,Moderate
DDInter1730,Sumatriptan,DDInter518,Dexfenfluramine,Major
DDInter1730,Sumatriptan,DDInter581,Dolasetron,Major
DDInter717,Fenfluramine,DDInter1730,Sumatriptan,Major
DDInter1730,Sumatriptan,DDInter840,Granisetron,Major
DDInter1730,Sumatriptan,DDInter1093,Lorcaserin,Major
DDInter1244,Morphine,DDInter1730,Sumatriptan,Moderate
DDInter1245,Morphine (liposomal),DDInter1730,Sumatriptan,Moderate
DDInter1730,Sumatriptan,DDInter1342,Ondansetron,Major
DDInter1382,Palonosetron,DDInter1730,Sumatriptan,Major
DDInter1730,Sumatriptan,DDInter1665,Sibutramine,Major
DDInter1197,Metoclopramide,DDInter1780,Tetracaine (ophthalmic),Moderate
DDInter56,Alteplase,DDInter20,Acetylsalicylic acid,Moderate
DDInter56,Alteplase,DDInter518,Dexfenfluramine,Moderate
DDInter56,Alteplase,DDInter717,Fenfluramine,Moderate
DDInter56,Alteplase,DDInter1665,Sibutramine,Moderate
DDInter57,Altretamine,DDInter380,Cimetidine,Moderate
DDInter57,Altretamine,DDInter1055,Levofloxacin,Minor
DDInter1549,Pyridoxine,DDInter57,Altretamine,Moderate
DDInter59,Alvimopan,DDInter107,Apalutamide,Moderate
DDInter251,Buprenorphine,DDInter59,Alvimopan,Major
DDInter258,Butorphanol,DDInter59,Alvimopan,Major
DDInter531,Dezocine,DDInter59,Alvimopan,Major
DDInter602,Dronedarone,DDInter59,Alvimopan,Moderate
DDInter59,Alvimopan,DDInter649,Enzalutamide,Moderate
DDInter884,Hydrocodone,DDInter59,Alvimopan,Major
DDInter890,Hydromorphone,DDInter59,Alvimopan,Major
DDInter1043,Levacetylmethadol,DDInter59,Alvimopan,Major
DDInter1062,Levorphanol,DDInter59,Alvimopan,Major
DDInter1150,Meperidine,DDInter59,Alvimopan,Major
DDInter1166,Methadone,DDInter59,Alvimopan,Major
DDInter59,Alvimopan,DDInter1188,Methylnaltrexone,Moderate
DDInter1244,Morphine,DDInter59,Alvimopan,Major
DDInter1257,Nalbuphine,DDInter59,Alvimopan,Major
DDInter59,Alvimopan,DDInter1329,Oliceridine,Major
DDInter59,Alvimopan,DDInter1344,Opium,Major
DDInter1366,Oxycodone,DDInter59,Alvimopan,Major
DDInter1372,Oxymorphone,DDInter59,Alvimopan,Major
DDInter1421,Pentazocine,DDInter59,Alvimopan,Major
DDInter528,Dextropropoxyphene,DDInter59,Alvimopan,Major
DDInter59,Alvimopan,DDInter1926,Venetoclax,Moderate
DDInter112,Aprepitant,DDInter1312,Norethisterone,Moderate
DDInter692,Ethinylestradiol,DDInter280,Canagliflozin,Moderate
DDInter416,Clotrimazole,DDInter1312,Norethisterone,Moderate
DDInter1312,Norethisterone,DDInter474,Dapagliflozin,Moderate
DDInter1312,Norethisterone,DDInter607,Dulaglutide,Moderate
DDInter692,Ethinylestradiol,DDInter669,Ertugliflozin,Moderate
DDInter1312,Norethisterone,DDInter706,Exenatide,Moderate
DDInter692,Ethinylestradiol,DDInter833,Glycerol phenylbutyrate,Moderate
DDInter692,Ethinylestradiol,DDInter929,Insulin aspart (aspart),Moderate
DDInter1312,Norethisterone,DDInter928,Insulin aspart (aspart protamine),Moderate
DDInter1312,Norethisterone,DDInter930,Insulin degludec,Moderate
DDInter1312,Norethisterone,DDInter931,Insulin detemir,Moderate
DDInter935,"Insulin human (inhalation, rapid acting)",DDInter1312,Norethisterone,Moderate
DDInter936,Insulin human (isophane),DDInter692,Ethinylestradiol,Moderate
DDInter940,Insulin lispro,DDInter692,Ethinylestradiol,Moderate
DDInter939,Insulin human (zinc),DDInter1312,Norethisterone,Moderate
DDInter938,Insulin human (zinc extended),DDInter692,Ethinylestradiol,Moderate
DDInter692,Ethinylestradiol,DDInter1069,Linaclotide,Moderate
DDInter1312,Norethisterone,DDInter1070,Linagliptin,Moderate
DDInter692,Ethinylestradiol,DDInter1077,Liraglutide,Moderate
DDInter1312,Norethisterone,DDInter1082,Lixisenatide,Moderate
DDInter1312,Norethisterone,DDInter1201,Metreleptin,Moderate
DDInter1312,Norethisterone,DDInter1269,Nateglinide,Moderate
DDInter1312,Norethisterone,DDInter1506,Pramlintide,Moderate
DDInter1312,Norethisterone,DDInter1544,Prucalopride,Moderate
DDInter1621,Rosiglitazone,DDInter692,Ethinylestradiol,Moderate
DDInter1312,Norethisterone,DDInter1622,Rosuvastatin,Minor
DDInter692,Ethinylestradiol,DDInter1646,Saxagliptin,Moderate
DDInter1312,Norethisterone,DDInter1660,Semaglutide,Moderate
DDInter1312,Norethisterone,DDInter1679,Sitagliptin,Moderate
DDInter1881,Troglitazone,DDInter692,Ethinylestradiol,Moderate
DDInter136,Atropine,DDInter60,Amantadine,Moderate
DDInter60,Amantadine,DDInter252,Bupropion,Major
DDInter397,Clidinium,DDInter60,Amantadine,Moderate
DDInter543,Dicyclomine,DDInter60,Amantadine,Moderate
DDInter60,Amantadine,DDInter834,Glycopyrronium,Moderate
DDInter896,Hyoscyamine,DDInter60,Amantadine,Moderate
DDInter60,Amantadine,DDInter1149,Mepenzolate,Moderate
DDInter60,Amantadine,DDInter1180,Methscopolamine,Moderate
DDInter60,Amantadine,DDInter1197,Metoclopramide,Moderate
DDInter60,Amantadine,DDInter1487,Polyethylene glycol (3350 with electrolytes),Moderate
DDInter1535,Propantheline,DDInter60,Amantadine,Moderate
DDInter1647,Scopolamine,DDInter60,Amantadine,Moderate
DDInter1886,Trospium,DDInter60,Amantadine,Moderate
DDInter539,Diclofenac (topical),DDInter20,Acetylsalicylic acid,Moderate
DDInter539,Diclofenac (topical),DDInter1263,Naltrexone,Moderate
DDInter1068,Lidocaine (topical),DDInter1197,Metoclopramide,Moderate
DDInter66,Amikacin,DDInter85,Amphotericin B,Moderate
DDInter67,Amikacin (liposome),DDInter85,Amphotericin B,Moderate
DDInter85,Amphotericin B,DDInter76,Amiodarone,Major
DDInter85,Amphotericin B,DDInter77,Amisulpride,Moderate
DDInter85,Amphotericin B,DDInter120,Arsenic trioxide,Major
DDInter85,Amphotericin B,DDInter135,Atracurium,Moderate
DDInter85,Amphotericin B,DDInter164,Balsalazide,Moderate
DDInter168,Beclomethasone dipropionate,DDInter85,Amphotericin B,Moderate
DDInter179,Bendroflumethiazide,DDInter85,Amphotericin B,Moderate
DDInter188,Benzthiazide,DDInter85,Amphotericin B,Moderate
DDInter195,Betamethasone,DDInter85,Amphotericin B,Moderate
DDInter85,Amphotericin B,DDInter868,Human botulinum neurotoxin A/B immune globulin,Major
DDInter85,Amphotericin B,DDInter248,Bumetanide,Moderate
DDInter288,Capreomycin,DDInter85,Amphotericin B,Moderate
DDInter350,Chlorambucil,DDInter85,Amphotericin B,Moderate
DDInter363,Chlorpromazine,DDInter85,Amphotericin B,Moderate
DDInter365,Chlorthalidone,DDInter85,Amphotericin B,Moderate
DDInter378,Cidofovir,DDInter85,Amphotericin B,Major
DDInter386,Cisatracurium,DDInter85,Amphotericin B,Moderate
DDInter387,Cisplatin,DDInter85,Amphotericin B,Moderate
DDInter405,Clofarabine,DDInter85,Amphotericin B,Moderate
DDInter416,Clotrimazole,DDInter85,Amphotericin B,Minor
DDInter85,Amphotericin B,DDInter445,Corticotropin,Moderate
DDInter85,Amphotericin B,DDInter1782,Tetracosactide,Moderate
DDInter456,Cyclophosphamide,DDInter85,Amphotericin B,Moderate
DDInter458,Cyclosporine,DDInter85,Amphotericin B,Moderate
DDInter85,Amphotericin B,DDInter870,Human cytomegalovirus immune globulin,Major
DDInter85,Amphotericin B,DDInter488,Deferasirox,Major
DDInter85,Amphotericin B,DDInter492,Deflazacort,Moderate
DDInter85,Amphotericin B,DDInter513,Dexamethasone,Moderate
DDInter85,Amphotericin B,DDInter519,Dexlansoprazole,Moderate
DDInter533,Diatrizoate,DDInter85,Amphotericin B,Major
DDInter85,Amphotericin B,DDInter540,Diclofenamide,Moderate
DDInter85,Amphotericin B,DDInter553,Digitoxin,Moderate
DDInter554,Digoxin,DDInter85,Amphotericin B,Moderate
DDInter575,Disopyramide,DDInter85,Amphotericin B,Moderate
DDInter580,Dofetilide,DDInter85,Amphotericin B,Major
DDInter85,Amphotericin B,DDInter590,Doxacurium,Moderate
DDInter85,Amphotericin B,DDInter602,Dronedarone,Major
DDInter603,Droperidol,DDInter85,Amphotericin B,Major
DDInter647,Entecavir,DDInter85,Amphotericin B,Moderate
DDInter85,Amphotericin B,DDInter676,Esomeprazole,Moderate
DDInter85,Amphotericin B,DDInter681,Estramustine,Moderate
DDInter85,Amphotericin B,DDInter686,Etacrynic acid,Moderate
DDInter85,Amphotericin B,DDInter698,Etidronic acid,Moderate
DDInter85,Amphotericin B,DDInter704,Everolimus,Major
DDInter85,Amphotericin B,DDInter706,Exenatide,Moderate
DDInter743,Fluconazole,DDInter85,Amphotericin B,Minor
DDInter85,Amphotericin B,DDInter744,Flucytosine,Moderate
DDInter85,Amphotericin B,DDInter747,Fludrocortisone,Moderate
DDInter760,Fluphenazine,DDInter85,Amphotericin B,Moderate
DDInter85,Amphotericin B,DDInter815,Gentamicin,Moderate
DDInter85,Amphotericin B,DDInter821,Givosiran,Moderate
DDInter853,Haloperidol,DDInter85,Amphotericin B,Moderate
DDInter85,Amphotericin B,DDInter889,Hydroflumethiazide,Moderate
DDInter85,Amphotericin B,DDInter897,Ibandronate,Moderate
DDInter85,Amphotericin B,DDInter906,Ifosfamide,Moderate
DDInter873,Human immunoglobulin G (intravenous),DDInter85,Amphotericin B,Major
DDInter872,Human immunoglobulin G (intravenous and subcutaneous),DDInter85,Amphotericin B,Major
DDInter85,Amphotericin B,DDInter916,Indapamide,Moderate
DDInter85,Amphotericin B,DDInter926,Inotersen,Major
DDInter85,Amphotericin B,DDInter957,Iodipamide,Major
DDInter85,Amphotericin B,DDInter958,Iodixanol,Major
DDInter85,Amphotericin B,DDInter960,Iohexol,Major
DDInter85,Amphotericin B,DDInter961,Iopamidol,Major
DDInter85,Amphotericin B,DDInter964,Iopromide,Major
DDInter85,Amphotericin B,DDInter965,Iothalamic acid,Major
DDInter85,Amphotericin B,DDInter966,Ioversol,Major
DDInter85,Amphotericin B,DDInter967,Ioxilan,Major
DDInter85,Amphotericin B,DDInter995,Itraconazole,Minor
DDInter85,Amphotericin B,DDInter1004,Kanamycin,Moderate
DDInter85,Amphotericin B,DDInter1008,Ketoconazole,Minor
DDInter1022,Lansoprazole,DDInter85,Amphotericin B,Moderate
DDInter85,Amphotericin B,DDInter1043,Levacetylmethadol,Major
DDInter85,Amphotericin B,DDInter1065,Licorice,Moderate
DDInter85,Amphotericin B,DDInter1144,Melphalan,Moderate
DDInter1158,Mesalazine,DDInter85,Amphotericin B,Moderate
DDInter85,Amphotericin B,DDInter1167,Methazolamide,Moderate
DDInter1174,Methotrexate,DDInter85,Amphotericin B,Moderate
DDInter85,Amphotericin B,DDInter1179,Methoxyflurane,Moderate
DDInter85,Amphotericin B,DDInter1191,Methylprednisolone,Moderate
DDInter85,Amphotericin B,DDInter1198,Metocurine,Moderate
DDInter1199,Metolazone,DDInter85,Amphotericin B,Moderate
DDInter85,Amphotericin B,DDInter1208,Micafungin,Moderate
DDInter85,Amphotericin B,DDInter1209,Miconazole,Minor
DDInter85,Amphotericin B,DDInter1235,Mivacurium,Moderate
DDInter85,Amphotericin B,DDInter1277,Neomycin,Moderate
DDInter85,Amphotericin B,DDInter1283,Netilmicin,Moderate
DDInter85,Amphotericin B,DDInter1334,Olsalazine,Moderate
DDInter1340,Omeprazole,DDInter85,Amphotericin B,Moderate
DDInter1355,Oxaliplatin,DDInter85,Amphotericin B,Moderate
DDInter85,Amphotericin B,DDInter1381,Paliperidone,Moderate
DDInter1383,Pamidronic acid,DDInter85,Amphotericin B,Moderate
DDInter85,Amphotericin B,DDInter1385,Pancuronium,Moderate
DDInter1388,Pantoprazole,DDInter85,Amphotericin B,Moderate
DDInter1414,Pemetrexed,DDInter85,Amphotericin B,Moderate
DDInter85,Amphotericin B,DDInter1420,Pentamidine,Moderate
DDInter85,Amphotericin B,DDInter1470,Pimozide,Major
DDInter85,Amphotericin B,DDInter1473,Pipecuronium,Moderate
DDInter85,Amphotericin B,DDInter1482,Plazomicin,Moderate
DDInter85,Amphotericin B,DDInter1490,Polythiazide,Moderate
DDInter85,Amphotericin B,DDInter1513,Prednisolone,Moderate
DDInter1515,Prednisone,DDInter85,Amphotericin B,Moderate
DDInter1532,Promazine,DDInter85,Amphotericin B,Moderate
DDInter85,Amphotericin B,DDInter1561,Radium Ra 223 dichloride,Moderate
DDInter85,Amphotericin B,DDInter1571,Rapacuronium,Moderate
DDInter85,Amphotericin B,DDInter1578,Remdesivir,Moderate
DDInter85,Amphotericin B,DDInter877,Human Rho(D) immune globulin,Major
DDInter85,Amphotericin B,DDInter1605,Risperidone,Moderate
DDInter85,Amphotericin B,DDInter1612,Rocuronium,Moderate
DDInter85,Amphotericin B,DDInter1678,Sirolimus,Major
DDInter85,Amphotericin B,DDInter1692,"Sodium phosphate, monobasic (p32)",Moderate
DDInter85,Amphotericin B,DDInter1713,Streptomycin,Moderate
DDInter85,Amphotericin B,DDInter1715,Strontium chloride Sr-89,Moderate
DDInter1716,Succinylcholine,DDInter85,Amphotericin B,Moderate
DDInter85,Amphotericin B,DDInter1725,Sulfasalazine,Moderate
DDInter85,Amphotericin B,DDInter1735,Tacrolimus,Major
DDInter85,Amphotericin B,DDInter1757,Telbivudine,Moderate
DDInter85,Amphotericin B,DDInter1763,Temsirolimus,Major
DDInter1796,Thioridazine,DDInter85,Amphotericin B,Moderate
DDInter85,Amphotericin B,DDInter1822,Tobramycin,Moderate
DDInter1836,Torasemide,DDInter85,Amphotericin B,Moderate
DDInter1855,Triamcinolone,DDInter85,Amphotericin B,Moderate
DDInter85,Amphotericin B,DDInter1861,Trichlormethiazide,Moderate
DDInter85,Amphotericin B,DDInter1866,Trifluoperazine,Moderate
DDInter85,Amphotericin B,DDInter1890,Tubocurarine,Moderate
DDInter85,Amphotericin B,DDInter1902,Uracil mustard,Moderate
DDInter85,Amphotericin B,DDInter1912,Valganciclovir,Moderate
DDInter1916,Vancomycin,DDInter85,Amphotericin B,Moderate
DDInter85,Amphotericin B,DDInter1922,Vecuronium,Moderate
DDInter1946,Voriconazole,DDInter85,Amphotericin B,Minor
DDInter1967,Ziprasidone,DDInter85,Amphotericin B,Major
DDInter1968,Zoledronic acid,DDInter85,Amphotericin B,Moderate
DDInter62,Ambrisentan,DDInter280,Canagliflozin,Moderate
DDInter393,Clarithromycin,DDInter62,Ambrisentan,Minor
DDInter474,Dapagliflozin,DDInter62,Ambrisentan,Moderate
DDInter62,Ambrisentan,DDInter629,Eliglustat,Moderate
DDInter62,Ambrisentan,DDInter636,Empagliflozin,Moderate
DDInter62,Ambrisentan,DDInter669,Ertugliflozin,Moderate
DDInter1209,Miconazole,DDInter62,Ambrisentan,Minor
DDInter1263,Naltrexone,DDInter62,Ambrisentan,Moderate
DDInter1340,Omeprazole,DDInter62,Ambrisentan,Minor
DDInter195,Betamethasone,DDInter64,Amifampridine,Moderate
DDInter252,Bupropion,DDInter64,Amifampridine,Major
DDInter513,Dexamethasone,DDInter64,Amifampridine,Moderate
DDInter518,Dexfenfluramine,DDInter64,Amifampridine,Moderate
DDInter547,Diethylpropion,DDInter64,Amifampridine,Moderate
DDInter601,Dronabinol,DDInter64,Amifampridine,Moderate
DDInter650,Ephedrine,DDInter64,Amifampridine,Moderate
DDInter717,Fenfluramine,DDInter64,Amifampridine,Moderate
DDInter1055,Levofloxacin,DDInter64,Amifampridine,Moderate
DDInter1126,Mazindol,DDInter64,Amifampridine,Moderate
DDInter1197,Metoclopramide,DDInter64,Amifampridine,Moderate
DDInter1244,Morphine,DDInter64,Amifampridine,Moderate
DDInter1245,Morphine (liposomal),DDInter64,Amifampridine,Moderate
DDInter1344,Opium,DDInter64,Amifampridine,Moderate
DDInter1447,Phentermine,DDInter64,Amifampridine,Moderate
DDInter1487,Polyethylene glycol (3350 with electrolytes),DDInter64,Amifampridine,Moderate
DDInter1513,Prednisolone,DDInter64,Amifampridine,Moderate
DDInter1515,Prednisone,DDInter64,Amifampridine,Moderate
DDInter1665,Sibutramine,DDInter64,Amifampridine,Moderate
DDInter1855,Triamcinolone,DDInter64,Amifampridine,Moderate
DDInter1123,Mannitol,DDInter65,Amifostine,Moderate
DDInter1389,Papaverine,DDInter65,Amifostine,Moderate
DDInter66,Amikacin,DDInter86,Amphotericin B (cholesteryl sulfate),Moderate
DDInter66,Amikacin,DDInter87,Amphotericin B (lipid complex),Moderate
DDInter66,Amikacin,DDInter88,Amphotericin B (liposomal),Moderate
DDInter66,Amikacin,DDInter20,Acetylsalicylic acid,Moderate
DDInter66,Amikacin,DDInter164,Balsalazide,Moderate
DDInter66,Amikacin,DDInter519,Dexlansoprazole,Moderate
DDInter66,Amikacin,DDInter676,Esomeprazole,Moderate
DDInter66,Amikacin,DDInter706,Exenatide,Moderate
DDInter66,Amikacin,DDInter1004,Kanamycin,Moderate
DDInter1022,Lansoprazole,DDInter66,Amikacin,Moderate
DDInter66,Amikacin,DDInter1120,Magnesium sulfate,Major
DDInter66,Amikacin,DDInter1123,Mannitol,Major
DDInter1158,Mesalazine,DDInter66,Amikacin,Moderate
DDInter66,Amikacin,DDInter1277,Neomycin,Moderate
DDInter66,Amikacin,DDInter1278,Neomycin (topical),Moderate
DDInter66,Amikacin,DDInter1334,Olsalazine,Moderate
DDInter1340,Omeprazole,DDInter66,Amikacin,Moderate
DDInter1388,Pantoprazole,DDInter66,Amikacin,Moderate
DDInter66,Amikacin,DDInter1489,Polymyxin B,Major
DDInter66,Amikacin,DDInter1713,Streptomycin,Moderate
DDInter66,Amikacin,DDInter1725,Sulfasalazine,Moderate
DDInter66,Amikacin,DDInter1916,Vancomycin,Moderate
DDInter68,Amiloride,DDInter83,Amoxicillin,Minor
DDInter195,Betamethasone,DDInter68,Amiloride,Moderate
DDInter68,Amiloride,DDInter212,Bisacodyl,Moderate
DDInter68,Amiloride,DDInter246,Budesonide,Moderate
DDInter68,Amiloride,DDInter252,Bupropion,Moderate
DDInter68,Amiloride,DDInter280,Canagliflozin,Moderate
DDInter68,Amiloride,DDInter307,Castor oil,Moderate
DDInter380,Cimetidine,DDInter68,Amiloride,Minor
DDInter68,Amiloride,DDInter474,Dapagliflozin,Moderate
DDInter68,Amiloride,DDInter513,Dexamethasone,Moderate
DDInter601,Dronabinol,DDInter68,Amiloride,Moderate
DDInter68,Amiloride,DDInter636,Empagliflozin,Moderate
DDInter68,Amiloride,DDInter669,Ertugliflozin,Moderate
DDInter68,Amiloride,DDInter706,Exenatide,Moderate
DDInter68,Amiloride,DDInter832,Glycerin,Moderate
DDInter68,Amiloride,DDInter1016,Lactitol,Moderate
DDInter1018,Lactulose,DDInter68,Amiloride,Moderate
DDInter68,Amiloride,DDInter1115,Magnesium citrate,Moderate
DDInter68,Amiloride,DDInter1118,Magnesium hydroxide,Moderate
DDInter68,Amiloride,DDInter1223,Mineral oil,Moderate
DDInter68,Amiloride,DDInter1224,Minocycline,Minor
DDInter1244,Morphine,DDInter68,Amiloride,Moderate
DDInter1253,Nabilone,DDInter68,Amiloride,Moderate
DDInter68,Amiloride,DDInter1344,Opium,Moderate
DDInter68,Amiloride,DDInter1443,Phenolphthalein,Moderate
DDInter68,Amiloride,DDInter1488,Polyethylene glycol (3350),Moderate
DDInter68,Amiloride,DDInter1487,Polyethylene glycol (3350 with electrolytes),Moderate
DDInter68,Amiloride,DDInter1496,Potassium bicarbonate,Major
DDInter68,Amiloride,DDInter1497,Potassium chloride,Major
DDInter68,Amiloride,DDInter1498,Potassium citrate,Major
DDInter68,Amiloride,DDInter1499,Potassium gluconate,Major
DDInter68,Amiloride,DDInter1513,Prednisolone,Moderate
DDInter68,Amiloride,DDInter1515,Prednisone,Moderate
DDInter68,Amiloride,DDInter1665,Sibutramine,Moderate
DDInter68,Amiloride,DDInter1783,Tetracycline,Minor
DDInter68,Amiloride,DDInter1855,Triamcinolone,Moderate
DDInter16,Acetohexamide,DDInter73,Aminolevulinic acid (topical),Moderate
DDInter364,Chlorpropamide,DDInter73,Aminolevulinic acid (topical),Moderate
DDInter599,Doxycycline (topical),DDInter73,Aminolevulinic acid (topical),Moderate
DDInter825,Glimepiride,DDInter73,Aminolevulinic acid (topical),Moderate
DDInter73,Aminolevulinic acid (topical),DDInter826,Glipizide,Moderate
DDInter73,Aminolevulinic acid (topical),DDInter831,Glyburide,Moderate
DDInter73,Aminolevulinic acid (topical),DDInter1055,Levofloxacin,Moderate
DDInter73,Aminolevulinic acid (topical),DDInter1224,Minocycline,Moderate
DDInter73,Aminolevulinic acid (topical),DDInter1225,Minocycline (topical),Moderate
DDInter1725,Sulfasalazine,DDInter73,Aminolevulinic acid (topical),Moderate
DDInter1783,Tetracycline,DDInter73,Aminolevulinic acid (topical),Moderate
DDInter1784,Tetracycline (topical),DDInter73,Aminolevulinic acid (topical),Moderate
DDInter1826,Tolazamide,DDInter73,Aminolevulinic acid (topical),Moderate
DDInter73,Aminolevulinic acid (topical),DDInter1828,Tolbutamide,Moderate
DDInter75,Aminosalicylic acid,DDInter1263,Naltrexone,Moderate
DDInter86,Amphotericin B (cholesteryl sulfate),DDInter76,Amiodarone,Major
DDInter87,Amphotericin B (lipid complex),DDInter76,Amiodarone,Major
DDInter88,Amphotericin B (liposomal),DDInter76,Amiodarone,Major
DDInter112,Aprepitant,DDInter76,Amiodarone,Moderate
DDInter76,Amiodarone,DDInter212,Bisacodyl,Moderate
DDInter76,Amiodarone,DDInter246,Budesonide,Moderate
DDInter76,Amiodarone,DDInter247,Budesonide (nasal),Moderate
DDInter76,Amiodarone,DDInter307,Castor oil,Moderate
DDInter380,Cimetidine,DDInter76,Amiodarone,Moderate
DDInter385,Cisapride,DDInter76,Amiodarone,Major
DDInter76,Amiodarone,DDInter393,Clarithromycin,Major
DDInter416,Clotrimazole,DDInter76,Amiodarone,Major
DDInter76,Amiodarone,DDInter513,Dexamethasone,Major
DDInter581,Dolasetron,DDInter76,Amiodarone,Major
DDInter76,Amiodarone,DDInter629,Eliglustat,Major
DDInter76,Amiodarone,DDInter734,Fidaxomicin,Minor
DDInter76,Amiodarone,DDInter832,Glycerin,Moderate
DDInter840,Granisetron,DDInter76,Amiodarone,Major
DDInter76,Amiodarone,DDInter1016,Lactitol,Moderate
DDInter1018,Lactulose,DDInter76,Amiodarone,Moderate
DDInter76,Amiodarone,DDInter1055,Levofloxacin,Major
DDInter1088,Loperamide,DDInter76,Amiodarone,Major
DDInter76,Amiodarone,DDInter1115,Magnesium citrate,Moderate
DDInter76,Amiodarone,DDInter1118,Magnesium hydroxide,Moderate
DDInter1202,Metronidazole,DDInter76,Amiodarone,Moderate
DDInter1209,Miconazole,DDInter76,Amiodarone,Moderate
DDInter76,Amiodarone,DDInter1223,Mineral oil,Moderate
DDInter76,Amiodarone,DDInter1258,Naldemedine,Moderate
DDInter76,Amiodarone,DDInter1261,Naloxegol,Minor
DDInter1263,Naltrexone,DDInter76,Amiodarone,Moderate
DDInter1269,Nateglinide,DDInter76,Amiodarone,Moderate
DDInter1300,Nitisinone,DDInter76,Amiodarone,Moderate
DDInter1342,Ondansetron,DDInter76,Amiodarone,Major
DDInter1348,Orlistat,DDInter76,Amiodarone,Moderate
DDInter1382,Palonosetron,DDInter76,Amiodarone,Major
DDInter1389,Papaverine,DDInter76,Amiodarone,Major
DDInter76,Amiodarone,DDInter1443,Phenolphthalein,Moderate
DDInter76,Amiodarone,DDInter1488,Polyethylene glycol (3350),Moderate
DDInter76,Amiodarone,DDInter1487,Polyethylene glycol (3350 with electrolytes),Major
DDInter76,Amiodarone,DDInter1544,Prucalopride,Minor
DDInter1581,Repaglinide,DDInter76,Amiodarone,Moderate
DDInter1622,Rosuvastatin,DDInter76,Amiodarone,Moderate
DDInter76,Amiodarone,DDInter1646,Saxagliptin,Moderate
DDInter1675,Simvastatin,DDInter76,Amiodarone,Major
DDInter1811,Tinidazole,DDInter76,Amiodarone,Moderate
DDInter1881,Troglitazone,DDInter76,Amiodarone,Moderate
DDInter87,Amphotericin B (lipid complex),DDInter77,Amisulpride,Moderate
DDInter77,Amisulpride,DDInter212,Bisacodyl,Moderate
DDInter77,Amisulpride,DDInter307,Castor oil,Moderate
DDInter385,Cisapride,DDInter77,Amisulpride,Major
DDInter393,Clarithromycin,DDInter77,Amisulpride,Major
DDInter581,Dolasetron,DDInter77,Amisulpride,Major
DDInter77,Amisulpride,DDInter832,Glycerin,Moderate
DDInter840,Granisetron,DDInter77,Amisulpride,Major
DDInter77,Amisulpride,DDInter1016,Lactitol,Moderate
DDInter1018,Lactulose,DDInter77,Amisulpride,Moderate
DDInter1055,Levofloxacin,DDInter77,Amisulpride,Major
DDInter1088,Loperamide,DDInter77,Amisulpride,Moderate
DDInter77,Amisulpride,DDInter1115,Magnesium citrate,Moderate
DDInter77,Amisulpride,DDInter1118,Magnesium hydroxide,Moderate
DDInter1197,Metoclopramide,DDInter77,Amisulpride,Major
DDInter1202,Metronidazole,DDInter77,Amisulpride,Minor
DDInter77,Amisulpride,DDInter1223,Mineral oil,Moderate
DDInter1342,Ondansetron,DDInter77,Amisulpride,Major
DDInter1382,Palonosetron,DDInter77,Amisulpride,Major
DDInter1389,Papaverine,DDInter77,Amisulpride,Major
DDInter77,Amisulpride,DDInter1488,Polyethylene glycol (3350),Moderate
DDInter77,Amisulpride,DDInter1487,Polyethylene glycol (3350 with electrolytes),Moderate
DDInter78,Amitriptyline,DDInter16,Acetohexamide,Moderate
DDInter78,Amitriptyline,DDInter136,Atropine,Moderate
DDInter78,Amitriptyline,DDInter252,Bupropion,Major
DDInter78,Amitriptyline,DDInter24,Activated charcoal,Moderate
DDInter78,Amitriptyline,DDInter364,Chlorpropamide,Moderate
DDInter78,Amitriptyline,DDInter380,Cimetidine,Moderate
DDInter78,Amitriptyline,DDInter385,Cisapride,Major
DDInter78,Amitriptyline,DDInter393,Clarithromycin,Moderate
DDInter78,Amitriptyline,DDInter397,Clidinium,Moderate
DDInter78,Amitriptyline,DDInter518,Dexfenfluramine,Major
DDInter78,Amitriptyline,DDInter543,Dicyclomine,Moderate
DDInter78,Amitriptyline,DDInter547,Diethylpropion,Moderate
DDInter78,Amitriptyline,DDInter581,Dolasetron,Major
DDInter78,Amitriptyline,DDInter601,Dronabinol,Moderate
DDInter78,Amitriptyline,DDInter629,Eliglustat,Moderate
DDInter78,Amitriptyline,DDInter632,Eluxadoline,Moderate
DDInter78,Amitriptyline,DDInter650,Ephedrine,Major
DDInter78,Amitriptyline,DDInter717,Fenfluramine,Moderate
DDInter825,Glimepiride,DDInter78,Amitriptyline,Moderate
DDInter78,Amitriptyline,DDInter826,Glipizide,Moderate
DDInter78,Amitriptyline,DDInter831,Glyburide,Moderate
DDInter78,Amitriptyline,DDInter833,Glycerol phenylbutyrate,Moderate
DDInter78,Amitriptyline,DDInter834,Glycopyrronium,Moderate
DDInter78,Amitriptyline,DDInter835,Glycopyrronium (topical),Moderate
DDInter78,Amitriptyline,DDInter840,Granisetron,Major
DDInter78,Amitriptyline,DDInter896,Hyoscyamine,Moderate
DDInter78,Amitriptyline,DDInter1055,Levofloxacin,Moderate
DDInter78,Amitriptyline,DDInter1088,Loperamide,Moderate
DDInter78,Amitriptyline,DDInter1093,Lorcaserin,Major
DDInter78,Amitriptyline,DDInter1126,Mazindol,Moderate
DDInter78,Amitriptyline,DDInter1149,Mepenzolate,Moderate
DDInter78,Amitriptyline,DDInter1180,Methscopolamine,Moderate
DDInter78,Amitriptyline,DDInter1197,Metoclopramide,Moderate
DDInter78,Amitriptyline,DDInter1202,Metronidazole,Minor
DDInter78,Amitriptyline,DDInter1209,Miconazole,Moderate
DDInter1244,Morphine,DDInter78,Amitriptyline,Moderate
DDInter1245,Morphine (liposomal),DDInter78,Amitriptyline,Moderate
DDInter78,Amitriptyline,DDInter1253,Nabilone,Moderate
DDInter78,Amitriptyline,DDInter1342,Ondansetron,Major
DDInter78,Amitriptyline,DDInter1344,Opium,Moderate
DDInter78,Amitriptyline,DDInter1382,Palonosetron,Major
DDInter78,Amitriptyline,DDInter1389,Papaverine,Major
DDInter1447,Phentermine,DDInter78,Amitriptyline,Moderate
DDInter78,Amitriptyline,DDInter1487,Polyethylene glycol (3350 with electrolytes),Moderate
DDInter78,Amitriptyline,DDInter1497,Potassium chloride,Major
DDInter78,Amitriptyline,DDInter1498,Potassium citrate,Major
DDInter78,Amitriptyline,DDInter1535,Propantheline,Moderate
DDInter78,Amitriptyline,DDInter1615,Rolapitant,Moderate
DDInter78,Amitriptyline,DDInter1647,Scopolamine,Moderate
DDInter78,Amitriptyline,DDInter1665,Sibutramine,Major
DDInter78,Amitriptyline,DDInter1826,Tolazamide,Moderate
DDInter78,Amitriptyline,DDInter1828,Tolbutamide,Moderate
DDInter1886,Trospium,DDInter78,Amitriptyline,Moderate
DDInter1244,Morphine,DDInter355,Chlordiazepoxide,Major
DDInter1245,Morphine (liposomal),DDInter355,Chlordiazepoxide,Major
DDInter79,Amlodipine,DDInter112,Aprepitant,Moderate
DDInter79,Amlodipine,DDInter20,Acetylsalicylic acid,Moderate
DDInter79,Amlodipine,DDInter195,Betamethasone,Moderate
DDInter79,Amlodipine,DDInter246,Budesonide,Moderate
DDInter79,Amlodipine,DDInter252,Bupropion,Moderate
DDInter270,Calcium acetate,DDInter79,Amlodipine,Moderate
DDInter79,Amlodipine,DDInter271,Calcium carbonate,Moderate
DDInter79,Amlodipine,DDInter272,Calcium chloride,Moderate
DDInter79,Amlodipine,DDInter273,Calcium citrate,Moderate
DDInter79,Amlodipine,DDInter274,Calcium glubionate anhydrous,Moderate
DDInter275,Calcium glucoheptonate,DDInter79,Amlodipine,Moderate
DDInter79,Amlodipine,DDInter276,Calcium gluconate,Moderate
DDInter79,Amlodipine,DDInter278,Calcium lactate,Moderate
DDInter79,Amlodipine,DDInter279,Calcium Phosphate,Moderate
DDInter79,Amlodipine,DDInter280,Canagliflozin,Moderate
DDInter79,Amlodipine,DDInter393,Clarithromycin,Moderate
DDInter416,Clotrimazole,DDInter79,Amlodipine,Moderate
DDInter79,Amlodipine,DDInter474,Dapagliflozin,Moderate
DDInter79,Amlodipine,DDInter513,Dexamethasone,Moderate
DDInter79,Amlodipine,DDInter581,Dolasetron,Major
DDInter79,Amlodipine,DDInter601,Dronabinol,Moderate
DDInter79,Amlodipine,DDInter629,Eliglustat,Moderate
DDInter79,Amlodipine,DDInter636,Empagliflozin,Moderate
DDInter79,Amlodipine,DDInter669,Ertugliflozin,Moderate
DDInter79,Amlodipine,DDInter1120,Magnesium sulfate,Moderate
DDInter79,Amlodipine,DDInter1209,Miconazole,Moderate
DDInter1244,Morphine,DDInter79,Amlodipine,Moderate
DDInter79,Amlodipine,DDInter1253,Nabilone,Moderate
DDInter1300,Nitisinone,DDInter79,Amlodipine,Moderate
DDInter79,Amlodipine,DDInter1344,Opium,Moderate
DDInter79,Amlodipine,DDInter1513,Prednisolone,Moderate
DDInter79,Amlodipine,DDInter1515,Prednisone,Moderate
DDInter79,Amlodipine,DDInter1675,Simvastatin,Major
DDInter79,Amlodipine,DDInter1855,Triamcinolone,Moderate
DDInter1881,Troglitazone,DDInter79,Amlodipine,Moderate
DDInter133,Atorvastatin,DDInter393,Clarithromycin,Major
DDInter16,Acetohexamide,DDInter177,Benazepril,Moderate
DDInter177,Benazepril,DDInter364,Chlorpropamide,Moderate
DDInter177,Benazepril,DDInter474,Dapagliflozin,Moderate
DDInter177,Benazepril,DDInter706,Exenatide,Moderate
DDInter825,Glimepiride,DDInter177,Benazepril,Moderate
DDInter177,Benazepril,DDInter826,Glipizide,Moderate
DDInter177,Benazepril,DDInter831,Glyburide,Moderate
DDInter177,Benazepril,DDInter832,Glycerin,Moderate
DDInter934,Insulin human,DDInter177,Benazepril,Moderate
DDInter177,Benazepril,DDInter929,Insulin aspart (aspart),Moderate
DDInter177,Benazepril,DDInter928,Insulin aspart (aspart protamine),Moderate
DDInter177,Benazepril,DDInter930,Insulin degludec,Moderate
DDInter177,Benazepril,DDInter931,Insulin detemir,Moderate
DDInter932,Insulin glargine,DDInter177,Benazepril,Moderate
DDInter177,Benazepril,DDInter933,Insulin glulisine,Moderate
DDInter935,"Insulin human (inhalation, rapid acting)",DDInter177,Benazepril,Moderate
DDInter936,Insulin human (isophane),DDInter177,Benazepril,Moderate
DDInter940,Insulin lispro,DDInter177,Benazepril,Moderate
DDInter941,Insulin lispro (protamine),DDInter177,Benazepril,Moderate
DDInter937,Insulin human (regular),DDInter177,Benazepril,Moderate
DDInter939,Insulin human (zinc),DDInter177,Benazepril,Moderate
DDInter938,Insulin human (zinc extended),DDInter177,Benazepril,Moderate
DDInter177,Benazepril,DDInter1070,Linagliptin,Moderate
DDInter177,Benazepril,DDInter1123,Mannitol,Moderate
DDInter1164,Metformin,DDInter177,Benazepril,Moderate
DDInter177,Benazepril,DDInter1263,Naltrexone,Moderate
DDInter177,Benazepril,DDInter1269,Nateglinide,Moderate
DDInter177,Benazepril,DDInter1487,Polyethylene glycol (3350 with electrolytes),Moderate
DDInter177,Benazepril,DDInter1496,Potassium bicarbonate,Major
DDInter177,Benazepril,DDInter1497,Potassium chloride,Major
DDInter177,Benazepril,DDInter1498,Potassium citrate,Major
DDInter177,Benazepril,DDInter1499,Potassium gluconate,Major
DDInter177,Benazepril,DDInter1581,Repaglinide,Moderate
DDInter177,Benazepril,DDInter1646,Saxagliptin,Moderate
DDInter177,Benazepril,DDInter1679,Sitagliptin,Moderate
DDInter177,Benazepril,DDInter1826,Tolazamide,Moderate
DDInter177,Benazepril,DDInter1828,Tolbutamide,Moderate
DDInter16,Acetohexamide,DDInter336,Celecoxib,Moderate
DDInter336,Celecoxib,DDInter164,Balsalazide,Moderate
DDInter336,Celecoxib,DDInter364,Chlorpropamide,Moderate
DDInter336,Celecoxib,DDInter380,Cimetidine,Moderate
DDInter336,Celecoxib,DDInter518,Dexfenfluramine,Moderate
DDInter336,Celecoxib,DDInter629,Eliglustat,Major
DDInter336,Celecoxib,DDInter706,Exenatide,Moderate
DDInter336,Celecoxib,DDInter717,Fenfluramine,Moderate
DDInter825,Glimepiride,DDInter336,Celecoxib,Moderate
DDInter336,Celecoxib,DDInter826,Glipizide,Moderate
DDInter336,Celecoxib,DDInter831,Glyburide,Moderate
DDInter336,Celecoxib,DDInter1004,Kanamycin,Moderate
DDInter336,Celecoxib,DDInter1055,Levofloxacin,Moderate
DDInter1158,Mesalazine,DDInter336,Celecoxib,Moderate
DDInter336,Celecoxib,DDInter1202,Metronidazole,Moderate
DDInter336,Celecoxib,DDInter1263,Naltrexone,Moderate
DDInter336,Celecoxib,DDInter1269,Nateglinide,Moderate
DDInter336,Celecoxib,DDInter1334,Olsalazine,Moderate
DDInter336,Celecoxib,DDInter1342,Ondansetron,Moderate
DDInter336,Celecoxib,DDInter1487,Polyethylene glycol (3350 with electrolytes),Moderate
DDInter336,Celecoxib,DDInter1581,Repaglinide,Moderate
DDInter336,Celecoxib,DDInter1713,Streptomycin,Moderate
DDInter336,Celecoxib,DDInter1725,Sulfasalazine,Moderate
DDInter336,Celecoxib,DDInter1826,Tolazamide,Moderate
DDInter336,Celecoxib,DDInter1828,Tolbutamide,Moderate
DDInter336,Celecoxib,DDInter1857,Triamcinolone (ophthalmic),Moderate
DDInter336,Celecoxib,DDInter1916,Vancomycin,Moderate
DDInter1330,Olmesartan,DDInter632,Eluxadoline,Moderate
DDInter1330,Olmesartan,DDInter706,Exenatide,Moderate
DDInter934,Insulin human,DDInter1330,Olmesartan,Moderate
DDInter1330,Olmesartan,DDInter929,Insulin aspart (aspart),Moderate
DDInter1330,Olmesartan,DDInter928,Insulin aspart (aspart protamine),Moderate
DDInter1330,Olmesartan,DDInter930,Insulin degludec,Moderate
DDInter1330,Olmesartan,DDInter931,Insulin detemir,Moderate
DDInter932,Insulin glargine,DDInter1330,Olmesartan,Moderate
DDInter1330,Olmesartan,DDInter933,Insulin glulisine,Moderate
DDInter935,"Insulin human (inhalation, rapid acting)",DDInter1330,Olmesartan,Moderate
DDInter936,Insulin human (isophane),DDInter1330,Olmesartan,Moderate
DDInter940,Insulin lispro,DDInter1330,Olmesartan,Moderate
DDInter941,Insulin lispro (protamine),DDInter1330,Olmesartan,Moderate
DDInter937,Insulin human (regular),DDInter1330,Olmesartan,Moderate
DDInter939,Insulin human (zinc),DDInter1330,Olmesartan,Moderate
DDInter938,Insulin human (zinc extended),DDInter1330,Olmesartan,Moderate
DDInter1330,Olmesartan,DDInter1487,Polyethylene glycol (3350 with electrolytes),Moderate
DDInter1330,Olmesartan,DDInter1496,Potassium bicarbonate,Major
DDInter1330,Olmesartan,DDInter1497,Potassium chloride,Major
DDInter1330,Olmesartan,DDInter1498,Potassium citrate,Major
DDInter1330,Olmesartan,DDInter1499,Potassium gluconate,Major
DDInter1915,Valsartan,DDInter632,Eluxadoline,Moderate
DDInter1915,Valsartan,DDInter706,Exenatide,Moderate
DDInter934,Insulin human,DDInter1915,Valsartan,Moderate
DDInter1915,Valsartan,DDInter929,Insulin aspart (aspart),Moderate
DDInter1915,Valsartan,DDInter928,Insulin aspart (aspart protamine),Moderate
DDInter1915,Valsartan,DDInter930,Insulin degludec,Moderate
DDInter1915,Valsartan,DDInter931,Insulin detemir,Moderate
DDInter932,Insulin glargine,DDInter1915,Valsartan,Moderate
DDInter1915,Valsartan,DDInter933,Insulin glulisine,Moderate
DDInter935,"Insulin human (inhalation, rapid acting)",DDInter1915,Valsartan,Moderate
DDInter936,Insulin human (isophane),DDInter1915,Valsartan,Moderate
DDInter940,Insulin lispro,DDInter1915,Valsartan,Moderate
DDInter941,Insulin lispro (protamine),DDInter1915,Valsartan,Moderate
DDInter937,Insulin human (regular),DDInter1915,Valsartan,Moderate
DDInter939,Insulin human (zinc),DDInter1915,Valsartan,Moderate
DDInter938,Insulin human (zinc extended),DDInter1915,Valsartan,Moderate
DDInter1915,Valsartan,DDInter1487,Polyethylene glycol (3350 with electrolytes),Moderate
DDInter1915,Valsartan,DDInter1496,Potassium bicarbonate,Major
DDInter1915,Valsartan,DDInter1497,Potassium chloride,Major
DDInter1915,Valsartan,DDInter1498,Potassium citrate,Major
DDInter1915,Valsartan,DDInter1499,Potassium gluconate,Major
DDInter1915,Valsartan,DDInter280,Canagliflozin,Moderate
DDInter112,Aprepitant,DDInter81,Amobarbital,Moderate
DDInter195,Betamethasone,DDInter81,Amobarbital,Moderate
DDInter252,Bupropion,DDInter81,Amobarbital,Moderate
DDInter265,Calcifediol,DDInter81,Amobarbital,Moderate
DDInter268,Calcitriol,DDInter81,Amobarbital,Moderate
DDInter81,Amobarbital,DDInter280,Canagliflozin,Moderate
DDInter81,Amobarbital,DDInter24,Activated charcoal,Moderate
DDInter380,Cimetidine,DDInter81,Amobarbital,Minor
DDInter513,Dexamethasone,DDInter81,Amobarbital,Moderate
DDInter558,Dihydrotachysterol,DDInter81,Amobarbital,Moderate
DDInter601,Dronabinol,DDInter81,Amobarbital,Moderate
DDInter81,Amobarbital,DDInter629,Eliglustat,Moderate
DDInter662,Ergocalciferol,DDInter81,Amobarbital,Moderate
DDInter81,Amobarbital,DDInter1070,Linagliptin,Moderate
DDInter1197,Metoclopramide,DDInter81,Amobarbital,Moderate
DDInter1202,Metronidazole,DDInter81,Amobarbital,Moderate
DDInter1244,Morphine,DDInter81,Amobarbital,Major
DDInter1245,Morphine (liposomal),DDInter81,Amobarbital,Major
DDInter1253,Nabilone,DDInter81,Amobarbital,Moderate
DDInter81,Amobarbital,DDInter1261,Naloxegol,Moderate
DDInter1300,Nitisinone,DDInter81,Amobarbital,Moderate
DDInter81,Amobarbital,DDInter1344,Opium,Moderate
DDInter1513,Prednisolone,DDInter81,Amobarbital,Moderate
DDInter1515,Prednisone,DDInter81,Amobarbital,Moderate
DDInter1549,Pyridoxine,DDInter81,Amobarbital,Minor
DDInter1581,Repaglinide,DDInter81,Amobarbital,Moderate
DDInter81,Amobarbital,DDInter1615,Rolapitant,Moderate
DDInter81,Amobarbital,DDInter1646,Saxagliptin,Moderate
DDInter1665,Sibutramine,DDInter81,Amobarbital,Moderate
DDInter1811,Tinidazole,DDInter81,Amobarbital,Moderate
DDInter1855,Triamcinolone,DDInter81,Amobarbital,Moderate
DDInter83,Amoxicillin,DDInter98,Anisindione,Moderate
DDInter157,Azithromycin,DDInter83,Amoxicillin,Minor
DDInter164,Balsalazide,DDInter83,Amoxicillin,Moderate
DDInter83,Amoxicillin,DDInter206,Bifidobacterium longum infantis,Moderate
DDInter83,Amoxicillin,DDInter1932,Vibrio cholerae CVD 103-HgR strain live antigen (live),Major
DDInter83,Amoxicillin,DDInter393,Clarithromycin,Minor
DDInter498,Demeclocycline,DDInter83,Amoxicillin,Moderate
DDInter542,Dicoumarol,DDInter83,Amoxicillin,Moderate
DDInter647,Entecavir,DDInter83,Amoxicillin,Moderate
DDInter670,Erythromycin,DDInter83,Amoxicillin,Minor
DDInter83,Amoxicillin,DDInter918,Indium In-111 oxyquinoline,Moderate
DDInter83,Amoxicillin,DDInter1017,Lactobacillus acidophilus,Moderate
DDInter1174,Methotrexate,DDInter83,Amoxicillin,Major
DDInter1224,Minocycline,DDInter83,Amoxicillin,Moderate
DDInter1251,Mycophenolate mofetil,DDInter83,Amoxicillin,Moderate
DDInter1252,Mycophenolic acid,DDInter83,Amoxicillin,Moderate
DDInter1374,Oxytetracycline,DDInter83,Amoxicillin,Moderate
DDInter1414,Pemetrexed,DDInter83,Amoxicillin,Moderate
DDInter1522,Probenecid,DDInter83,Amoxicillin,Minor
DDInter83,Amoxicillin,DDInter1641,Sarecycline,Moderate
DDInter83,Amoxicillin,DDInter953,Iodide I-123,Moderate
DDInter83,Amoxicillin,DDInter954,Iodide I-131,Moderate
DDInter1783,Tetracycline,DDInter83,Amoxicillin,Moderate
DDInter83,Amoxicillin,DDInter1882,Troleandomycin,Minor
DDInter83,Amoxicillin,DDInter1894,Typhoid vaccine (live),Major
DDInter1951,Warfarin,DDInter83,Amoxicillin,Moderate
DDInter1263,Naltrexone,DDInter394,Clavulanic acid,Moderate
DDInter84,Amphetamine,DDInter58,Aluminum hydroxide,Moderate
DDInter124,Ascorbic acid,DDInter84,Amphetamine,Moderate
DDInter84,Amphetamine,DDInter252,Bupropion,Major
DDInter84,Amphetamine,DDInter271,Calcium carbonate,Moderate
DDInter518,Dexfenfluramine,DDInter526,Dextroamphetamine,Major
DDInter84,Amphetamine,DDInter519,Dexlansoprazole,Moderate
DDInter84,Amphetamine,DDInter629,Eliglustat,Moderate
DDInter84,Amphetamine,DDInter650,Ephedrine,Moderate
DDInter84,Amphetamine,DDInter676,Esomeprazole,Moderate
DDInter84,Amphetamine,DDInter717,Fenfluramine,Major
DDInter830,Glutamic acid,DDInter84,Amphetamine,Moderate
DDInter84,Amphetamine,DDInter833,Glycerol phenylbutyrate,Moderate
DDInter84,Amphetamine,DDInter1022,Lansoprazole,Moderate
DDInter84,Amphetamine,DDInter1093,Lorcaserin,Moderate
DDInter526,Dextroamphetamine,DDInter1112,Magaldrate,Moderate
DDInter84,Amphetamine,DDInter1113,Magnesium carbonate,Moderate
DDInter526,Dextroamphetamine,DDInter1118,Magnesium hydroxide,Moderate
DDInter1119,Magnesium oxide,DDInter526,Dextroamphetamine,Moderate
DDInter84,Amphetamine,DDInter1340,Omeprazole,Moderate
DDInter84,Amphetamine,DDInter1388,Pantoprazole,Moderate
DDInter84,Amphetamine,DDInter1487,Polyethylene glycol (3350 with electrolytes),Moderate
DDInter526,Dextroamphetamine,DDInter1498,Potassium citrate,Moderate
DDInter84,Amphetamine,DDInter1615,Rolapitant,Moderate
DDInter84,Amphetamine,DDInter1665,Sibutramine,Major
DDInter84,Amphetamine,DDInter518,Dexfenfluramine,Major
DDInter84,Amphetamine,DDInter1112,Magaldrate,Moderate
DDInter84,Amphetamine,DDInter1118,Magnesium hydroxide,Moderate
DDInter84,Amphetamine,DDInter1119,Magnesium oxide,Moderate
DDInter84,Amphetamine,DDInter1498,Potassium citrate,Moderate
DDInter67,Amikacin (liposome),DDInter87,Amphotericin B (lipid complex),Moderate
DDInter87,Amphotericin B (lipid complex),DDInter120,Arsenic trioxide,Major
DDInter87,Amphotericin B (lipid complex),DDInter135,Atracurium,Moderate
DDInter87,Amphotericin B (lipid complex),DDInter164,Balsalazide,Moderate
DDInter168,Beclomethasone dipropionate,DDInter87,Amphotericin B (lipid complex),Moderate
DDInter179,Bendroflumethiazide,DDInter87,Amphotericin B (lipid complex),Moderate
DDInter188,Benzthiazide,DDInter87,Amphotericin B (lipid complex),Moderate
DDInter195,Betamethasone,DDInter87,Amphotericin B (lipid complex),Moderate
DDInter87,Amphotericin B (lipid complex),DDInter868,Human botulinum neurotoxin A/B immune globulin,Major
DDInter87,Amphotericin B (lipid complex),DDInter248,Bumetanide,Moderate
DDInter288,Capreomycin,DDInter87,Amphotericin B (lipid complex),Moderate
DDInter350,Chlorambucil,DDInter87,Amphotericin B (lipid complex),Moderate
DDInter363,Chlorpromazine,DDInter87,Amphotericin B (lipid complex),Moderate
DDInter365,Chlorthalidone,DDInter87,Amphotericin B (lipid complex),Moderate
DDInter378,Cidofovir,DDInter87,Amphotericin B (lipid complex),Major
DDInter386,Cisatracurium,DDInter87,Amphotericin B (lipid complex),Moderate
DDInter387,Cisplatin,DDInter87,Amphotericin B (lipid complex),Moderate
DDInter405,Clofarabine,DDInter87,Amphotericin B (lipid complex),Moderate
DDInter416,Clotrimazole,DDInter87,Amphotericin B (lipid complex),Minor
DDInter87,Amphotericin B (lipid complex),DDInter445,Corticotropin,Moderate
DDInter87,Amphotericin B (lipid complex),DDInter1782,Tetracosactide,Moderate
DDInter456,Cyclophosphamide,DDInter87,Amphotericin B (lipid complex),Moderate
DDInter458,Cyclosporine,DDInter87,Amphotericin B (lipid complex),Moderate
DDInter87,Amphotericin B (lipid complex),DDInter870,Human cytomegalovirus immune globulin,Major
DDInter87,Amphotericin B (lipid complex),DDInter488,Deferasirox,Major
DDInter87,Amphotericin B (lipid complex),DDInter492,Deflazacort,Moderate
DDInter87,Amphotericin B (lipid complex),DDInter513,Dexamethasone,Moderate
DDInter87,Amphotericin B (lipid complex),DDInter519,Dexlansoprazole,Moderate
DDInter533,Diatrizoate,DDInter87,Amphotericin B (lipid complex),Major
DDInter87,Amphotericin B (lipid complex),DDInter540,Diclofenamide,Moderate
DDInter87,Amphotericin B (lipid complex),DDInter553,Digitoxin,Moderate
DDInter554,Digoxin,DDInter87,Amphotericin B (lipid complex),Moderate
DDInter575,Disopyramide,DDInter87,Amphotericin B (lipid complex),Moderate
DDInter580,Dofetilide,DDInter87,Amphotericin B (lipid complex),Major
DDInter87,Amphotericin B (lipid complex),DDInter590,Doxacurium,Moderate
DDInter87,Amphotericin B (lipid complex),DDInter602,Dronedarone,Major
DDInter603,Droperidol,DDInter87,Amphotericin B (lipid complex),Major
DDInter647,Entecavir,DDInter87,Amphotericin B (lipid complex),Moderate
DDInter87,Amphotericin B (lipid complex),DDInter676,Esomeprazole,Moderate
DDInter87,Amphotericin B (lipid complex),DDInter681,Estramustine,Moderate
DDInter87,Amphotericin B (lipid complex),DDInter686,Etacrynic acid,Moderate
DDInter87,Amphotericin B (lipid complex),DDInter698,Etidronic acid,Moderate
DDInter87,Amphotericin B (lipid complex),DDInter704,Everolimus,Major
DDInter87,Amphotericin B (lipid complex),DDInter706,Exenatide,Moderate
DDInter743,Fluconazole,DDInter87,Amphotericin B (lipid complex),Minor
DDInter87,Amphotericin B (lipid complex),DDInter744,Flucytosine,Moderate
DDInter87,Amphotericin B (lipid complex),DDInter747,Fludrocortisone,Moderate
DDInter760,Fluphenazine,DDInter87,Amphotericin B (lipid complex),Moderate
DDInter87,Amphotericin B (lipid complex),DDInter815,Gentamicin,Moderate
DDInter87,Amphotericin B (lipid complex),DDInter821,Givosiran,Moderate
DDInter853,Haloperidol,DDInter87,Amphotericin B (lipid complex),Moderate
DDInter87,Amphotericin B (lipid complex),DDInter889,Hydroflumethiazide,Moderate
DDInter87,Amphotericin B (lipid complex),DDInter897,Ibandronate,Moderate
DDInter87,Amphotericin B (lipid complex),DDInter906,Ifosfamide,Moderate
DDInter873,Human immunoglobulin G (intravenous),DDInter87,Amphotericin B (lipid complex),Major
DDInter872,Human immunoglobulin G (intravenous and subcutaneous),DDInter87,Amphotericin B (lipid complex),Major
DDInter87,Amphotericin B (lipid complex),DDInter916,Indapamide,Moderate
DDInter87,Amphotericin B (lipid complex),DDInter926,Inotersen,Major
DDInter87,Amphotericin B (lipid complex),DDInter957,Iodipamide,Major
DDInter87,Amphotericin B (lipid complex),DDInter958,Iodixanol,Major
DDInter87,Amphotericin B (lipid complex),DDInter960,Iohexol,Major
DDInter87,Amphotericin B (lipid complex),DDInter961,Iopamidol,Major
DDInter87,Amphotericin B (lipid complex),DDInter964,Iopromide,Major
DDInter87,Amphotericin B (lipid complex),DDInter965,Iothalamic acid,Major
DDInter87,Amphotericin B (lipid complex),DDInter966,Ioversol,Major
DDInter87,Amphotericin B (lipid complex),DDInter967,Ioxilan,Major
DDInter87,Amphotericin B (lipid complex),DDInter995,Itraconazole,Minor
DDInter87,Amphotericin B (lipid complex),DDInter1004,Kanamycin,Moderate
DDInter87,Amphotericin B (lipid complex),DDInter1008,Ketoconazole,Minor
DDInter1022,Lansoprazole,DDInter87,Amphotericin B (lipid complex),Moderate
DDInter87,Amphotericin B (lipid complex),DDInter1043,Levacetylmethadol,Major
DDInter87,Amphotericin B (lipid complex),DDInter1065,Licorice,Moderate
DDInter87,Amphotericin B (lipid complex),DDInter1144,Melphalan,Moderate
DDInter1158,Mesalazine,DDInter87,Amphotericin B (lipid complex),Moderate
DDInter87,Amphotericin B (lipid complex),DDInter1167,Methazolamide,Moderate
DDInter1174,Methotrexate,DDInter87,Amphotericin B (lipid complex),Moderate
DDInter87,Amphotericin B (lipid complex),DDInter1179,Methoxyflurane,Moderate
DDInter87,Amphotericin B (lipid complex),DDInter1191,Methylprednisolone,Moderate
DDInter87,Amphotericin B (lipid complex),DDInter1198,Metocurine,Moderate
DDInter1199,Metolazone,DDInter87,Amphotericin B (lipid complex),Moderate
DDInter87,Amphotericin B (lipid complex),DDInter1209,Miconazole,Minor
DDInter87,Amphotericin B (lipid complex),DDInter1235,Mivacurium,Moderate
DDInter87,Amphotericin B (lipid complex),DDInter1277,Neomycin,Moderate
DDInter87,Amphotericin B (lipid complex),DDInter1283,Netilmicin,Moderate
DDInter87,Amphotericin B (lipid complex),DDInter1334,Olsalazine,Moderate
DDInter1340,Omeprazole,DDInter87,Amphotericin B (lipid complex),Moderate
DDInter1355,Oxaliplatin,DDInter87,Amphotericin B (lipid complex),Moderate
DDInter87,Amphotericin B (lipid complex),DDInter1381,Paliperidone,Moderate
DDInter1383,Pamidronic acid,DDInter87,Amphotericin B (lipid complex),Moderate
DDInter87,Amphotericin B (lipid complex),DDInter1385,Pancuronium,Moderate
DDInter1388,Pantoprazole,DDInter87,Amphotericin B (lipid complex),Moderate
DDInter1414,Pemetrexed,DDInter87,Amphotericin B (lipid complex),Moderate
DDInter87,Amphotericin B (lipid complex),DDInter1420,Pentamidine,Moderate
DDInter87,Amphotericin B (lipid complex),DDInter1470,Pimozide,Major
DDInter87,Amphotericin B (lipid complex),DDInter1473,Pipecuronium,Moderate
DDInter87,Amphotericin B (lipid complex),DDInter1482,Plazomicin,Moderate
DDInter87,Amphotericin B (lipid complex),DDInter1490,Polythiazide,Moderate
DDInter87,Amphotericin B (lipid complex),DDInter1513,Prednisolone,Moderate
DDInter1515,Prednisone,DDInter87,Amphotericin B (lipid complex),Moderate
DDInter1532,Promazine,DDInter87,Amphotericin B (lipid complex),Moderate
DDInter87,Amphotericin B (lipid complex),DDInter1561,Radium Ra 223 dichloride,Moderate
DDInter87,Amphotericin B (lipid complex),DDInter1571,Rapacuronium,Moderate
DDInter87,Amphotericin B (lipid complex),DDInter1578,Remdesivir,Moderate
DDInter87,Amphotericin B (lipid complex),DDInter877,Human Rho(D) immune globulin,Major
DDInter87,Amphotericin B (lipid complex),DDInter1605,Risperidone,Moderate
DDInter87,Amphotericin B (lipid complex),DDInter1612,Rocuronium,Moderate
DDInter87,Amphotericin B (lipid complex),DDInter1678,Sirolimus,Major
DDInter87,Amphotericin B (lipid complex),DDInter1692,"Sodium phosphate, monobasic (p32)",Moderate
DDInter87,Amphotericin B (lipid complex),DDInter1713,Streptomycin,Moderate
DDInter87,Amphotericin B (lipid complex),DDInter1715,Strontium chloride Sr-89,Moderate
DDInter1716,Succinylcholine,DDInter87,Amphotericin B (lipid complex),Moderate
DDInter87,Amphotericin B (lipid complex),DDInter1725,Sulfasalazine,Moderate
DDInter87,Amphotericin B (lipid complex),DDInter1735,Tacrolimus,Major
DDInter87,Amphotericin B (lipid complex),DDInter1757,Telbivudine,Moderate
DDInter87,Amphotericin B (lipid complex),DDInter1763,Temsirolimus,Major
DDInter1796,Thioridazine,DDInter87,Amphotericin B (lipid complex),Moderate
DDInter87,Amphotericin B (lipid complex),DDInter1822,Tobramycin,Moderate
DDInter1836,Torasemide,DDInter87,Amphotericin B (lipid complex),Moderate
DDInter1855,Triamcinolone,DDInter87,Amphotericin B (lipid complex),Moderate
DDInter87,Amphotericin B (lipid complex),DDInter1861,Trichlormethiazide,Moderate
DDInter87,Amphotericin B (lipid complex),DDInter1866,Trifluoperazine,Moderate
DDInter87,Amphotericin B (lipid complex),DDInter1890,Tubocurarine,Moderate
DDInter87,Amphotericin B (lipid complex),DDInter1902,Uracil mustard,Moderate
DDInter87,Amphotericin B (lipid complex),DDInter1912,Valganciclovir,Moderate
DDInter1916,Vancomycin,DDInter87,Amphotericin B (lipid complex),Moderate
DDInter87,Amphotericin B (lipid complex),DDInter1922,Vecuronium,Moderate
DDInter1946,Voriconazole,DDInter87,Amphotericin B (lipid complex),Minor
DDInter1967,Ziprasidone,DDInter87,Amphotericin B (lipid complex),Major
DDInter1968,Zoledronic acid,DDInter87,Amphotericin B (lipid complex),Moderate
DDInter89,Ampicillin,DDInter164,Balsalazide,Moderate
DDInter89,Ampicillin,DDInter393,Clarithromycin,Minor
DDInter89,Ampicillin,DDInter519,Dexlansoprazole,Moderate
DDInter89,Ampicillin,DDInter1004,Kanamycin,Moderate
DDInter89,Ampicillin,DDInter1022,Lansoprazole,Moderate
DDInter89,Ampicillin,DDInter1224,Minocycline,Moderate
DDInter89,Ampicillin,DDInter1783,Tetracycline,Moderate
DDInter93,Anagrelide,DDInter112,Aprepitant,Moderate
DDInter93,Anagrelide,DDInter20,Acetylsalicylic acid,Moderate
DDInter93,Anagrelide,DDInter212,Bisacodyl,Moderate
DDInter93,Anagrelide,DDInter307,Castor oil,Moderate
DDInter93,Anagrelide,DDInter380,Cimetidine,Moderate
DDInter93,Anagrelide,DDInter385,Cisapride,Major
DDInter93,Anagrelide,DDInter393,Clarithromycin,Major
DDInter93,Anagrelide,DDInter518,Dexfenfluramine,Moderate
DDInter93,Anagrelide,DDInter581,Dolasetron,Major
DDInter93,Anagrelide,DDInter717,Fenfluramine,Moderate
DDInter93,Anagrelide,DDInter832,Glycerin,Moderate
DDInter93,Anagrelide,DDInter840,Granisetron,Major
DDInter93,Anagrelide,DDInter1016,Lactitol,Moderate
DDInter93,Anagrelide,DDInter1018,Lactulose,Moderate
DDInter93,Anagrelide,DDInter1055,Levofloxacin,Major
DDInter93,Anagrelide,DDInter1088,Loperamide,Moderate
DDInter93,Anagrelide,DDInter1115,Magnesium citrate,Moderate
DDInter93,Anagrelide,DDInter1118,Magnesium hydroxide,Moderate
DDInter93,Anagrelide,DDInter1202,Metronidazole,Minor
DDInter93,Anagrelide,DDInter1223,Mineral oil,Moderate
DDInter93,Anagrelide,DDInter1319,Obeticholic acid,Moderate
DDInter93,Anagrelide,DDInter1340,Omeprazole,Moderate
DDInter93,Anagrelide,DDInter1342,Ondansetron,Major
DDInter93,Anagrelide,DDInter1382,Palonosetron,Major
DDInter93,Anagrelide,DDInter1389,Papaverine,Major
DDInter93,Anagrelide,DDInter1443,Phenolphthalein,Moderate
DDInter93,Anagrelide,DDInter1488,Polyethylene glycol (3350),Moderate
DDInter93,Anagrelide,DDInter1487,Polyethylene glycol (3350 with electrolytes),Moderate
DDInter93,Anagrelide,DDInter1665,Sibutramine,Moderate
DDInter93,Anagrelide,DDInter1717,Sucralfate,Minor
DDInter94,Anakinra,DDInter195,Betamethasone,Moderate
DDInter94,Anakinra,DDInter246,Budesonide,Moderate
DDInter94,Anakinra,DDInter513,Dexamethasone,Moderate
DDInter94,Anakinra,DDInter1513,Prednisolone,Moderate
DDInter94,Anakinra,DDInter1515,Prednisone,Moderate
DDInter94,Anakinra,DDInter1675,Simvastatin,Moderate
DDInter94,Anakinra,DDInter1855,Triamcinolone,Moderate
DDInter94,Anakinra,DDInter1857,Triamcinolone (ophthalmic),Moderate
DDInter94,Anakinra,DDInter1963,Zinc acetate,Minor
DDInter94,Anakinra,DDInter1965,Zinc gluconate,Minor
DDInter94,Anakinra,DDInter1966,Zinc sulfate,Minor
DDInter896,Hyoscyamine,DDInter61,Ambenonium,Moderate
DDInter896,Hyoscyamine,DDInter82,Amoxapine,Moderate
DDInter896,Hyoscyamine,DDInter114,Arbutamine,Moderate
DDInter896,Hyoscyamine,DDInter118,Aripiprazole,Moderate
DDInter896,Hyoscyamine,DDInter125,Asenapine,Moderate
DDInter130,Atenolol,DDInter896,Hyoscyamine,Moderate
DDInter896,Hyoscyamine,DDInter136,Atropine,Moderate
DDInter896,Hyoscyamine,DDInter149,Azatadine,Moderate
DDInter896,Hyoscyamine,DDInter175,Belladonna,Moderate
DDInter896,Hyoscyamine,DDInter179,Bendroflumethiazide,Minor
DDInter896,Hyoscyamine,DDInter188,Benzthiazide,Minor
DDInter181,Benzatropine,DDInter896,Hyoscyamine,Moderate
DDInter197,Betaxolol,DDInter896,Hyoscyamine,Moderate
DDInter896,Hyoscyamine,DDInter199,Bethanechol,Moderate
DDInter896,Hyoscyamine,DDInter211,Biperiden,Moderate
DDInter896,Hyoscyamine,DDInter216,Bisoprolol,Moderate
DDInter896,Hyoscyamine,DDInter230,Brexanolone,Moderate
DDInter896,Hyoscyamine,DDInter231,Brexpiprazole,Moderate
DDInter896,Hyoscyamine,DDInter245,Brompheniramine,Moderate
DDInter896,Hyoscyamine,DDInter251,Buprenorphine,Moderate
DDInter896,Hyoscyamine,DDInter258,Butorphanol,Moderate
DDInter294,Carbamoylcholine (ophthalmic),DDInter896,Hyoscyamine,Moderate
DDInter896,Hyoscyamine,DDInter297,Carbinoxamine,Moderate
DDInter896,Hyoscyamine,DDInter300,Cariprazine,Moderate
DDInter896,Hyoscyamine,DDInter303,Carteolol,Moderate
DDInter896,Hyoscyamine,DDInter305,Carvedilol,Moderate
DDInter346,Cevimeline,DDInter896,Hyoscyamine,Moderate
DDInter896,Hyoscyamine,DDInter354,Chlorcyclizine,Moderate
DDInter896,Hyoscyamine,DDInter360,Chlorothiazide,Minor
DDInter896,Hyoscyamine,DDInter363,Chlorpromazine,Moderate
DDInter365,Chlorthalidone,DDInter896,Hyoscyamine,Minor
DDInter896,Hyoscyamine,DDInter385,Cisapride,Moderate
DDInter395,Clemastine,DDInter896,Hyoscyamine,Moderate
DDInter896,Hyoscyamine,DDInter397,Clidinium,Moderate
DDInter896,Hyoscyamine,DDInter410,Clomipramine,Moderate
DDInter419,Clozapine,DDInter896,Hyoscyamine,Moderate
DDInter896,Hyoscyamine,DDInter453,Cyclizine,Moderate
DDInter896,Hyoscyamine,DDInter454,Cyclobenzaprine,Moderate
DDInter896,Hyoscyamine,DDInter459,Cyproheptadine,Moderate
DDInter896,Hyoscyamine,DDInter480,Darifenacin,Moderate
DDInter896,Hyoscyamine,DDInter497,Demecarium (ophthalmic),Moderate
DDInter896,Hyoscyamine,DDInter504,Desipramine,Moderate
DDInter517,Dexbrompheniramine,DDInter896,Hyoscyamine,Moderate
DDInter896,Hyoscyamine,DDInter531,Dezocine,Moderate
DDInter896,Hyoscyamine,DDInter543,Dicyclomine,Moderate
DDInter554,Digoxin,DDInter896,Hyoscyamine,Minor
DDInter896,Hyoscyamine,DDInter562,Dimenhydrinate,Moderate
DDInter896,Hyoscyamine,DDInter569,Diphenhydramine,Moderate
DDInter575,Disopyramide,DDInter896,Hyoscyamine,Moderate
DDInter896,Hyoscyamine,DDInter583,Donepezil,Moderate
DDInter896,Hyoscyamine,DDInter593,Doxepin,Moderate
DDInter896,Hyoscyamine,DDInter594,Doxepin (topical),Moderate
DDInter600,Doxylamine,DDInter896,Hyoscyamine,Moderate
DDInter896,Hyoscyamine,DDInter615,Echothiophate (ophthalmic),Moderate
DDInter896,Hyoscyamine,DDInter622,Edrophonium,Moderate
DDInter896,Hyoscyamine,DDInter632,Eluxadoline,Moderate
DDInter896,Hyoscyamine,DDInter731,Fesoterodine,Moderate
DDInter896,Hyoscyamine,DDInter738,Flavoxate,Moderate
DDInter896,Hyoscyamine,DDInter741,Flibanserin,Moderate
DDInter896,Hyoscyamine,DDInter760,Fluphenazine,Moderate
DDInter896,Hyoscyamine,DDInter802,Galantamine,Moderate
DDInter896,Hyoscyamine,DDInter834,Glycopyrronium,Moderate
DDInter896,Hyoscyamine,DDInter835,Glycopyrronium (topical),Moderate
DDInter896,Hyoscyamine,DDInter848,Guanidine,Moderate
DDInter896,Hyoscyamine,DDInter853,Haloperidol,Moderate
DDInter896,Hyoscyamine,DDInter884,Hydrocodone,Moderate
DDInter896,Hyoscyamine,DDInter889,Hydroflumethiazide,Minor
DDInter890,Hydromorphone,DDInter896,Hyoscyamine,Moderate
DDInter896,Hyoscyamine,DDInter895,Hydroxyzine,Moderate
DDInter896,Hyoscyamine,DDInter907,Iloperidone,Moderate
DDInter896,Hyoscyamine,DDInter912,Imipramine,Moderate
DDInter896,Hyoscyamine,DDInter916,Indapamide,Minor
DDInter970,Ipratropium,DDInter896,Hyoscyamine,Moderate
DDInter971,Ipratropium (nasal),DDInter896,Hyoscyamine,Minor
DDInter896,Hyoscyamine,DDInter981,Isocarboxazid,Minor
DDInter896,Hyoscyamine,DDInter984,Isoflurophate (ophthalmic),Moderate
DDInter896,Hyoscyamine,DDInter1008,Ketoconazole,Moderate
DDInter896,Hyoscyamine,DDInter1013,Labetalol,Moderate
DDInter896,Hyoscyamine,DDInter1027,Lasmiditan,Moderate
DDInter896,Hyoscyamine,DDInter1054,Levodopa,Moderate
DDInter896,Hyoscyamine,DDInter1043,Levacetylmethadol,Moderate
DDInter896,Hyoscyamine,DDInter1062,Levorphanol,Moderate
DDInter896,Hyoscyamine,DDInter1088,Loperamide,Moderate
DDInter1099,Loxapine,DDInter896,Hyoscyamine,Moderate
DDInter896,Hyoscyamine,DDInter1102,Lumateperone,Moderate
DDInter896,Hyoscyamine,DDInter1104,Lurasidone,Moderate
DDInter896,Hyoscyamine,DDInter1124,Maprotiline,Moderate
DDInter896,Hyoscyamine,DDInter1134,Meclizine,Moderate
DDInter896,Hyoscyamine,DDInter1146,Memantine,Moderate
DDInter896,Hyoscyamine,DDInter1149,Mepenzolate,Moderate
DDInter896,Hyoscyamine,DDInter1150,Meperidine,Moderate
DDInter896,Hyoscyamine,DDInter1159,Mesoridazine,Moderate
DDInter1166,Methadone,DDInter896,Hyoscyamine,Moderate
DDInter896,Hyoscyamine,DDInter1168,Methdilazine,Moderate
DDInter896,Hyoscyamine,DDInter1175,Methotrimeprazine,Moderate
DDInter896,Hyoscyamine,DDInter1180,Methscopolamine,Moderate
DDInter896,Hyoscyamine,DDInter1197,Metoclopramide,Moderate
DDInter896,Hyoscyamine,DDInter1199,Metolazone,Minor
DDInter1200,Metoprolol,DDInter896,Hyoscyamine,Moderate
DDInter896,Hyoscyamine,DDInter1239,Molindone,Moderate
DDInter1244,Morphine,DDInter896,Hyoscyamine,Moderate
DDInter1245,Morphine (liposomal),DDInter896,Hyoscyamine,Moderate
DDInter896,Hyoscyamine,DDInter1255,Nadolol,Moderate
DDInter896,Hyoscyamine,DDInter1257,Nalbuphine,Moderate
DDInter896,Hyoscyamine,DDInter1271,Nebivolol,Moderate
DDInter896,Hyoscyamine,DDInter1279,Neostigmine,Moderate
DDInter896,Hyoscyamine,DDInter1303,Nitrofurantoin,Minor
DDInter896,Hyoscyamine,DDInter1304,Nitroglycerin,Minor
DDInter896,Hyoscyamine,DDInter1316,Nortriptyline,Moderate
DDInter1326,Olanzapine,DDInter896,Hyoscyamine,Moderate
DDInter896,Hyoscyamine,DDInter1329,Oliceridine,Moderate
DDInter896,Hyoscyamine,DDInter1333,Olopatadine (nasal),Moderate
DDInter896,Hyoscyamine,DDInter1344,Opium,Moderate
DDInter896,Hyoscyamine,DDInter1349,Orphenadrine,Moderate
DDInter896,Hyoscyamine,DDInter1365,Oxybutynin,Moderate
DDInter896,Hyoscyamine,DDInter1366,Oxycodone,Moderate
DDInter896,Hyoscyamine,DDInter1372,Oxymorphone,Moderate
DDInter896,Hyoscyamine,DDInter1381,Paliperidone,Moderate
DDInter896,Hyoscyamine,DDInter1417,Penbutolol,Moderate
DDInter896,Hyoscyamine,DDInter1421,Pentazocine,Moderate
DDInter896,Hyoscyamine,DDInter1432,Perphenazine,Moderate
DDInter896,Hyoscyamine,DDInter1440,Phenelzine,Minor
DDInter896,Hyoscyamine,DDInter1441,Phenindamine,Moderate
DDInter1455,Phenylephrine (ophthalmic),DDInter896,Hyoscyamine,Moderate
DDInter896,Hyoscyamine,DDInter1462,Physostigmine,Moderate
DDInter896,Hyoscyamine,DDInter1463,Physostigmine (ophthalmic),Moderate
DDInter896,Hyoscyamine,DDInter1465,Pilocarpine,Moderate
DDInter896,Hyoscyamine,DDInter1466,Pilocarpine (ophthalmic),Moderate
DDInter896,Hyoscyamine,DDInter1470,Pimozide,Moderate
DDInter896,Hyoscyamine,DDInter1471,Pindolol,Moderate
DDInter896,Hyoscyamine,DDInter1490,Polythiazide,Minor
DDInter896,Hyoscyamine,DDInter1497,Potassium chloride,Major
DDInter896,Hyoscyamine,DDInter1498,Potassium citrate,Major
DDInter896,Hyoscyamine,DDInter1506,Pramlintide,Moderate
DDInter896,Hyoscyamine,DDInter1527,Prochlorperazine,Moderate
DDInter1528,Procyclidine,DDInter896,Hyoscyamine,Moderate
DDInter1532,Promazine,DDInter896,Hyoscyamine,Moderate
DDInter896,Hyoscyamine,DDInter1533,Promethazine,Moderate
DDInter896,Hyoscyamine,DDInter1535,Propantheline,Moderate
DDInter896,Hyoscyamine,DDInter1537,Propiomazine,Moderate
DDInter896,Hyoscyamine,DDInter528,Dextropropoxyphene,Moderate
DDInter896,Hyoscyamine,DDInter1539,Propranolol,Moderate
DDInter1543,Protriptyline,DDInter896,Hyoscyamine,Moderate
DDInter896,Hyoscyamine,DDInter1544,Prucalopride,Moderate
DDInter896,Hyoscyamine,DDInter1548,Pyridostigmine,Moderate
DDInter896,Hyoscyamine,DDInter1155,Mepyramine,Moderate
DDInter896,Hyoscyamine,DDInter1553,Quetiapine,Moderate
DDInter896,Hyoscyamine,DDInter1579,Remifentanil,Moderate
DDInter896,Hyoscyamine,DDInter1586,Revefenacin,Moderate
DDInter226,Botulinum Toxin Type B,DDInter896,Hyoscyamine,Moderate
DDInter896,Hyoscyamine,DDInter1605,Risperidone,Moderate
DDInter896,Hyoscyamine,DDInter1610,Rivastigmine,Moderate
DDInter896,Hyoscyamine,DDInter1647,Scopolamine,Moderate
DDInter896,Hyoscyamine,DDInter1651,Secretin human,Minor
DDInter896,Hyoscyamine,DDInter1696,Solifenacin,Moderate
DDInter896,Hyoscyamine,DDInter1704,Sotalol,Moderate
DDInter896,Hyoscyamine,DDInter1718,Sufentanil,Moderate
DDInter1734,Tacrine,DDInter896,Hyoscyamine,Moderate
DDInter896,Hyoscyamine,DDInter1746,Tapentadol,Moderate
DDInter1793,Thiethylperazine,DDInter896,Hyoscyamine,Moderate
DDInter896,Hyoscyamine,DDInter1796,Thioridazine,Moderate
DDInter896,Hyoscyamine,DDInter1798,Thiothixene,Moderate
DDInter1809,Timolol,DDInter896,Hyoscyamine,Moderate
DDInter896,Hyoscyamine,DDInter1815,Tiotropium,Moderate
DDInter896,Hyoscyamine,DDInter1821,Tizanidine,Moderate
DDInter896,Hyoscyamine,DDInter1832,Tolterodine,Moderate
DDInter1834,Topiramate,DDInter896,Hyoscyamine,Major
DDInter896,Hyoscyamine,DDInter1845,Tranylcypromine,Minor
DDInter896,Hyoscyamine,DDInter1861,Trichlormethiazide,Minor
DDInter896,Hyoscyamine,DDInter1866,Trifluoperazine,Moderate
DDInter896,Hyoscyamine,DDInter1867,Triflupromazine,Moderate
DDInter1870,Trihexyphenidyl,DDInter896,Hyoscyamine,Moderate
DDInter896,Hyoscyamine,DDInter45,Alimemazine,Moderate
DDInter896,Hyoscyamine,DDInter1876,Trimipramine,Moderate
DDInter896,Hyoscyamine,DDInter1878,Tripelennamine,Moderate
DDInter896,Hyoscyamine,DDInter1879,Triprolidine,Moderate
DDInter1886,Trospium,DDInter896,Hyoscyamine,Moderate
DDInter896,Hyoscyamine,DDInter1899,Umeclidinium,Moderate
DDInter1967,Ziprasidone,DDInter896,Hyoscyamine,Moderate
DDInter896,Hyoscyamine,DDInter1971,Zonisamide,Major
DDInter16,Acetohexamide,DDInter1775,Testosterone,Moderate
DDInter1775,Testosterone,DDInter112,Aprepitant,Moderate
DDInter195,Betamethasone,DDInter1775,Testosterone,Moderate
DDInter1775,Testosterone,DDInter246,Budesonide,Moderate
DDInter269,Calcitriol (topical),DDInter1775,Testosterone,Moderate
DDInter1775,Testosterone,DDInter364,Chlorpropamide,Moderate
DDInter1775,Testosterone,DDInter513,Dexamethasone,Moderate
DDInter825,Glimepiride,DDInter1775,Testosterone,Moderate
DDInter1775,Testosterone,DDInter826,Glipizide,Moderate
DDInter1775,Testosterone,DDInter831,Glyburide,Moderate
DDInter934,Insulin human,DDInter1775,Testosterone,Moderate
DDInter1775,Testosterone,DDInter929,Insulin aspart (aspart),Moderate
DDInter1775,Testosterone,DDInter928,Insulin aspart (aspart protamine),Moderate
DDInter1775,Testosterone,DDInter930,Insulin degludec,Moderate
DDInter1775,Testosterone,DDInter931,Insulin detemir,Moderate
DDInter932,Insulin glargine,DDInter1775,Testosterone,Moderate
DDInter1775,Testosterone,DDInter933,Insulin glulisine,Moderate
DDInter935,"Insulin human (inhalation, rapid acting)",DDInter1775,Testosterone,Moderate
DDInter936,Insulin human (isophane),DDInter1775,Testosterone,Moderate
DDInter940,Insulin lispro,DDInter1775,Testosterone,Moderate
DDInter941,Insulin lispro (protamine),DDInter1775,Testosterone,Moderate
DDInter937,Insulin human (regular),DDInter1775,Testosterone,Moderate
DDInter939,Insulin human (zinc),DDInter1775,Testosterone,Moderate
DDInter938,Insulin human (zinc extended),DDInter1775,Testosterone,Moderate
DDInter1775,Testosterone,DDInter1263,Naltrexone,Moderate
DDInter1775,Testosterone,DDInter1269,Nateglinide,Moderate
DDInter1775,Testosterone,DDInter1513,Prednisolone,Moderate
DDInter1775,Testosterone,DDInter1515,Prednisone,Moderate
DDInter1775,Testosterone,DDInter1581,Repaglinide,Moderate
DDInter1775,Testosterone,DDInter1826,Tolazamide,Moderate
DDInter1775,Testosterone,DDInter1828,Tolbutamide,Moderate
DDInter1855,Triamcinolone,DDInter1775,Testosterone,Moderate
DDInter1857,Triamcinolone (ophthalmic),DDInter1775,Testosterone,Moderate
DDInter1881,Troglitazone,DDInter1775,Testosterone,Moderate
DDInter1538,Propofol,DDInter212,Bisacodyl,Moderate
DDInter1538,Propofol,DDInter307,Castor oil,Moderate
DDInter385,Cisapride,DDInter1538,Propofol,Moderate
DDInter1538,Propofol,DDInter393,Clarithromycin,Moderate
DDInter581,Dolasetron,DDInter1538,Propofol,Moderate
DDInter1538,Propofol,DDInter832,Glycerin,Moderate
DDInter1538,Propofol,DDInter840,Granisetron,Moderate
DDInter1538,Propofol,DDInter1016,Lactitol,Moderate
DDInter1018,Lactulose,DDInter1538,Propofol,Moderate
DDInter1538,Propofol,DDInter1055,Levofloxacin,Moderate
DDInter1538,Propofol,DDInter1088,Loperamide,Moderate
DDInter1538,Propofol,DDInter1115,Magnesium citrate,Moderate
DDInter1538,Propofol,DDInter1118,Magnesium hydroxide,Moderate
DDInter1538,Propofol,DDInter1202,Metronidazole,Minor
DDInter1538,Propofol,DDInter1223,Mineral oil,Moderate
DDInter1244,Morphine,DDInter1538,Propofol,Moderate
DDInter1245,Morphine (liposomal),DDInter1538,Propofol,Moderate
DDInter1538,Propofol,DDInter1342,Ondansetron,Moderate
DDInter1538,Propofol,DDInter1344,Opium,Moderate
DDInter1382,Palonosetron,DDInter1538,Propofol,Moderate
DDInter1538,Propofol,DDInter1389,Papaverine,Major
DDInter1538,Propofol,DDInter1443,Phenolphthalein,Moderate
DDInter1538,Propofol,DDInter1488,Polyethylene glycol (3350),Moderate
DDInter1538,Propofol,DDInter1487,Polyethylene glycol (3350 with electrolytes),Moderate
DDInter20,Acetylsalicylic acid,DDInter1339,Omega-3 fatty acids,Moderate
DDInter195,Betamethasone,DDInter100,Anthrax vaccine,Moderate
DDInter246,Budesonide,DDInter100,Anthrax vaccine,Moderate
DDInter513,Dexamethasone,DDInter100,Anthrax vaccine,Moderate
DDInter1513,Prednisolone,DDInter100,Anthrax vaccine,Moderate
DDInter1515,Prednisone,DDInter100,Anthrax vaccine,Moderate
DDInter1855,Triamcinolone,DDInter100,Anthrax vaccine,Moderate
DDInter1857,Triamcinolone (ophthalmic),DDInter100,Anthrax vaccine,Moderate
DDInter16,Acetohexamide,DDInter1686,Sodium citrate,Minor
DDInter58,Aluminum hydroxide,DDInter1686,Sodium citrate,Major
DDInter20,Acetylsalicylic acid,DDInter1686,Sodium citrate,Moderate
DDInter975,Iron,DDInter1686,Sodium citrate,Moderate
DDInter364,Chlorpropamide,DDInter1686,Sodium citrate,Minor
DDInter650,Ephedrine,DDInter1686,Sodium citrate,Moderate
DDInter651,Ephedrine (nasal),DDInter1686,Sodium citrate,Moderate
DDInter826,Glipizide,DDInter1686,Sodium citrate,Minor
DDInter831,Glyburide,DDInter1686,Sodium citrate,Minor
DDInter1018,Lactulose,DDInter1686,Sodium citrate,Minor
DDInter1055,Levofloxacin,DDInter1686,Sodium citrate,Moderate
DDInter1224,Minocycline,DDInter1686,Sodium citrate,Moderate
DDInter1231,Misoprostol,DDInter1686,Sodium citrate,Minor
DDInter1622,Rosuvastatin,DDInter1686,Sodium citrate,Moderate
DDInter1783,Tetracycline,DDInter1686,Sodium citrate,Moderate
DDInter1826,Tolazamide,DDInter1686,Sodium citrate,Minor
DDInter1828,Tolbutamide,DDInter1686,Sodium citrate,Minor
DDInter4,Abarelix,DDInter1088,Loperamide,Moderate
DDInter82,Amoxapine,DDInter1088,Loperamide,Moderate
DDInter90,Amprenavir,DDInter1088,Loperamide,Major
DDInter1088,Loperamide,DDInter107,Apalutamide,Moderate
DDInter109,Apomorphine,DDInter1088,Loperamide,Moderate
DDInter1088,Loperamide,DDInter110,Apraclonidine,Moderate
DDInter1088,Loperamide,DDInter118,Aripiprazole,Moderate
DDInter1088,Loperamide,DDInter120,Arsenic trioxide,Moderate
DDInter1088,Loperamide,DDInter125,Asenapine,Moderate
DDInter128,Astemizole,DDInter1088,Loperamide,Moderate
DDInter1088,Loperamide,DDInter129,Atazanavir,Major
DDInter132,Atomoxetine,DDInter1088,Loperamide,Moderate
DDInter136,Atropine,DDInter1088,Loperamide,Moderate
DDInter149,Azatadine,DDInter1088,Loperamide,Moderate
DDInter157,Azithromycin,DDInter1088,Loperamide,Moderate
DDInter1088,Loperamide,DDInter170,Bedaquiline,Moderate
DDInter1088,Loperamide,DDInter175,Belladonna,Moderate
DDInter181,Benzatropine,DDInter1088,Loperamide,Moderate
DDInter1088,Loperamide,DDInter192,Bepridil,Major
DDInter1088,Loperamide,DDInter204,Bicalutamide,Moderate
DDInter211,Biperiden,DDInter1088,Loperamide,Moderate
DDInter1088,Loperamide,DDInter221,Boceprevir,Major
DDInter1088,Loperamide,DDInter224,Bosutinib,Moderate
DDInter1088,Loperamide,DDInter230,Brexanolone,Moderate
DDInter1088,Loperamide,DDInter231,Brexpiprazole,Moderate
DDInter1088,Loperamide,DDInter233,Brigatinib,Moderate
DDInter235,Brimonidine (ophthalmic),DDInter1088,Loperamide,Moderate
DDInter236,Brimonidine (topical),DDInter1088,Loperamide,Moderate
DDInter245,Brompheniramine,DDInter1088,Loperamide,Moderate
DDInter1088,Loperamide,DDInter251,Buprenorphine,Moderate
DDInter258,Butorphanol,DDInter1088,Loperamide,Moderate
DDInter1088,Loperamide,DDInter262,Cabozantinib,Moderate
DDInter1088,Loperamide,DDInter287,Capmatinib,Moderate
DDInter297,Carbinoxamine,DDInter1088,Loperamide,Moderate
DDInter1088,Loperamide,DDInter340,Ceritinib,Moderate
DDInter1088,Loperamide,DDInter354,Chlorcyclizine,Moderate
DDInter359,Chloroquine,DDInter1088,Loperamide,Moderate
DDInter363,Chlorpromazine,DDInter1088,Loperamide,Moderate
DDInter1088,Loperamide,DDInter368,Cholestyramine,Minor
DDInter380,Cimetidine,DDInter1088,Loperamide,Major
DDInter384,Ciprofloxacin,DDInter1088,Loperamide,Moderate
DDInter385,Cisapride,DDInter1088,Loperamide,Moderate
DDInter388,Citalopram,DDInter1088,Loperamide,Moderate
DDInter1088,Loperamide,DDInter393,Clarithromycin,Major
DDInter395,Clemastine,DDInter1088,Loperamide,Moderate
DDInter397,Clidinium,DDInter1088,Loperamide,Moderate
DDInter1088,Loperamide,DDInter406,Clofazimine,Moderate
DDInter1088,Loperamide,DDInter410,Clomipramine,Moderate
DDInter413,Clopidogrel,DDInter1088,Loperamide,Major
DDInter419,Clozapine,DDInter1088,Loperamide,Moderate
DDInter1088,Loperamide,DDInter424,Cobicistat,Major
DDInter1088,Loperamide,DDInter438,Conivaptan,Major
DDInter1088,Loperamide,DDInter448,Crizotinib,Moderate
DDInter1088,Loperamide,DDInter453,Cyclizine,Moderate
DDInter1088,Loperamide,DDInter454,Cyclobenzaprine,Moderate
DDInter458,Cyclosporine,DDInter1088,Loperamide,Major
DDInter459,Cyproheptadine,DDInter1088,Loperamide,Moderate
DDInter1088,Loperamide,DDInter464,Daclatasvir,Moderate
DDInter480,Darifenacin,DDInter1088,Loperamide,Moderate
DDInter1088,Loperamide,DDInter484,Dasatinib,Moderate
DDInter485,Daunorubicin,DDInter1088,Loperamide,Moderate
DDInter486,Daunorubicin (liposomal),DDInter1088,Loperamide,Moderate
DDInter1088,Loperamide,DDInter493,Degarelix,Moderate
DDInter496,Delavirdine,DDInter1088,Loperamide,Major
DDInter1088,Loperamide,DDInter504,Desipramine,Moderate
DDInter507,Desmopressin,DDInter1088,Loperamide,Moderate
DDInter1088,Loperamide,DDInter512,Deutetrabenazine,Moderate
DDInter517,Dexbrompheniramine,DDInter1088,Loperamide,Moderate
DDInter543,Dicyclomine,DDInter1088,Loperamide,Moderate
DDInter561,Diltiazem,DDInter1088,Loperamide,Major
DDInter1088,Loperamide,DDInter562,Dimenhydrinate,Moderate
DDInter1088,Loperamide,DDInter569,Diphenhydramine,Moderate
DDInter575,Disopyramide,DDInter1088,Loperamide,Moderate
DDInter580,Dofetilide,DDInter1088,Loperamide,Moderate
DDInter581,Dolasetron,DDInter1088,Loperamide,Moderate
DDInter1088,Loperamide,DDInter583,Donepezil,Moderate
DDInter1088,Loperamide,DDInter593,Doxepin,Moderate
DDInter1088,Loperamide,DDInter594,Doxepin (topical),Moderate
DDInter1088,Loperamide,DDInter596,Doxorubicin,Moderate
DDInter1088,Loperamide,DDInter597,Doxorubicin (liposomal),Moderate
DDInter600,Doxylamine,DDInter1088,Loperamide,Moderate
DDInter1088,Loperamide,DDInter602,Dronedarone,Major
DDInter603,Droperidol,DDInter1088,Loperamide,Moderate
DDInter624,Efavirenz,DDInter1088,Loperamide,Moderate
DDInter1088,Loperamide,DDInter625,Elagolix,Moderate
DDInter1088,Loperamide,DDInter629,Eliglustat,Moderate
DDInter1088,Loperamide,DDInter632,Eluxadoline,Moderate
DDInter1088,Loperamide,DDInter640,Encorafenib,Moderate
DDInter1088,Loperamide,DDInter648,Entrectinib,Moderate
DDInter1088,Loperamide,DDInter649,Enzalutamide,Moderate
DDInter655,Epirubicin,DDInter1088,Loperamide,Moderate
DDInter1088,Loperamide,DDInter661,Erdafitinib,Moderate
DDInter1088,Loperamide,DDInter666,Eribulin,Moderate
DDInter670,Erythromycin,DDInter1088,Loperamide,Major
DDInter1088,Loperamide,DDInter672,Escitalopram,Moderate
DDInter1088,Loperamide,DDInter673,Esketamine,Moderate
DDInter1088,Loperamide,DDInter708,Ezogabine,Moderate
DDInter1088,Loperamide,DDInter737,Fingolimod,Moderate
DDInter1088,Loperamide,DDInter738,Flavoxate,Moderate
DDInter1088,Loperamide,DDInter740,Flecainide,Moderate
DDInter1088,Loperamide,DDInter741,Flibanserin,Major
DDInter743,Fluconazole,DDInter1088,Loperamide,Moderate
DDInter758,Fluoxetine,DDInter1088,Loperamide,Moderate
DDInter760,Fluphenazine,DDInter1088,Loperamide,Moderate
DDInter765,Flutamide,DDInter1088,Loperamide,Moderate
DDInter1088,Loperamide,DDInter809,Gatifloxacin,Moderate
DDInter1088,Loperamide,DDInter822,Glasdegib,Moderate
DDInter1088,Loperamide,DDInter834,Glycopyrronium,Moderate
DDInter839,Goserelin,DDInter1088,Loperamide,Moderate
DDInter1088,Loperamide,DDInter840,Granisetron,Moderate
DDInter842,Grepafloxacin,DDInter1088,Loperamide,Moderate
DDInter1088,Loperamide,DDInter852,Halofantrine,Moderate
DDInter853,Haloperidol,DDInter1088,Loperamide,Moderate
DDInter1088,Loperamide,DDInter854,Halothane,Moderate
DDInter1088,Loperamide,DDInter864,Histrelin,Moderate
DDInter1088,Loperamide,DDInter884,Hydrocodone,Moderate
DDInter890,Hydromorphone,DDInter1088,Loperamide,Moderate
DDInter1088,Loperamide,DDInter893,Hydroxychloroquine,Moderate
DDInter895,Hydroxyzine,DDInter1088,Loperamide,Moderate
DDInter1088,Loperamide,DDInter899,Ibrutinib,Moderate
DDInter901,Ibutilide,DDInter1088,Loperamide,Moderate
DDInter1088,Loperamide,DDInter904,Idarubicin,Moderate
DDInter1088,Loperamide,DDInter905,Idelalisib,Major
DDInter1088,Loperamide,DDInter907,Iloperidone,Moderate
DDInter912,Imipramine,DDInter1088,Loperamide,Moderate
DDInter917,Indinavir,DDInter1088,Loperamide,Major
DDInter1088,Loperamide,DDInter927,Inotuzumab ozogamicin,Moderate
DDInter1088,Loperamide,DDInter980,Isavuconazonium,Moderate
DDInter1088,Loperamide,DDInter994,Istradefylline,Moderate
DDInter1088,Loperamide,DDInter995,Itraconazole,Major
DDInter1088,Loperamide,DDInter997,Ivacaftor,Moderate
DDInter1088,Loperamide,DDInter1000,Ivosidenib,Moderate
DDInter1088,Loperamide,DDInter1008,Ketoconazole,Major
DDInter1088,Loperamide,DDInter1024,Lapatinib,Major
DDInter1088,Loperamide,DDInter1027,Lasmiditan,Moderate
DDInter1088,Loperamide,DDInter1032,Lefamulin,Moderate
DDInter1088,Loperamide,DDInter1036,Lenvatinib,Moderate
DDInter1042,Leuprolide,DDInter1088,Loperamide,Moderate
DDInter1088,Loperamide,DDInter1053,Levocetirizine,Moderate
DDInter1088,Loperamide,DDInter1055,Levofloxacin,Moderate
DDInter1088,Loperamide,DDInter1043,Levacetylmethadol,Moderate
DDInter1088,Loperamide,DDInter1062,Levorphanol,Moderate
DDInter1088,Loperamide,DDInter1078,Lisdexamfetamine,Moderate
DDInter1088,Loperamide,DDInter1081,Lithium carbonate,Moderate
DDInter1088,Loperamide,DDInter1083,Lofexidine,Moderate
DDInter1088,Loperamide,DDInter1084,Lomefloxacin,Moderate
DDInter1088,Loperamide,DDInter1085,Lomitapide,Moderate
DDInter1088,Loperamide,DDInter1087,Lonafarnib,Major
DDInter1099,Loxapine,DDInter1088,Loperamide,Moderate
DDInter1088,Loperamide,DDInter1110,Macimorelin,Moderate
DDInter1088,Loperamide,DDInter1124,Maprotiline,Moderate
DDInter1134,Meclizine,DDInter1088,Loperamide,Moderate
DDInter1140,Mefloquine,DDInter1088,Loperamide,Moderate
DDInter1088,Loperamide,DDInter1149,Mepenzolate,Moderate
DDInter1150,Meperidine,DDInter1088,Loperamide,Moderate
DDInter1088,Loperamide,DDInter1159,Mesoridazine,Moderate
DDInter1166,Methadone,DDInter1088,Loperamide,Moderate
DDInter1088,Loperamide,DDInter1168,Methdilazine,Moderate
DDInter1088,Loperamide,DDInter1175,Methotrimeprazine,Moderate
DDInter1088,Loperamide,DDInter1180,Methscopolamine,Moderate
DDInter1088,Loperamide,DDInter1202,Metronidazole,Moderate
DDInter1088,Loperamide,DDInter1214,Midostaurin,Moderate
DDInter1215,Mifepristone,DDInter1088,Loperamide,Moderate
DDInter1230,Mirtazapine,DDInter1088,Loperamide,Moderate
DDInter1088,Loperamide,DDInter1239,Molindone,Moderate
DDInter1244,Morphine,DDInter1088,Loperamide,Moderate
DDInter1245,Morphine (liposomal),DDInter1088,Loperamide,Moderate
DDInter1247,Moxifloxacin,DDInter1088,Loperamide,Moderate
DDInter1088,Loperamide,DDInter1257,Nalbuphine,Moderate
DDInter1088,Loperamide,DDInter1274,Nefazodone,Major
DDInter1276,Nelfinavir,DDInter1088,Loperamide,Major
DDInter1088,Loperamide,DDInter1281,Neratinib,Moderate
DDInter1088,Loperamide,DDInter1293,Nilotinib,Moderate
DDInter1294,Nilutamide,DDInter1088,Loperamide,Moderate
DDInter1088,Loperamide,DDInter1313,Norfloxacin,Moderate
DDInter1316,Nortriptyline,DDInter1088,Loperamide,Moderate
DDInter1088,Loperamide,DDInter1325,Ofloxacin,Moderate
DDInter1326,Olanzapine,DDInter1088,Loperamide,Moderate
DDInter1088,Loperamide,DDInter1329,Oliceridine,Moderate
DDInter1088,Loperamide,DDInter1331,Olodaterol,Moderate
DDInter1333,Olopatadine (nasal),DDInter1088,Loperamide,Moderate
DDInter1088,Loperamide,DDInter1342,Ondansetron,Moderate
DDInter1088,Loperamide,DDInter1344,Opium,Moderate
DDInter1088,Loperamide,DDInter1349,Orphenadrine,Moderate
DDInter1088,Loperamide,DDInter1351,Osilodrostat,Moderate
DDInter1088,Loperamide,DDInter1352,Osimertinib,Moderate
DDInter1355,Oxaliplatin,DDInter1088,Loperamide,Moderate
DDInter1088,Loperamide,DDInter1365,Oxybutynin,Moderate
DDInter1366,Oxycodone,DDInter1088,Loperamide,Moderate
DDInter1088,Loperamide,DDInter1372,Oxymorphone,Moderate
DDInter1375,Oxytocin,DDInter1088,Loperamide,Moderate
DDInter1088,Loperamide,DDInter1376,Ozanimod,Moderate
DDInter1088,Loperamide,DDInter1381,Paliperidone,Moderate
DDInter1382,Palonosetron,DDInter1088,Loperamide,Moderate
DDInter1088,Loperamide,DDInter1387,Panobinostat,Moderate
DDInter1088,Loperamide,DDInter1389,Papaverine,Major
DDInter1088,Loperamide,DDInter1398,Pasireotide,Moderate
DDInter1088,Loperamide,DDInter1400,Pazopanib,Moderate
DDInter1420,Pentamidine,DDInter1088,Loperamide,Moderate
DDInter1421,Pentazocine,DDInter1088,Loperamide,Moderate
DDInter1429,Perflutren,DDInter1088,Loperamide,Moderate
DDInter1088,Loperamide,DDInter1432,Perphenazine,Moderate
DDInter1088,Loperamide,DDInter1441,Phenindamine,Moderate
DDInter1088,Loperamide,DDInter1462,Physostigmine,Moderate
DDInter1088,Loperamide,DDInter1467,Pimavanserin,Moderate
DDInter1088,Loperamide,DDInter1470,Pimozide,Moderate
DDInter1088,Loperamide,DDInter1480,Pitolisant,Moderate
DDInter1088,Loperamide,DDInter1492,Ponatinib,Moderate
DDInter1088,Loperamide,DDInter1494,Posaconazole,Major
DDInter1088,Loperamide,DDInter1506,Pramlintide,Moderate
DDInter1088,Loperamide,DDInter1520,Primaquine,Moderate
DDInter1088,Loperamide,DDInter1523,Probucol,Moderate
DDInter1088,Loperamide,DDInter1524,Procainamide,Moderate
DDInter1527,Prochlorperazine,DDInter1088,Loperamide,Moderate
DDInter1528,Procyclidine,DDInter1088,Loperamide,Moderate
DDInter1532,Promazine,DDInter1088,Loperamide,Moderate
DDInter1088,Loperamide,DDInter1533,Promethazine,Moderate
DDInter1088,Loperamide,DDInter1534,Propafenone,Moderate
DDInter1535,Propantheline,DDInter1088,Loperamide,Moderate
DDInter1537,Propiomazine,DDInter1088,Loperamide,Moderate
DDInter528,Dextropropoxyphene,DDInter1088,Loperamide,Moderate
DDInter1543,Protriptyline,DDInter1088,Loperamide,Moderate
DDInter1088,Loperamide,DDInter1155,Mepyramine,Moderate
DDInter1088,Loperamide,DDInter1553,Quetiapine,Moderate
DDInter1088,Loperamide,DDInter1556,Quinidine,Major
DDInter1557,Quinine,DDInter1088,Loperamide,Major
DDInter1088,Loperamide,DDInter1569,Ranitidine (bismuth citrate),Major
DDInter1570,Ranolazine,DDInter1088,Loperamide,Moderate
DDInter1088,Loperamide,DDInter1588,Ribociclib,Moderate
DDInter1088,Loperamide,DDInter1595,Rilpivirine,Moderate
DDInter1605,Risperidone,DDInter1088,Loperamide,Moderate
DDInter1607,Ritonavir,DDInter1088,Loperamide,Major
DDInter1088,Loperamide,DDInter1610,Rivastigmine,Moderate
DDInter1088,Loperamide,DDInter1615,Rolapitant,Moderate
DDInter1088,Loperamide,DDInter1616,Romidepsin,Moderate
DDInter1088,Loperamide,DDInter1626,Rucaparib,Moderate
DDInter1088,Loperamide,DDInter1640,Saquinavir,Moderate
DDInter1088,Loperamide,DDInter1641,Sarecycline,Moderate
DDInter1647,Scopolamine,DDInter1088,Loperamide,Moderate
DDInter1088,Loperamide,DDInter1658,Selpercatinib,Moderate
DDInter1088,Loperamide,DDInter1662,Sertraline,Moderate
DDInter1088,Loperamide,DDInter1664,Sevoflurane,Moderate
DDInter1088,Loperamide,DDInter1676,Siponimod,Moderate
DDInter1088,Loperamide,DDInter1696,Solifenacin,Moderate
DDInter1702,Sorafenib,DDInter1088,Loperamide,Moderate
DDInter1704,Sotalol,DDInter1088,Loperamide,Moderate
DDInter1088,Loperamide,DDInter1705,Sparfloxacin,Moderate
DDInter1707,Spironolactone,DDInter1088,Loperamide,Major
DDInter1088,Loperamide,DDInter1731,Sunitinib,Moderate
DDInter1734,Tacrine,DDInter1088,Loperamide,Moderate
DDInter1088,Loperamide,DDInter1735,Tacrolimus,Major
DDInter1744,Tamoxifen,DDInter1088,Loperamide,Moderate
DDInter1088,Loperamide,DDInter1755,Telaprevir,Major
DDInter1088,Loperamide,DDInter1756,Telavancin,Moderate
DDInter1088,Loperamide,DDInter1758,Telithromycin,Major
DDInter1088,Loperamide,DDInter1769,Terbutaline,Moderate
DDInter1770,Terfenadine,DDInter1088,Loperamide,Moderate
DDInter1088,Loperamide,DDInter1778,Tetrabenazine,Moderate
DDInter1793,Thiethylperazine,DDInter1088,Loperamide,Moderate
DDInter1796,Thioridazine,DDInter1088,Loperamide,Moderate
DDInter1088,Loperamide,DDInter1798,Thiothixene,Moderate
DDInter1088,Loperamide,DDInter1817,Tipranavir,Moderate
DDInter1821,Tizanidine,DDInter1088,Loperamide,Moderate
DDInter1088,Loperamide,DDInter1832,Tolterodine,Moderate
DDInter1837,Toremifene,DDInter1088,Loperamide,Moderate
DDInter1851,Trazodone,DDInter1088,Loperamide,Moderate
DDInter1088,Loperamide,DDInter1863,Triclabendazole,Moderate
DDInter1866,Trifluoperazine,DDInter1088,Loperamide,Moderate
DDInter1867,Triflupromazine,DDInter1088,Loperamide,Moderate
DDInter1870,Trihexyphenidyl,DDInter1088,Loperamide,Moderate
DDInter1088,Loperamide,DDInter45,Alimemazine,Moderate
DDInter1876,Trimipramine,DDInter1088,Loperamide,Moderate
DDInter1878,Tripelennamine,DDInter1088,Loperamide,Moderate
DDInter1879,Triprolidine,DDInter1088,Loperamide,Moderate
DDInter1088,Loperamide,DDInter1880,Triptorelin,Moderate
DDInter1088,Loperamide,DDInter1882,Troleandomycin,Major
DDInter1886,Trospium,DDInter1088,Loperamide,Moderate
DDInter1088,Loperamide,DDInter1891,Tucatinib,Moderate
DDInter1088,Loperamide,DDInter1897,Ulipristal,Moderate
DDInter1088,Loperamide,DDInter1909,Valbenazine,Moderate
DDInter1088,Loperamide,DDInter1917,Vandetanib,Moderate
DDInter1088,Loperamide,DDInter1918,Vardenafil,Moderate
DDInter1921,Vasopressin,DDInter1088,Loperamide,Moderate
DDInter1088,Loperamide,DDInter1925,Vemurafenib,Moderate
DDInter1088,Loperamide,DDInter1926,Venetoclax,Moderate
DDInter1927,Venlafaxine,DDInter1088,Loperamide,Moderate
DDInter1928,Verapamil,DDInter1088,Loperamide,Major
DDInter1946,Voriconazole,DDInter1088,Loperamide,Major
DDInter1967,Ziprasidone,DDInter1088,Loperamide,Moderate
DDInter1519,Prilocaine (topiclal),DDInter1197,Metoclopramide,Major
DDInter1519,Prilocaine (topiclal),DDInter1725,Sulfasalazine,Major
DDInter16,Acetohexamide,DDInter718,Fenofibrate,Moderate
DDInter718,Fenofibrate,DDInter348,Chenodeoxycholic acid,Moderate
DDInter364,Chlorpropamide,DDInter718,Fenofibrate,Moderate
DDInter676,Esomeprazole,DDInter718,Fenofibrate,Moderate
DDInter825,Glimepiride,DDInter718,Fenofibrate,Moderate
DDInter718,Fenofibrate,DDInter826,Glipizide,Moderate
DDInter831,Glyburide,DDInter718,Fenofibrate,Moderate
DDInter934,Insulin human,DDInter718,Fenofibrate,Moderate
DDInter718,Fenofibrate,DDInter929,Insulin aspart (aspart),Moderate
DDInter718,Fenofibrate,DDInter928,Insulin aspart (aspart protamine),Moderate
DDInter718,Fenofibrate,DDInter930,Insulin degludec,Moderate
DDInter718,Fenofibrate,DDInter931,Insulin detemir,Moderate
DDInter932,Insulin glargine,DDInter718,Fenofibrate,Moderate
DDInter718,Fenofibrate,DDInter933,Insulin glulisine,Moderate
DDInter935,"Insulin human (inhalation, rapid acting)",DDInter718,Fenofibrate,Moderate
DDInter936,Insulin human (isophane),DDInter718,Fenofibrate,Moderate
DDInter940,Insulin lispro,DDInter718,Fenofibrate,Moderate
DDInter941,Insulin lispro (protamine),DDInter718,Fenofibrate,Moderate
DDInter937,Insulin human (regular),DDInter718,Fenofibrate,Moderate
DDInter939,Insulin human (zinc),DDInter718,Fenofibrate,Moderate
DDInter938,Insulin human (zinc extended),DDInter718,Fenofibrate,Moderate
DDInter1022,Lansoprazole,DDInter718,Fenofibrate,Moderate
DDInter1263,Naltrexone,DDInter718,Fenofibrate,Moderate
DDInter1269,Nateglinide,DDInter718,Fenofibrate,Moderate
DDInter1340,Omeprazole,DDInter718,Fenofibrate,Moderate
DDInter1388,Pantoprazole,DDInter718,Fenofibrate,Moderate
DDInter1581,Repaglinide,DDInter718,Fenofibrate,Moderate
DDInter718,Fenofibrate,DDInter1622,Rosuvastatin,Major
DDInter1675,Simvastatin,DDInter718,Fenofibrate,Major
DDInter1826,Tolazamide,DDInter718,Fenofibrate,Moderate
DDInter718,Fenofibrate,DDInter1828,Tolbutamide,Moderate
DDInter518,Dexfenfluramine,DDInter105,Antithrombin III human,Moderate
DDInter717,Fenfluramine,DDInter105,Antithrombin III human,Moderate
DDInter1665,Sibutramine,DDInter105,Antithrombin III human,Moderate
DDInter518,Dexfenfluramine,DDInter104,Antithrombin Alfa,Moderate
DDInter717,Fenfluramine,DDInter104,Antithrombin Alfa,Moderate
DDInter1665,Sibutramine,DDInter104,Antithrombin Alfa,Moderate
DDInter103,Antilymphocyte immunoglobulin (horse),DDInter1963,Zinc acetate,Minor
DDInter103,Antilymphocyte immunoglobulin (horse),DDInter1965,Zinc gluconate,Minor
DDInter103,Antilymphocyte immunoglobulin (horse),DDInter1966,Zinc sulfate,Minor
DDInter106,Antithymocyte immunoglobulin (rabbit),DDInter1963,Zinc acetate,Minor
DDInter106,Antithymocyte immunoglobulin (rabbit),DDInter1965,Zinc gluconate,Minor
DDInter106,Antithymocyte immunoglobulin (rabbit),DDInter1966,Zinc sulfate,Minor
DDInter112,Aprepitant,DDInter884,Hydrocodone,Major
DDInter136,Atropine,DDInter884,Hydrocodone,Moderate
DDInter884,Hydrocodone,DDInter138,Attapulgite,Moderate
DDInter884,Hydrocodone,DDInter252,Bupropion,Major
DDInter380,Cimetidine,DDInter884,Hydrocodone,Major
DDInter884,Hydrocodone,DDInter393,Clarithromycin,Major
DDInter397,Clidinium,DDInter884,Hydrocodone,Moderate
DDInter416,Clotrimazole,DDInter884,Hydrocodone,Major
DDInter884,Hydrocodone,DDInter513,Dexamethasone,Major
DDInter543,Dicyclomine,DDInter865,Homatropine,Moderate
DDInter601,Dronabinol,DDInter884,Hydrocodone,Moderate
DDInter717,Fenfluramine,DDInter884,Hydrocodone,Moderate
DDInter834,Glycopyrronium,DDInter865,Homatropine,Moderate
DDInter896,Hyoscyamine,DDInter865,Homatropine,Moderate
DDInter1149,Mepenzolate,DDInter865,Homatropine,Moderate
DDInter865,Homatropine,DDInter1180,Methscopolamine,Moderate
DDInter884,Hydrocodone,DDInter1197,Metoclopramide,Moderate
DDInter884,Hydrocodone,DDInter1209,Miconazole,Moderate
DDInter1244,Morphine,DDInter884,Hydrocodone,Major
DDInter1245,Morphine (liposomal),DDInter884,Hydrocodone,Major
DDInter884,Hydrocodone,DDInter1262,Naloxone,Moderate
DDInter1263,Naltrexone,DDInter884,Hydrocodone,Major
DDInter1342,Ondansetron,DDInter884,Hydrocodone,Moderate
DDInter1344,Opium,DDInter865,Homatropine,Moderate
DDInter884,Hydrocodone,DDInter1487,Polyethylene glycol (3350 with electrolytes),Moderate
DDInter1497,Potassium chloride,DDInter865,Homatropine,Major
DDInter1498,Potassium citrate,DDInter865,Homatropine,Major
DDInter1535,Propantheline,DDInter865,Homatropine,Moderate
DDInter1647,Scopolamine,DDInter884,Hydrocodone,Moderate
DDInter212,Bisacodyl,DDInter107,Apalutamide,Moderate
DDInter252,Bupropion,DDInter107,Apalutamide,Major
DDInter307,Castor oil,DDInter107,Apalutamide,Moderate
DDInter364,Chlorpropamide,DDInter107,Apalutamide,Moderate
DDInter385,Cisapride,DDInter107,Apalutamide,Major
DDInter393,Clarithromycin,DDInter107,Apalutamide,Moderate
DDInter474,Dapagliflozin,DDInter107,Apalutamide,Moderate
DDInter581,Dolasetron,DDInter107,Apalutamide,Major
DDInter629,Eliglustat,DDInter107,Apalutamide,Major
DDInter636,Empagliflozin,DDInter107,Apalutamide,Moderate
DDInter676,Esomeprazole,DDInter107,Apalutamide,Moderate
DDInter734,Fidaxomicin,DDInter107,Apalutamide,Moderate
DDInter825,Glimepiride,DDInter107,Apalutamide,Moderate
DDInter826,Glipizide,DDInter107,Apalutamide,Moderate
DDInter831,Glyburide,DDInter107,Apalutamide,Moderate
DDInter832,Glycerin,DDInter107,Apalutamide,Moderate
DDInter840,Granisetron,DDInter107,Apalutamide,Moderate
DDInter107,Apalutamide,DDInter1016,Lactitol,Moderate
DDInter1018,Lactulose,DDInter107,Apalutamide,Moderate
DDInter1022,Lansoprazole,DDInter107,Apalutamide,Moderate
DDInter1055,Levofloxacin,DDInter107,Apalutamide,Moderate
DDInter1070,Linagliptin,DDInter107,Apalutamide,Moderate
DDInter1115,Magnesium citrate,DDInter107,Apalutamide,Moderate
DDInter1118,Magnesium hydroxide,DDInter107,Apalutamide,Moderate
DDInter1202,Metronidazole,DDInter107,Apalutamide,Minor
DDInter1223,Mineral oil,DDInter107,Apalutamide,Moderate
DDInter1244,Morphine,DDInter107,Apalutamide,Moderate
DDInter1258,Naldemedine,DDInter107,Apalutamide,Major
DDInter1261,Naloxegol,DDInter107,Apalutamide,Major
DDInter1269,Nateglinide,DDInter107,Apalutamide,Moderate
DDInter1300,Nitisinone,DDInter107,Apalutamide,Moderate
DDInter1340,Omeprazole,DDInter107,Apalutamide,Moderate
DDInter1342,Ondansetron,DDInter107,Apalutamide,Moderate
DDInter1382,Palonosetron,DDInter107,Apalutamide,Moderate
DDInter1388,Pantoprazole,DDInter107,Apalutamide,Moderate
DDInter1389,Papaverine,DDInter107,Apalutamide,Major
DDInter1443,Phenolphthalein,DDInter107,Apalutamide,Moderate
DDInter1488,Polyethylene glycol (3350),DDInter107,Apalutamide,Moderate
DDInter1487,Polyethylene glycol (3350 with electrolytes),DDInter107,Apalutamide,Moderate
DDInter1513,Prednisolone,DDInter107,Apalutamide,Moderate
DDInter1581,Repaglinide,DDInter107,Apalutamide,Moderate
DDInter1593,Rifaximin,DDInter107,Apalutamide,Moderate
DDInter1615,Rolapitant,DDInter107,Apalutamide,Major
DDInter1622,Rosuvastatin,DDInter107,Apalutamide,Moderate
DDInter1646,Saxagliptin,DDInter107,Apalutamide,Moderate
DDInter1675,Simvastatin,DDInter107,Apalutamide,Moderate
DDInter1679,Sitagliptin,DDInter107,Apalutamide,Moderate
DDInter1725,Sulfasalazine,DDInter107,Apalutamide,Moderate
DDInter1811,Tinidazole,DDInter107,Apalutamide,Moderate
DDInter1828,Tolbutamide,DDInter107,Apalutamide,Moderate
DDInter112,Aprepitant,DDInter108,Apixaban,Moderate
DDInter20,Acetylsalicylic acid,DDInter108,Apixaban,Major
DDInter393,Clarithromycin,DDInter108,Apixaban,Moderate
DDInter416,Clotrimazole,DDInter108,Apixaban,Moderate
DDInter513,Dexamethasone,DDInter108,Apixaban,Moderate
DDInter518,Dexfenfluramine,DDInter108,Apixaban,Moderate
DDInter108,Apixaban,DDInter629,Eliglustat,Moderate
DDInter717,Fenfluramine,DDInter108,Apixaban,Moderate
DDInter1209,Miconazole,DDInter108,Apixaban,Moderate
DDInter108,Apixaban,DDInter1615,Rolapitant,Moderate
DDInter1665,Sibutramine,DDInter108,Apixaban,Moderate
DDInter1881,Troglitazone,DDInter108,Apixaban,Moderate
DDInter252,Bupropion,DDInter74,Aminophylline,Major
DDInter82,Amoxapine,DDInter252,Bupropion,Major
DDInter252,Bupropion,DDInter92,Amyl Nitrite,Moderate
DDInter98,Anisindione,DDInter252,Bupropion,Moderate
DDInter109,Apomorphine,DDInter252,Bupropion,Moderate
DDInter252,Bupropion,DDInter118,Aripiprazole,Major
DDInter252,Bupropion,DDInter125,Asenapine,Major
DDInter252,Bupropion,DDInter126,Asparaginase Erwinia chrysanthemi,Moderate
DDInter127,Asparaginase Escherichia coli,DDInter252,Bupropion,Moderate
DDInter130,Atenolol,DDInter252,Bupropion,Moderate
DDInter132,Atomoxetine,DDInter252,Bupropion,Moderate
DDInter252,Bupropion,DDInter156,Azilsartan medoxomil,Moderate
DDInter252,Bupropion,DDInter170,Bedaquiline,Moderate
DDInter177,Benazepril,DDInter252,Bupropion,Moderate
DDInter179,Bendroflumethiazide,DDInter252,Bupropion,Moderate
DDInter187,Benzphetamine,DDInter252,Bupropion,Major
DDInter188,Benzthiazide,DDInter252,Bupropion,Moderate
DDInter252,Bupropion,DDInter192,Bepridil,Moderate
DDInter195,Betamethasone,DDInter252,Bupropion,Major
DDInter197,Betaxolol,DDInter252,Bupropion,Moderate
DDInter199,Bethanechol,DDInter252,Bupropion,Major
DDInter216,Bisoprolol,DDInter252,Bupropion,Moderate
DDInter252,Bupropion,DDInter220,Blinatumomab,Major
DDInter252,Bupropion,DDInter228,Brentuximab vedotin,Moderate
DDInter252,Bupropion,DDInter230,Brexanolone,Moderate
DDInter252,Bupropion,DDInter231,Brexpiprazole,Major
DDInter248,Bumetanide,DDInter252,Bupropion,Moderate
DDInter251,Buprenorphine,DDInter252,Bupropion,Major
DDInter256,Butabarbital,DDInter252,Bupropion,Moderate
DDInter257,Butalbital,DDInter252,Bupropion,Moderate
DDInter258,Butorphanol,DDInter252,Bupropion,Major
DDInter252,Bupropion,DDInter264,Calaspargase pegol,Moderate
DDInter252,Bupropion,DDInter284,Cannabidiol,Moderate
DDInter252,Bupropion,DDInter292,Captopril,Moderate
DDInter293,Carbamazepine,DDInter252,Bupropion,Moderate
DDInter252,Bupropion,DDInter300,Cariprazine,Major
DDInter303,Carteolol,DDInter252,Bupropion,Moderate
DDInter305,Carvedilol,DDInter252,Bupropion,Moderate
DDInter252,Bupropion,DDInter318,Cefiderocol,Major
DDInter252,Bupropion,DDInter338,Cenobamate,Moderate
DDInter346,Cevimeline,DDInter252,Bupropion,Moderate
DDInter252,Bupropion,DDInter349,Chloral hydrate,Moderate
DDInter355,Chlordiazepoxide,DDInter252,Bupropion,Moderate
DDInter252,Bupropion,DDInter357,Chlormezanone,Moderate
DDInter359,Chloroquine,DDInter252,Bupropion,Major
DDInter360,Chlorothiazide,DDInter252,Bupropion,Moderate
DDInter363,Chlorpromazine,DDInter252,Bupropion,Major
DDInter365,Chlorthalidone,DDInter252,Bupropion,Moderate
DDInter380,Cimetidine,DDInter252,Bupropion,Minor
DDInter383,Cinoxacin,DDInter252,Bupropion,Major
DDInter384,Ciprofloxacin,DDInter252,Bupropion,Major
DDInter388,Citalopram,DDInter252,Bupropion,Major
DDInter252,Bupropion,DDInter396,Clevidipine,Moderate
DDInter401,Clobazam,DDInter252,Bupropion,Moderate
DDInter405,Clofarabine,DDInter252,Bupropion,Moderate
DDInter252,Bupropion,DDInter410,Clomipramine,Major
DDInter411,Clonazepam,DDInter252,Bupropion,Moderate
DDInter412,Clonidine,DDInter252,Bupropion,Moderate
DDInter413,Clopidogrel,DDInter252,Bupropion,Moderate
DDInter414,Clorazepic acid,DDInter252,Bupropion,Moderate
DDInter419,Clozapine,DDInter252,Bupropion,Major
DDInter426,Cocaine (nasal),DDInter252,Bupropion,Major
DDInter252,Bupropion,DDInter445,Corticotropin,Major
DDInter252,Bupropion,DDInter1782,Tetracosactide,Major
DDInter252,Bupropion,DDInter448,Crizotinib,Moderate
DDInter454,Cyclobenzaprine,DDInter252,Bupropion,Major
DDInter456,Cyclophosphamide,DDInter252,Bupropion,Moderate
DDInter457,Cycloserine,DDInter252,Bupropion,Major
DDInter458,Cyclosporine,DDInter252,Bupropion,Moderate
DDInter252,Bupropion,DDInter462,Dabrafenib,Moderate
DDInter252,Bupropion,DDInter468,Dalfampridine,Major
DDInter480,Darifenacin,DDInter252,Bupropion,Moderate
DDInter252,Bupropion,DDInter492,Deflazacort,Major
DDInter252,Bupropion,DDInter495,Delafloxacin,Major
DDInter502,Deserpidine,DDInter252,Bupropion,Moderate
DDInter504,Desipramine,DDInter252,Bupropion,Major
DDInter252,Bupropion,DDInter511,Desvenlafaxine,Major
DDInter252,Bupropion,DDInter512,Deutetrabenazine,Major
DDInter252,Bupropion,DDInter513,Dexamethasone,Major
DDInter252,Bupropion,DDInter518,Dexfenfluramine,Major
DDInter252,Bupropion,DDInter521,Dexmethylphenidate,Major
DDInter252,Bupropion,DDInter526,Dextroamphetamine,Major
DDInter527,Dextromethorphan,DDInter252,Bupropion,Moderate
DDInter252,Bupropion,DDInter531,Dezocine,Major
DDInter534,Diazepam,DDInter252,Bupropion,Moderate
DDInter535,Diazoxide,DDInter252,Bupropion,Moderate
DDInter542,Dicoumarol,DDInter252,Bupropion,Moderate
DDInter547,Diethylpropion,DDInter252,Bupropion,Major
DDInter554,Digoxin,DDInter252,Bupropion,Moderate
DDInter561,Diltiazem,DDInter252,Bupropion,Moderate
DDInter569,Diphenhydramine,DDInter252,Bupropion,Moderate
DDInter1913,Valproic acid,DDInter252,Bupropion,Moderate
DDInter581,Dolasetron,DDInter252,Bupropion,Major
DDInter583,Donepezil,DDInter252,Bupropion,Major
DDInter591,Doxapram,DDInter252,Bupropion,Major
DDInter592,Doxazosin,DDInter252,Bupropion,Moderate
DDInter593,Doxepin,DDInter252,Bupropion,Major
DDInter594,Doxepin (topical),DDInter252,Bupropion,Major
DDInter601,Dronabinol,DDInter252,Bupropion,Major
DDInter608,Duloxetine,DDInter252,Bupropion,Major
DDInter624,Efavirenz,DDInter252,Bupropion,Moderate
DDInter252,Bupropion,DDInter629,Eliglustat,Major
DDInter252,Bupropion,DDInter632,Eluxadoline,Moderate
DDInter638,Enalapril,DDInter252,Bupropion,Moderate
DDInter644,Enoxacin,DDInter252,Bupropion,Major
DDInter252,Bupropion,DDInter649,Enzalutamide,Major
DDInter252,Bupropion,DDInter650,Ephedrine,Major
DDInter655,Epirubicin,DDInter252,Bupropion,Moderate
DDInter656,Eplerenone,DDInter252,Bupropion,Moderate
DDInter658,Eprosartan,DDInter252,Bupropion,Moderate
DDInter668,Ertapenem,DDInter252,Bupropion,Major
DDInter252,Bupropion,DDInter672,Escitalopram,Major
DDInter675,Esmolol,DDInter252,Bupropion,Moderate
DDInter252,Bupropion,DDInter677,Estazolam,Moderate
DDInter685,Eszopiclone,DDInter252,Bupropion,Moderate
DDInter686,Etacrynic acid,DDInter252,Bupropion,Moderate
DDInter691,Ethchlorvynol,DDInter252,Bupropion,Moderate
DDInter716,Felodipine,DDInter252,Bupropion,Moderate
DDInter717,Fenfluramine,DDInter252,Bupropion,Major
DDInter720,Fenoldopam,DDInter252,Bupropion,Moderate
DDInter252,Bupropion,DDInter731,Fesoterodine,Moderate
DDInter252,Bupropion,DDInter740,Flecainide,Moderate
DDInter252,Bupropion,DDInter741,Flibanserin,Moderate
DDInter747,Fludrocortisone,DDInter252,Bupropion,Major
DDInter758,Fluoxetine,DDInter252,Bupropion,Major
DDInter760,Fluphenazine,DDInter252,Bupropion,Major
DDInter762,Flurazepam,DDInter252,Bupropion,Moderate
DDInter770,Fluvoxamine,DDInter252,Bupropion,Major
DDInter779,Foscarnet,DDInter252,Bupropion,Major
DDInter781,Fosinopril,DDInter252,Bupropion,Moderate
DDInter252,Bupropion,DDInter783,Fosphenytoin,Moderate
DDInter790,Furosemide,DDInter252,Bupropion,Moderate
DDInter802,Galantamine,DDInter252,Bupropion,Major
DDInter809,Gatifloxacin,DDInter252,Bupropion,Major
DDInter813,Gemifloxacin,DDInter252,Bupropion,Major
DDInter252,Bupropion,DDInter819,Ginkgo biloba,Moderate
DDInter840,Granisetron,DDInter252,Bupropion,Major
DDInter842,Grepafloxacin,DDInter252,Bupropion,Major
DDInter844,Guanabenz,DDInter252,Bupropion,Moderate
DDInter845,Guanadrel,DDInter252,Bupropion,Moderate
DDInter252,Bupropion,DDInter846,Guanethidine,Moderate
DDInter850,Halazepam,DDInter252,Bupropion,Moderate
DDInter853,Haloperidol,DDInter252,Bupropion,Major
DDInter252,Bupropion,DDInter532,Diamorphine,Major
DDInter252,Bupropion,DDInter882,Hydralazine,Moderate
DDInter889,Hydroflumethiazide,DDInter252,Bupropion,Moderate
DDInter890,Hydromorphone,DDInter252,Bupropion,Major
DDInter252,Bupropion,DDInter905,Idelalisib,Moderate
DDInter252,Bupropion,DDInter906,Ifosfamide,Moderate
DDInter252,Bupropion,DDInter907,Iloperidone,Major
DDInter912,Imipramine,DDInter252,Bupropion,Major
DDInter916,Indapamide,DDInter252,Bupropion,Moderate
DDInter942,"Interferon alfa-2a, Recombinant",DDInter252,Bupropion,Major
DDInter943,Interferon alfa-2b,DDInter252,Bupropion,Major
DDInter944,Interferon alfa-n1,DDInter252,Bupropion,Major
DDInter945,Interferon alfa-n3,DDInter252,Bupropion,Major
DDInter946,Interferon alfacon-1,DDInter252,Bupropion,Major
DDInter947,Interferon beta-1a,DDInter252,Bupropion,Major
DDInter948,Interferon beta-1b,DDInter252,Bupropion,Major
DDInter949,Interferon gamma-1b,DDInter252,Bupropion,Major
DDInter252,Bupropion,DDInter951,Iobenguane (I-123),Moderate
DDInter252,Bupropion,DDInter952,Iobenguane (I-131),Major
DDInter252,Bupropion,DDInter959,Ioflupane I-123,Moderate
DDInter252,Bupropion,DDInter960,Iohexol,Major
DDInter252,Bupropion,DDInter961,Iopamidol,Major
DDInter972,Irbesartan,DDInter252,Bupropion,Moderate
DDInter252,Bupropion,DDInter980,Isavuconazonium,Moderate
DDInter252,Bupropion,DDInter981,Isocarboxazid,Major
DDInter989,Isosorbide dinitrate,DDInter252,Bupropion,Moderate
DDInter990,Isosorbide mononitrate,DDInter252,Bupropion,Moderate
DDInter993,Isradipine,DDInter252,Bupropion,Moderate
DDInter252,Bupropion,DDInter1027,Lasmiditan,Moderate
DDInter1033,Leflunomide,DDInter252,Bupropion,Major
DDInter252,Bupropion,DDInter1034,Lemborexant,Moderate
DDInter252,Bupropion,DDInter1045,Levamlodipine,Moderate
DDInter252,Bupropion,DDInter1053,Levocetirizine,Moderate
DDInter252,Bupropion,DDInter1054,Levodopa,Moderate
DDInter1055,Levofloxacin,DDInter252,Bupropion,Major
DDInter252,Bupropion,DDInter1043,Levacetylmethadol,Major
DDInter252,Bupropion,DDInter1059,Levomilnacipran,Major
DDInter1062,Levorphanol,DDInter252,Bupropion,Major
DDInter1072,Lindane,DDInter252,Bupropion,Major
DDInter1073,Linezolid,DDInter252,Bupropion,Major
DDInter252,Bupropion,DDInter1078,Lisdexamfetamine,Major
DDInter1079,Lisinopril,DDInter252,Bupropion,Moderate
DDInter252,Bupropion,DDInter1081,Lithium carbonate,Major
DDInter252,Bupropion,DDInter1083,Lofexidine,Moderate
DDInter1084,Lomefloxacin,DDInter252,Bupropion,Major
DDInter252,Bupropion,DDInter1085,Lomitapide,Major
DDInter1092,Lorazepam,DDInter252,Bupropion,Moderate
DDInter252,Bupropion,DDInter1093,Lorcaserin,Major
DDInter252,Bupropion,DDInter1094,Lorlatinib,Moderate
DDInter1095,Losartan,DDInter252,Bupropion,Moderate
DDInter1099,Loxapine,DDInter252,Bupropion,Major
DDInter252,Bupropion,DDInter1102,Lumateperone,Major
DDInter252,Bupropion,DDInter1104,Lurasidone,Major
DDInter1124,Maprotiline,DDInter252,Bupropion,Major
DDInter1126,Mazindol,DDInter252,Bupropion,Major
DDInter1140,Mefloquine,DDInter252,Bupropion,Major
DDInter1150,Meperidine,DDInter252,Bupropion,Major
DDInter1190,Methylphenobarbital,DDInter252,Bupropion,Moderate
DDInter1154,Meprobamate,DDInter252,Bupropion,Moderate
DDInter1157,Meropenem,DDInter252,Bupropion,Major
DDInter1159,Mesoridazine,DDInter252,Bupropion,Major
DDInter1166,Methadone,DDInter252,Bupropion,Major
DDInter252,Bupropion,DDInter1161,Metamfetamine,Major
DDInter1168,Methdilazine,DDInter252,Bupropion,Major
DDInter1174,Methotrexate,DDInter252,Bupropion,Moderate
DDInter252,Bupropion,DDInter1175,Methotrimeprazine,Major
DDInter252,Bupropion,DDInter1186,Methylene blue,Major
DDInter1191,Methylprednisolone,DDInter252,Bupropion,Major
DDInter252,Bupropion,DDInter1197,Metoclopramide,Major
DDInter1199,Metolazone,DDInter252,Bupropion,Moderate
DDInter1200,Metoprolol,DDInter252,Bupropion,Moderate
DDInter1206,Mexiletine,DDInter252,Bupropion,Major
DDInter1212,Midazolam,DDInter252,Bupropion,Moderate
DDInter1213,Midodrine,DDInter252,Bupropion,Moderate
DDInter1215,Mifepristone,DDInter252,Bupropion,Moderate
DDInter252,Bupropion,DDInter1220,Milnacipran,Major
DDInter1226,Minoxidil,DDInter252,Bupropion,Moderate
DDInter252,Bupropion,DDInter1228,Mipomersen,Major
DDInter1230,Mirtazapine,DDInter252,Bupropion,Major
DDInter1237,Moexipril,DDInter252,Bupropion,Moderate
DDInter252,Bupropion,DDInter1239,Molindone,Major
DDInter1244,Morphine,DDInter252,Bupropion,Major
DDInter1245,Morphine (liposomal),DDInter252,Bupropion,Major
DDInter1247,Moxifloxacin,DDInter252,Bupropion,Major
DDInter1250,Muromonab,DDInter252,Bupropion,Major
DDInter252,Bupropion,DDInter1255,Nadolol,Moderate
DDInter1257,Nalbuphine,DDInter252,Bupropion,Major
DDInter1259,Nalidixic acid,DDInter252,Bupropion,Major
DDInter1263,Naltrexone,DDInter252,Bupropion,Moderate
DDInter252,Bupropion,DDInter1271,Nebivolol,Moderate
DDInter1274,Nefazodone,DDInter252,Bupropion,Major
DDInter252,Bupropion,DDInter1275,Nelarabine,Major
DDInter252,Bupropion,DDInter1279,Neostigmine,Major
DDInter1285,Nevirapine,DDInter252,Bupropion,Moderate
DDInter1287,Nicardipine,DDInter252,Bupropion,Moderate
DDInter1290,Nicotine,DDInter252,Bupropion,Moderate
DDInter252,Bupropion,DDInter1293,Nilotinib,Moderate
DDInter1295,Nimodipine,DDInter252,Bupropion,Moderate
DDInter1298,Nisoldipine,DDInter252,Bupropion,Moderate
DDInter1304,Nitroglycerin,DDInter252,Bupropion,Moderate
DDInter1305,Nitroprusside,DDInter252,Bupropion,Moderate
DDInter1313,Norfloxacin,DDInter252,Bupropion,Major
DDInter1316,Nortriptyline,DDInter252,Bupropion,Major
DDInter252,Bupropion,DDInter1325,Ofloxacin,Major
DDInter1326,Olanzapine,DDInter252,Bupropion,Major
DDInter252,Bupropion,DDInter1327,Olaparib,Moderate
DDInter252,Bupropion,DDInter1329,Oliceridine,Major
DDInter1330,Olmesartan,DDInter252,Bupropion,Moderate
DDInter1333,Olopatadine (nasal),DDInter252,Bupropion,Moderate
DDInter1342,Ondansetron,DDInter252,Bupropion,Major
DDInter252,Bupropion,DDInter1344,Opium,Major
DDInter252,Bupropion,DDInter1349,Orphenadrine,Moderate
DDInter1356,Oxamniquine,DDInter252,Bupropion,Major
DDInter1359,Oxazepam,DDInter252,Bupropion,Moderate
DDInter252,Bupropion,DDInter1363,Oxtriphylline,Major
DDInter1366,Oxycodone,DDInter252,Bupropion,Major
DDInter252,Bupropion,DDInter1372,Oxymorphone,Major
DDInter252,Bupropion,DDInter1376,Ozanimod,Major
DDInter252,Bupropion,DDInter1381,Paliperidone,Major
DDInter1382,Palonosetron,DDInter252,Bupropion,Major
DDInter252,Bupropion,DDInter1391,Paraldehyde,Moderate
DDInter1397,Paroxetine,DDInter252,Bupropion,Major
DDInter1404,Pegaspargase,DDInter252,Bupropion,Moderate
DDInter1407,Peginterferon alfa-2a,DDInter252,Bupropion,Major
DDInter1408,Peginterferon alfa-2b,DDInter252,Bupropion,Major
DDInter252,Bupropion,DDInter1409,Peginterferon beta-1a,Major
DDInter252,Bupropion,DDInter1416,Pemoline,Major
DDInter252,Bupropion,DDInter1417,Penbutolol,Moderate
DDInter1421,Pentazocine,DDInter252,Bupropion,Major
DDInter1423,Pentobarbital,DDInter252,Bupropion,Moderate
DDInter1431,Perindopril,DDInter252,Bupropion,Moderate
DDInter1432,Perphenazine,DDInter252,Bupropion,Major
DDInter252,Bupropion,DDInter1435,Pexidartinib,Major
DDInter252,Bupropion,DDInter1439,Phendimetrazine,Major
DDInter1440,Phenelzine,DDInter252,Bupropion,Major
DDInter252,Bupropion,DDInter1442,Phenobarbital,Moderate
DDInter1444,Phenoxybenzamine,DDInter252,Bupropion,Moderate
DDInter1447,Phentermine,DDInter252,Bupropion,Major
DDInter1448,Phentolamine,DDInter252,Bupropion,Moderate
DDInter1458,Phenylpropanolamine,DDInter252,Bupropion,Major
DDInter1460,Phenytoin,DDInter252,Bupropion,Moderate
DDInter1462,Physostigmine,DDInter252,Bupropion,Major
DDInter1470,Pimozide,DDInter252,Bupropion,Major
DDInter1471,Pindolol,DDInter252,Bupropion,Moderate
DDInter1475,Piperazine,DDInter252,Bupropion,Major
DDInter252,Bupropion,DDInter1477,Pirfenidone,Moderate
DDInter252,Bupropion,DDInter1480,Pitolisant,Major
DDInter252,Bupropion,DDInter1487,Polyethylene glycol (3350 with electrolytes),Moderate
DDInter252,Bupropion,DDInter1490,Polythiazide,Moderate
DDInter252,Bupropion,DDInter1508,Prasugrel,Minor
DDInter1511,Prazosin,DDInter252,Bupropion,Moderate
DDInter1513,Prednisolone,DDInter252,Bupropion,Major
DDInter1515,Prednisone,DDInter252,Bupropion,Major
DDInter1521,Primidone,DDInter252,Bupropion,Moderate
DDInter252,Bupropion,DDInter1526,Procarbazine,Major
DDInter1527,Prochlorperazine,DDInter252,Bupropion,Major
DDInter1532,Promazine,DDInter252,Bupropion,Major
DDInter1533,Promethazine,DDInter252,Bupropion,Major
DDInter252,Bupropion,DDInter1534,Propafenone,Moderate
DDInter1537,Propiomazine,DDInter252,Bupropion,Major
DDInter528,Dextropropoxyphene,DDInter252,Bupropion,Major
DDInter1539,Propranolol,DDInter252,Bupropion,Moderate
DDInter1543,Protriptyline,DDInter252,Bupropion,Major
DDInter252,Bupropion,DDInter1552,Quazepam,Moderate
DDInter252,Bupropion,DDInter1553,Quetiapine,Major
DDInter1554,Quinapril,DDInter252,Bupropion,Moderate
DDInter1565,Ramipril,DDInter252,Bupropion,Moderate
DDInter1570,Ranolazine,DDInter252,Bupropion,Minor
DDInter252,Bupropion,DDInter1572,Rasagiline,Major
DDInter252,Bupropion,DDInter1578,Remdesivir,Moderate
DDInter1579,Remifentanil,DDInter252,Bupropion,Major
DDInter252,Bupropion,DDInter1580,Remimazolam,Moderate
DDInter1582,Reserpine,DDInter252,Bupropion,Moderate
DDInter1590,Rifampicin,DDInter252,Bupropion,Moderate
DDInter1597,Rimantadine,DDInter252,Bupropion,Major
DDInter1605,Risperidone,DDInter252,Bupropion,Major
DDInter1607,Ritonavir,DDInter252,Bupropion,Moderate
DDInter1610,Rivastigmine,DDInter252,Bupropion,Major
DDInter252,Bupropion,DDInter1627,Rufinamide,Moderate
DDInter252,Bupropion,DDInter1631,Safinamide,Major
DDInter1650,Secobarbital,DDInter252,Bupropion,Moderate
DDInter1653,Selegiline,DDInter252,Bupropion,Major
DDInter1662,Sertraline,DDInter252,Bupropion,Major
DDInter1665,Sibutramine,DDInter252,Bupropion,Major
DDInter252,Bupropion,DDInter1667,Silodosin,Moderate
DDInter252,Bupropion,DDInter1690,Sodium oxybate,Major
DDInter1704,Sotalol,DDInter252,Bupropion,Moderate
DDInter252,Bupropion,DDInter1705,Sparfloxacin,Major
DDInter1707,Spironolactone,DDInter252,Bupropion,Moderate
DDInter1718,Sufentanil,DDInter252,Bupropion,Major
DDInter1734,Tacrine,DDInter252,Bupropion,Major
DDInter1744,Tamoxifen,DDInter252,Bupropion,Major
DDInter1745,Tamsulosin,DDInter252,Bupropion,Moderate
DDInter252,Bupropion,DDInter1746,Tapentadol,Major
DDInter1759,Telmisartan,DDInter252,Bupropion,Moderate
DDInter252,Bupropion,DDInter1760,Telotristat ethyl,Moderate
DDInter1761,Temazepam,DDInter252,Bupropion,Moderate
DDInter252,Bupropion,DDInter1767,Terazosin,Moderate
DDInter252,Bupropion,DDInter1771,Teriflunomide,Major
DDInter252,Bupropion,DDInter1778,Tetrabenazine,Major
DDInter1791,Theophylline,DDInter252,Bupropion,Major
DDInter1793,Thiethylperazine,DDInter252,Bupropion,Major
DDInter1814,Tioguanine,DDInter252,Bupropion,Moderate
DDInter1796,Thioridazine,DDInter252,Bupropion,Major
DDInter252,Bupropion,DDInter1797,Thiotepa,Moderate
DDInter252,Bupropion,DDInter1798,Thiothixene,Major
DDInter1804,Ticlopidine,DDInter252,Bupropion,Moderate
DDInter1809,Timolol,DDInter252,Bupropion,Moderate
DDInter1810,Timolol (ophthalmic),DDInter252,Bupropion,Moderate
DDInter1832,Tolterodine,DDInter252,Bupropion,Minor
DDInter1836,Torasemide,DDInter252,Bupropion,Moderate
DDInter252,Bupropion,DDInter1840,Trabectedin,Moderate
DDInter1843,Trandolapril,DDInter252,Bupropion,Moderate
DDInter1845,Tranylcypromine,DDInter252,Bupropion,Major
DDInter1851,Trazodone,DDInter252,Bupropion,Major
DDInter1855,Triamcinolone,DDInter252,Bupropion,Major
DDInter1859,Triamterene,DDInter252,Bupropion,Moderate
DDInter1860,Triazolam,DDInter252,Bupropion,Moderate
DDInter1861,Trichlormethiazide,DDInter252,Bupropion,Moderate
DDInter1866,Trifluoperazine,DDInter252,Bupropion,Major
DDInter1867,Triflupromazine,DDInter252,Bupropion,Major
DDInter252,Bupropion,DDInter45,Alimemazine,Major
DDInter1872,Trimethaphan,DDInter252,Bupropion,Moderate
DDInter1876,Trimipramine,DDInter252,Bupropion,Major
DDInter1887,Trovafloxacin,DDInter252,Bupropion,Major
DDInter252,Bupropion,DDInter1909,Valbenazine,Major
DDInter1915,Valsartan,DDInter252,Bupropion,Moderate
DDInter1927,Venlafaxine,DDInter252,Bupropion,Major
DDInter1928,Verapamil,DDInter252,Bupropion,Moderate
DDInter252,Bupropion,DDInter1935,Vilazodone,Major
DDInter252,Bupropion,DDInter1948,Vortioxetine,Major
DDInter1951,Warfarin,DDInter252,Bupropion,Moderate
DDInter1957,Zaleplon,DDInter252,Bupropion,Moderate
DDInter1967,Ziprasidone,DDInter252,Bupropion,Major
DDInter1970,Zolpidem,DDInter252,Bupropion,Moderate
DDInter109,Apomorphine,DDInter212,Bisacodyl,Moderate
DDInter109,Apomorphine,DDInter307,Castor oil,Moderate
DDInter385,Cisapride,DDInter109,Apomorphine,Major
DDInter109,Apomorphine,DDInter393,Clarithromycin,Moderate
DDInter109,Apomorphine,DDInter581,Dolasetron,Major
DDInter601,Dronabinol,DDInter109,Apomorphine,Moderate
DDInter109,Apomorphine,DDInter832,Glycerin,Moderate
DDInter109,Apomorphine,DDInter840,Granisetron,Major
DDInter109,Apomorphine,DDInter1016,Lactitol,Moderate
DDInter1018,Lactulose,DDInter109,Apomorphine,Moderate
DDInter109,Apomorphine,DDInter1055,Levofloxacin,Moderate
DDInter109,Apomorphine,DDInter1115,Magnesium citrate,Moderate
DDInter109,Apomorphine,DDInter1118,Magnesium hydroxide,Moderate
DDInter109,Apomorphine,DDInter1197,Metoclopramide,Moderate
DDInter109,Apomorphine,DDInter1202,Metronidazole,Minor
DDInter109,Apomorphine,DDInter1223,Mineral oil,Moderate
DDInter1244,Morphine,DDInter109,Apomorphine,Moderate
DDInter1253,Nabilone,DDInter109,Apomorphine,Moderate
DDInter109,Apomorphine,DDInter1342,Ondansetron,Major
DDInter109,Apomorphine,DDInter1344,Opium,Moderate
DDInter1382,Palonosetron,DDInter109,Apomorphine,Major
DDInter109,Apomorphine,DDInter1389,Papaverine,Major
DDInter109,Apomorphine,DDInter1443,Phenolphthalein,Moderate
DDInter109,Apomorphine,DDInter1488,Polyethylene glycol (3350),Moderate
DDInter109,Apomorphine,DDInter1487,Polyethylene glycol (3350 with electrolytes),Moderate
DDInter109,Apomorphine,DDInter1665,Sibutramine,Moderate
DDInter601,Dronabinol,DDInter110,Apraclonidine,Moderate
DDInter110,Apraclonidine,DDInter1197,Metoclopramide,Moderate
DDInter1244,Morphine,DDInter110,Apraclonidine,Moderate
DDInter1245,Morphine (liposomal),DDInter110,Apraclonidine,Moderate
DDInter1253,Nabilone,DDInter110,Apraclonidine,Moderate
DDInter110,Apraclonidine,DDInter1344,Opium,Moderate
DDInter110,Apraclonidine,DDInter1389,Papaverine,Moderate
DDInter1647,Scopolamine,DDInter110,Apraclonidine,Moderate
DDInter110,Apraclonidine,DDInter1665,Sibutramine,Moderate
DDInter513,Dexamethasone,DDInter111,Apremilast,Moderate
DDInter1881,Troglitazone,DDInter111,Apremilast,Moderate
DDInter71,Aminoglutethimide,DDInter112,Aprepitant,Moderate
DDInter112,Aprepitant,DDInter90,Amprenavir,Moderate
DDInter112,Aprepitant,DDInter98,Anisindione,Moderate
DDInter112,Aprepitant,DDInter118,Aripiprazole,Moderate
DDInter112,Aprepitant,DDInter119,Armodafinil,Minor
DDInter128,Astemizole,DDInter112,Aprepitant,Major
DDInter112,Aprepitant,DDInter129,Atazanavir,Moderate
DDInter112,Aprepitant,DDInter133,Atorvastatin,Moderate
DDInter112,Aprepitant,DDInter141,Avanafil,Major
DDInter112,Aprepitant,DDInter142,Avapritinib,Major
DDInter112,Aprepitant,DDInter147,Axitinib,Moderate
DDInter112,Aprepitant,DDInter187,Benzphetamine,Moderate
DDInter112,Aprepitant,DDInter192,Bepridil,Moderate
DDInter195,Betamethasone,DDInter112,Aprepitant,Moderate
DDInter202,Bexarotene,DDInter112,Aprepitant,Minor
DDInter112,Aprepitant,DDInter204,Bicalutamide,Moderate
DDInter112,Aprepitant,DDInter221,Boceprevir,Moderate
DDInter222,Bortezomib,DDInter112,Aprepitant,Moderate
DDInter223,Bosentan,DDInter112,Aprepitant,Moderate
DDInter112,Aprepitant,DDInter224,Bosutinib,Major
DDInter112,Aprepitant,DDInter231,Brexpiprazole,Major
DDInter112,Aprepitant,DDInter233,Brigatinib,Major
DDInter112,Aprepitant,DDInter246,Budesonide,Moderate
DDInter112,Aprepitant,DDInter247,Budesonide (nasal),Moderate
DDInter249,Bupivacaine,DDInter112,Aprepitant,Moderate
DDInter112,Aprepitant,DDInter251,Buprenorphine,Moderate
DDInter254,Buspirone,DDInter112,Aprepitant,Moderate
DDInter112,Aprepitant,DDInter255,Busulfan,Moderate
DDInter256,Butabarbital,DDInter112,Aprepitant,Moderate
DDInter257,Butalbital,DDInter112,Aprepitant,Moderate
DDInter258,Butorphanol,DDInter112,Aprepitant,Major
DDInter112,Aprepitant,DDInter259,Cabazitaxel,Moderate
DDInter112,Aprepitant,DDInter262,Cabozantinib,Moderate
DDInter112,Aprepitant,DDInter284,Cannabidiol,Minor
DDInter112,Aprepitant,DDInter287,Capmatinib,Moderate
DDInter293,Carbamazepine,DDInter112,Aprepitant,Moderate
DDInter112,Aprepitant,DDInter300,Cariprazine,Moderate
DDInter336,Celecoxib,DDInter112,Aprepitant,Moderate
DDInter112,Aprepitant,DDInter338,Cenobamate,Moderate
DDInter112,Aprepitant,DDInter340,Ceritinib,Moderate
DDInter341,Cerivastatin,DDInter112,Aprepitant,Moderate
DDInter346,Cevimeline,DDInter112,Aprepitant,Moderate
DDInter351,Chloramphenicol,DDInter112,Aprepitant,Moderate
DDInter359,Chloroquine,DDInter112,Aprepitant,Moderate
DDInter112,Aprepitant,DDInter379,Cilostazol,Major
DDInter380,Cimetidine,DDInter112,Aprepitant,Moderate
DDInter384,Ciprofloxacin,DDInter112,Aprepitant,Moderate
DDInter385,Cisapride,DDInter112,Aprepitant,Major
DDInter388,Citalopram,DDInter112,Aprepitant,Minor
DDInter112,Aprepitant,DDInter393,Clarithromycin,Moderate
DDInter401,Clobazam,DDInter112,Aprepitant,Moderate
DDInter112,Aprepitant,DDInter411,Clonazepam,Moderate
DDInter414,Clorazepic acid,DDInter112,Aprepitant,Moderate
DDInter416,Clotrimazole,DDInter112,Aprepitant,Moderate
DDInter112,Aprepitant,DDInter424,Cobicistat,Moderate
DDInter112,Aprepitant,DDInter425,Cobimetinib,Major
DDInter112,Aprepitant,DDInter426,Cocaine (nasal),Moderate
DDInter112,Aprepitant,DDInter427,Cocaine (topical),Moderate
DDInter112,Aprepitant,DDInter431,Colchicine,Major
DDInter112,Aprepitant,DDInter438,Conivaptan,Moderate
DDInter439,Conjugated estrogens,DDInter112,Aprepitant,Moderate
DDInter440,Conjugated estrogens (topical),DDInter112,Aprepitant,Moderate
DDInter112,Aprepitant,DDInter441,Copanlisib,Moderate
DDInter112,Aprepitant,DDInter448,Crizotinib,Moderate
DDInter112,Aprepitant,DDInter454,Cyclobenzaprine,Moderate
DDInter456,Cyclophosphamide,DDInter112,Aprepitant,Moderate
DDInter458,Cyclosporine,DDInter112,Aprepitant,Moderate
DDInter112,Aprepitant,DDInter462,Dabrafenib,Moderate
DDInter112,Aprepitant,DDInter464,Daclatasvir,Moderate
DDInter475,Dapsone,DDInter112,Aprepitant,Moderate
DDInter480,Darifenacin,DDInter112,Aprepitant,Moderate
DDInter112,Aprepitant,DDInter481,Darolutamide,Minor
DDInter112,Aprepitant,DDInter482,Darunavir,Moderate
DDInter112,Aprepitant,DDInter484,Dasatinib,Moderate
DDInter112,Aprepitant,DDInter488,Deferasirox,Moderate
DDInter112,Aprepitant,DDInter492,Deflazacort,Major
DDInter112,Aprepitant,DDInter496,Delavirdine,Moderate
DDInter112,Aprepitant,DDInter513,Dexamethasone,Moderate
DDInter112,Aprepitant,DDInter534,Diazepam,Moderate
DDInter537,Diclofenac,DDInter112,Aprepitant,Moderate
DDInter542,Dicoumarol,DDInter112,Aprepitant,Moderate
DDInter112,Aprepitant,DDInter545,Dienestrol (topical),Moderate
DDInter548,Diethylstilbestrol,DDInter112,Aprepitant,Moderate
DDInter112,Aprepitant,DDInter553,Digitoxin,Moderate
DDInter557,Dihydroergotamine,DDInter112,Aprepitant,Moderate
DDInter561,Diltiazem,DDInter112,Aprepitant,Moderate
DDInter575,Disopyramide,DDInter112,Aprepitant,Moderate
DDInter112,Aprepitant,DDInter578,Docetaxel,Moderate
DDInter580,Dofetilide,DDInter112,Aprepitant,Moderate
DDInter112,Aprepitant,DDInter583,Donepezil,Minor
DDInter112,Aprepitant,DDInter585,Doravirine,Minor
DDInter112,Aprepitant,DDInter596,Doxorubicin,Moderate
DDInter112,Aprepitant,DDInter597,Doxorubicin (liposomal),Moderate
DDInter601,Dronabinol,DDInter112,Aprepitant,Moderate
DDInter112,Aprepitant,DDInter602,Dronedarone,Moderate
DDInter112,Aprepitant,DDInter604,Drospirenone,Moderate
DDInter112,Aprepitant,DDInter611,Dutasteride,Moderate
DDInter112,Aprepitant,DDInter612,Duvelisib,Moderate
DDInter112,Aprepitant,DDInter614,Echinacea,Moderate
DDInter624,Efavirenz,DDInter112,Aprepitant,Moderate
DDInter112,Aprepitant,DDInter625,Elagolix,Moderate
DDInter627,Eletriptan,DDInter112,Aprepitant,Moderate
DDInter112,Aprepitant,DDInter629,Eliglustat,Major
DDInter112,Aprepitant,DDInter640,Encorafenib,Major
DDInter112,Aprepitant,DDInter642,Enfortumab vedotin,Moderate
DDInter112,Aprepitant,DDInter648,Entrectinib,Major
DDInter112,Aprepitant,DDInter649,Enzalutamide,Moderate
DDInter112,Aprepitant,DDInter656,Eplerenone,Major
DDInter112,Aprepitant,DDInter664,Ergometrine,Moderate
DDInter112,Aprepitant,DDInter665,Ergotamine,Moderate
DDInter670,Erythromycin,DDInter112,Aprepitant,Moderate
DDInter112,Aprepitant,DDInter672,Escitalopram,Minor
DDInter112,Aprepitant,DDInter674,Eslicarbazepine,Moderate
DDInter112,Aprepitant,DDInter677,Estazolam,Moderate
DDInter112,Aprepitant,DDInter678,Esterified estrogens,Moderate
DDInter112,Aprepitant,DDInter680,Estradiol (topical),Moderate
DDInter682,Estrone,DDInter112,Aprepitant,Moderate
DDInter112,Aprepitant,DDInter683,Estrone sulfate,Moderate
DDInter112,Aprepitant,DDInter684,Estrone sulfate (topical),Moderate
DDInter685,Eszopiclone,DDInter112,Aprepitant,Moderate
DDInter112,Aprepitant,DDInter692,Ethinylestradiol,Moderate
DDInter695,Ethosuximide,DDInter112,Aprepitant,Moderate
DDInter701,Etonogestrel,DDInter112,Aprepitant,Moderate
DDInter112,Aprepitant,DDInter702,Etoposide,Moderate
DDInter112,Aprepitant,DDInter703,Etravirine,Moderate
DDInter112,Aprepitant,DDInter704,Everolimus,Major
DDInter112,Aprepitant,DDInter714,Fedratinib,Moderate
DDInter112,Aprepitant,DDInter715,Felbamate,Moderate
DDInter112,Aprepitant,DDInter716,Felodipine,Moderate
DDInter112,Aprepitant,DDInter731,Fesoterodine,Moderate
DDInter112,Aprepitant,DDInter741,Flibanserin,Major
DDInter743,Fluconazole,DDInter112,Aprepitant,Moderate
DDInter112,Aprepitant,DDInter747,Fludrocortisone,Moderate
DDInter112,Aprepitant,DDInter763,Flurbiprofen,Moderate
DDInter112,Aprepitant,DDInter766,Fluticasone,Moderate
DDInter112,Aprepitant,DDInter767,Fluticasone (nasal),Moderate
DDInter112,Aprepitant,DDInter769,Fluvastatin,Moderate
DDInter112,Aprepitant,DDInter822,Glasdegib,Moderate
DDInter825,Glimepiride,DDInter112,Aprepitant,Moderate
DDInter112,Aprepitant,DDInter826,Glipizide,Moderate
DDInter112,Aprepitant,DDInter831,Glyburide,Moderate
DDInter842,Grepafloxacin,DDInter112,Aprepitant,Moderate
DDInter843,Griseofulvin,DDInter112,Aprepitant,Moderate
DDInter112,Aprepitant,DDInter847,Guanfacine,Major
DDInter112,Aprepitant,DDInter852,Halofantrine,Major
DDInter853,Haloperidol,DDInter112,Aprepitant,Moderate
DDInter112,Aprepitant,DDInter893,Hydroxychloroquine,Moderate
DDInter112,Aprepitant,DDInter899,Ibrutinib,Major
DDInter112,Aprepitant,DDInter905,Idelalisib,Moderate
DDInter112,Aprepitant,DDInter906,Ifosfamide,Moderate
DDInter909,Imatinib,DDInter112,Aprepitant,Moderate
DDInter112,Aprepitant,DDInter915,Indacaterol,Minor
DDInter917,Indinavir,DDInter112,Aprepitant,Moderate
DDInter921,Indomethacin,DDInter112,Aprepitant,Moderate
DDInter112,Aprepitant,DDInter972,Irbesartan,Moderate
DDInter112,Aprepitant,DDInter973,Irinotecan,Moderate
DDInter112,Aprepitant,DDInter974,Irinotecan (liposomal),Moderate
DDInter112,Aprepitant,DDInter980,Isavuconazonium,Moderate
DDInter993,Isradipine,DDInter112,Aprepitant,Moderate
DDInter112,Aprepitant,DDInter994,Istradefylline,Moderate
DDInter112,Aprepitant,DDInter995,Itraconazole,Moderate
DDInter112,Aprepitant,DDInter996,Ivabradine,Major
DDInter112,Aprepitant,DDInter997,Ivacaftor,Major
DDInter998,Ivermectin,DDInter112,Aprepitant,Moderate
DDInter112,Aprepitant,DDInter1000,Ivosidenib,Major
DDInter112,Aprepitant,DDInter1001,Ixabepilone,Moderate
DDInter112,Aprepitant,DDInter1008,Ketoconazole,Moderate
DDInter1022,Lansoprazole,DDInter112,Aprepitant,Moderate
DDInter112,Aprepitant,DDInter1024,Lapatinib,Moderate
DDInter112,Aprepitant,DDInter1026,Larotrectinib,Moderate
DDInter112,Aprepitant,DDInter1032,Lefamulin,Moderate
DDInter112,Aprepitant,DDInter1034,Lemborexant,Major
DDInter112,Aprepitant,DDInter1038,Lesinurad,Moderate
DDInter112,Aprepitant,DDInter1039,Letermovir,Moderate
DDInter112,Aprepitant,DDInter1040,Letrozole,Moderate
DDInter112,Aprepitant,DDInter1045,Levamlodipine,Moderate
DDInter112,Aprepitant,DDInter1051,Levobupivacaine,Moderate
DDInter112,Aprepitant,DDInter1043,Levacetylmethadol,Major
DDInter112,Aprepitant,DDInter1085,Lomitapide,Major
DDInter112,Aprepitant,DDInter1087,Lonafarnib,Major
DDInter112,Aprepitant,DDInter1094,Lorlatinib,Moderate
DDInter112,Aprepitant,DDInter1095,Losartan,Moderate
DDInter1098,Lovastatin,DDInter112,Aprepitant,Moderate
DDInter112,Aprepitant,DDInter1102,Lumateperone,Major
DDInter112,Aprepitant,DDInter1104,Lurasidone,Major
DDInter112,Aprepitant,DDInter1105,Lurbinectedin,Major
DDInter112,Aprepitant,DDInter1111,Macitentan,Moderate
DDInter112,Aprepitant,DDInter1125,Maraviroc,Moderate
DDInter1137,Medroxyprogesterone acetate,DDInter112,Aprepitant,Moderate
DDInter112,Aprepitant,DDInter1139,Mefenamic acid,Moderate
DDInter1141,Megestrol acetate,DDInter112,Aprepitant,Moderate
DDInter112,Aprepitant,DDInter1143,Meloxicam,Moderate
DDInter112,Aprepitant,DDInter1190,Methylphenobarbital,Moderate
DDInter1166,Methadone,DDInter112,Aprepitant,Moderate
DDInter1187,Methylergometrine,DDInter112,Aprepitant,Moderate
DDInter112,Aprepitant,DDInter1191,Methylprednisolone,Moderate
DDInter1194,Methysergide,DDInter112,Aprepitant,Moderate
DDInter112,Aprepitant,DDInter1209,Miconazole,Moderate
DDInter112,Aprepitant,DDInter1212,Midazolam,Moderate
DDInter112,Aprepitant,DDInter1214,Midostaurin,Moderate
DDInter112,Aprepitant,DDInter1215,Mifepristone,Moderate
DDInter112,Aprepitant,DDInter1229,Mirabegron,Minor
DDInter1230,Mirtazapine,DDInter112,Aprepitant,Moderate
DDInter1233,Mitotane,DDInter112,Aprepitant,Moderate
DDInter112,Aprepitant,DDInter1236,Modafinil,Minor
DDInter1256,Nafcillin,DDInter112,Aprepitant,Moderate
DDInter112,Aprepitant,DDInter1258,Naldemedine,Moderate
DDInter112,Aprepitant,DDInter1261,Naloxegol,Major
DDInter112,Aprepitant,DDInter1266,Naproxen,Moderate
DDInter112,Aprepitant,DDInter1269,Nateglinide,Moderate
DDInter112,Aprepitant,DDInter1274,Nefazodone,Moderate
DDInter1276,Nelfinavir,DDInter112,Aprepitant,Moderate
DDInter112,Aprepitant,DDInter1281,Neratinib,Major
DDInter1285,Nevirapine,DDInter112,Aprepitant,Moderate
DDInter1287,Nicardipine,DDInter112,Aprepitant,Moderate
DDInter112,Aprepitant,DDInter1293,Nilotinib,Moderate
DDInter1295,Nimodipine,DDInter112,Aprepitant,Moderate
DDInter1298,Nisoldipine,DDInter112,Aprepitant,Moderate
DDInter1300,Nitisinone,DDInter112,Aprepitant,Moderate
DDInter112,Aprepitant,DDInter1315,Norgestrel,Moderate
DDInter112,Aprepitant,DDInter1327,Olaparib,Major
DDInter112,Aprepitant,DDInter1329,Oliceridine,Major
DDInter112,Aprepitant,DDInter1351,Osilodrostat,Moderate
DDInter112,Aprepitant,DDInter1352,Osimertinib,Moderate
DDInter112,Aprepitant,DDInter1360,Oxcarbazepine,Moderate
DDInter112,Aprepitant,DDInter1365,Oxybutynin,Moderate
DDInter1366,Oxycodone,DDInter112,Aprepitant,Major
DDInter112,Aprepitant,DDInter1378,Paclitaxel (protein-bound),Moderate
DDInter112,Aprepitant,DDInter1379,Palbociclib,Moderate
DDInter112,Aprepitant,DDInter1387,Panobinostat,Moderate
DDInter112,Aprepitant,DDInter1397,Paroxetine,Minor
DDInter112,Aprepitant,DDInter1400,Pazopanib,Moderate
DDInter112,Aprepitant,DDInter1415,Pemigatinib,Major
DDInter1423,Pentobarbital,DDInter112,Aprepitant,Moderate
DDInter112,Aprepitant,DDInter1435,Pexidartinib,Major
DDInter112,Aprepitant,DDInter1442,Phenobarbital,Moderate
DDInter112,Aprepitant,DDInter1451,Phenylbutazone,Moderate
DDInter1460,Phenytoin,DDInter112,Aprepitant,Moderate
DDInter112,Aprepitant,DDInter1467,Pimavanserin,Moderate
DDInter1469,Pimecrolimus (topical),DDInter112,Aprepitant,Minor
DDInter112,Aprepitant,DDInter1470,Pimozide,Major
DDInter1478,Piroxicam,DDInter112,Aprepitant,Moderate
DDInter112,Aprepitant,DDInter1485,Polatuzumab vedotin,Moderate
DDInter112,Aprepitant,DDInter1492,Ponatinib,Moderate
DDInter112,Aprepitant,DDInter1494,Posaconazole,Moderate
DDInter112,Aprepitant,DDInter1504,Pralsetinib,Moderate
DDInter112,Aprepitant,DDInter1513,Prednisolone,Moderate
DDInter1515,Prednisone,DDInter112,Aprepitant,Moderate
DDInter112,Aprepitant,DDInter1521,Primidone,Moderate
DDInter1529,Progesterone,DDInter112,Aprepitant,Moderate
DDInter1530,Progesterone (topical),DDInter112,Aprepitant,Moderate
DDInter112,Aprepitant,DDInter1534,Propafenone,Moderate
DDInter112,Aprepitant,DDInter1552,Quazepam,Moderate
DDInter112,Aprepitant,DDInter1553,Quetiapine,Moderate
DDInter112,Aprepitant,DDInter1555,Quinestrol,Moderate
DDInter112,Aprepitant,DDInter1556,Quinidine,Moderate
DDInter1557,Quinine,DDInter112,Aprepitant,Moderate
DDInter1570,Ranolazine,DDInter112,Aprepitant,Major
DDInter112,Aprepitant,DDInter1581,Repaglinide,Moderate
DDInter112,Aprepitant,DDInter1584,Retapamulin (topical),Minor
DDInter112,Aprepitant,DDInter1588,Ribociclib,Moderate
DDInter1589,Rifabutin,DDInter112,Aprepitant,Moderate
DDInter112,Aprepitant,DDInter1590,Rifampicin,Moderate
DDInter112,Aprepitant,DDInter1592,Rifapentine,Moderate
DDInter112,Aprepitant,DDInter1595,Rilpivirine,Moderate
DDInter112,Aprepitant,DDInter1598,Rimegepant,Moderate
DDInter112,Aprepitant,DDInter1601,Ripretinib,Moderate
DDInter1607,Ritonavir,DDInter112,Aprepitant,Moderate
DDInter112,Aprepitant,DDInter1609,Rivaroxaban,Moderate
DDInter1620,Ropivacaine,DDInter112,Aprepitant,Minor
DDInter112,Aprepitant,DDInter1626,Rucaparib,Moderate
DDInter112,Aprepitant,DDInter1628,Ruxolitinib,Minor
DDInter112,Aprepitant,DDInter1640,Saquinavir,Moderate
DDInter112,Aprepitant,DDInter1646,Saxagliptin,Moderate
DDInter1650,Secobarbital,DDInter112,Aprepitant,Moderate
DDInter112,Aprepitant,DDInter1658,Selpercatinib,Major
DDInter112,Aprepitant,DDInter1659,Selumetinib,Major
DDInter112,Aprepitant,DDInter1665,Sibutramine,Minor
DDInter1666,Sildenafil,DDInter112,Aprepitant,Moderate
DDInter112,Aprepitant,DDInter1667,Silodosin,Moderate
DDInter1675,Simvastatin,DDInter112,Aprepitant,Moderate
DDInter112,Aprepitant,DDInter1676,Siponimod,Major
DDInter112,Aprepitant,DDInter1678,Sirolimus,Moderate
DDInter112,Aprepitant,DDInter1696,Solifenacin,Moderate
DDInter112,Aprepitant,DDInter1698,Somapacitan,Moderate
DDInter112,Aprepitant,DDInter1700,Somatrem,Moderate
DDInter1699,Somatotropin,DDInter112,Aprepitant,Moderate
DDInter112,Aprepitant,DDInter1701,Sonidegib,Major
DDInter112,Aprepitant,DDInter1708,St. John's Wort,Moderate
DDInter112,Aprepitant,DDInter1711,Stiripentol,Moderate
DDInter112,Aprepitant,DDInter1718,Sufentanil,Moderate
DDInter112,Aprepitant,DDInter1726,Sulfinpyrazone,Moderate
DDInter112,Aprepitant,DDInter1733,Suvorexant,Major
DDInter112,Aprepitant,DDInter1735,Tacrolimus,Moderate
DDInter112,Aprepitant,DDInter1736,Tadalafil,Moderate
DDInter112,Aprepitant,DDInter1744,Tamoxifen,Moderate
DDInter112,Aprepitant,DDInter1745,Tamsulosin,Moderate
DDInter112,Aprepitant,DDInter1747,Tasimelteon,Moderate
DDInter112,Aprepitant,DDInter1750,Tazemetostat,Major
DDInter112,Aprepitant,DDInter1755,Telaprevir,Moderate
DDInter112,Aprepitant,DDInter1758,Telithromycin,Moderate
DDInter112,Aprepitant,DDInter1760,Telotristat ethyl,Moderate
DDInter112,Aprepitant,DDInter1763,Temsirolimus,Moderate
DDInter1765,Teniposide,DDInter112,Aprepitant,Moderate
DDInter1770,Terfenadine,DDInter112,Aprepitant,Major
DDInter1776,Testosterone (topical),DDInter112,Aprepitant,Moderate
DDInter112,Aprepitant,DDInter1801,Tiagabine,Moderate
DDInter112,Aprepitant,DDInter1802,Ticagrelor,Moderate
DDInter112,Aprepitant,DDInter1825,Tofacitinib,Moderate
DDInter112,Aprepitant,DDInter1828,Tolbutamide,Moderate
DDInter112,Aprepitant,DDInter1832,Tolterodine,Moderate
DDInter112,Aprepitant,DDInter1833,Tolvaptan,Moderate
DDInter1837,Toremifene,DDInter112,Aprepitant,Moderate
DDInter112,Aprepitant,DDInter1840,Trabectedin,Moderate
DDInter1851,Trazodone,DDInter112,Aprepitant,Moderate
DDInter112,Aprepitant,DDInter1853,Tretinoin,Moderate
DDInter1855,Triamcinolone,DDInter112,Aprepitant,Moderate
DDInter112,Aprepitant,DDInter1860,Triazolam,Moderate
DDInter1881,Troglitazone,DDInter112,Aprepitant,Moderate
DDInter112,Aprepitant,DDInter1882,Troleandomycin,Moderate
DDInter112,Aprepitant,DDInter1891,Tucatinib,Moderate
DDInter112,Aprepitant,DDInter1896,Ubrogepant,Moderate
DDInter112,Aprepitant,DDInter1897,Ulipristal,Minor
DDInter112,Aprepitant,DDInter1901,Upadacitinib,Moderate
DDInter1910,Valdecoxib,DDInter112,Aprepitant,Moderate
DDInter112,Aprepitant,DDInter1918,Vardenafil,Moderate
DDInter112,Aprepitant,DDInter1925,Vemurafenib,Moderate
DDInter112,Aprepitant,DDInter1926,Venetoclax,Major
DDInter1927,Venlafaxine,DDInter112,Aprepitant,Moderate
DDInter1928,Verapamil,DDInter112,Aprepitant,Moderate
DDInter112,Aprepitant,DDInter1935,Vilazodone,Moderate
DDInter1936,Vinblastine,DDInter112,Aprepitant,Moderate
DDInter1937,Vincristine,DDInter112,Aprepitant,Moderate
DDInter1938,Vincristine (liposome),DDInter112,Aprepitant,Moderate
DDInter1939,Vinorelbine,DDInter112,Aprepitant,Moderate
DDInter1946,Voriconazole,DDInter112,Aprepitant,Moderate
DDInter112,Aprepitant,DDInter1949,Voxelotor,Moderate
DDInter112,Aprepitant,DDInter1951,Warfarin,Moderate
DDInter1955,Zafirlukast,DDInter112,Aprepitant,Moderate
DDInter112,Aprepitant,DDInter1959,Zanubrutinib,Major
DDInter1967,Ziprasidone,DDInter112,Aprepitant,Minor
DDInter1970,Zolpidem,DDInter112,Aprepitant,Moderate
DDInter112,Aprepitant,DDInter1971,Zonisamide,Moderate
DDInter508,Desogestrel,DDInter36,Albiglutide,Moderate
DDInter508,Desogestrel,DDInter51,Alogliptin,Moderate
DDInter508,Desogestrel,DDInter112,Aprepitant,Moderate
DDInter416,Clotrimazole,DDInter692,Ethinylestradiol,Moderate
DDInter508,Desogestrel,DDInter474,Dapagliflozin,Moderate
DDInter508,Desogestrel,DDInter669,Ertugliflozin,Moderate
DDInter692,Ethinylestradiol,DDInter706,Exenatide,Moderate
DDInter508,Desogestrel,DDInter833,Glycerol phenylbutyrate,Moderate
DDInter508,Desogestrel,DDInter929,Insulin aspart (aspart),Moderate
DDInter508,Desogestrel,DDInter928,Insulin aspart (aspart protamine),Moderate
DDInter508,Desogestrel,DDInter930,Insulin degludec,Moderate
DDInter508,Desogestrel,DDInter931,Insulin detemir,Moderate
DDInter508,Desogestrel,DDInter933,Insulin glulisine,Moderate
DDInter935,"Insulin human (inhalation, rapid acting)",DDInter692,Ethinylestradiol,Moderate
DDInter941,Insulin lispro (protamine),DDInter508,Desogestrel,Moderate
DDInter939,Insulin human (zinc),DDInter508,Desogestrel,Moderate
DDInter508,Desogestrel,DDInter1070,Linagliptin,Moderate
DDInter508,Desogestrel,DDInter1077,Liraglutide,Moderate
DDInter508,Desogestrel,DDInter1082,Lixisenatide,Moderate
DDInter508,Desogestrel,DDInter1164,Metformin,Moderate
DDInter508,Desogestrel,DDInter1201,Metreleptin,Moderate
DDInter508,Desogestrel,DDInter1269,Nateglinide,Moderate
DDInter692,Ethinylestradiol,DDInter1506,Pramlintide,Moderate
DDInter692,Ethinylestradiol,DDInter1544,Prucalopride,Moderate
DDInter508,Desogestrel,DDInter1621,Rosiglitazone,Moderate
DDInter508,Desogestrel,DDInter1622,Rosuvastatin,Minor
DDInter508,Desogestrel,DDInter1646,Saxagliptin,Moderate
DDInter692,Ethinylestradiol,DDInter1660,Semaglutide,Moderate
DDInter508,Desogestrel,DDInter1679,Sitagliptin,Moderate
DDInter1881,Troglitazone,DDInter508,Desogestrel,Moderate
DDInter1158,Mesalazine,DDInter16,Acetohexamide,Moderate
DDInter1158,Mesalazine,DDInter67,Amikacin (liposome),Moderate
DDInter1158,Mesalazine,DDInter86,Amphotericin B (cholesteryl sulfate),Moderate
DDInter1158,Mesalazine,DDInter88,Amphotericin B (liposomal),Moderate
DDInter1158,Mesalazine,DDInter98,Anisindione,Moderate
DDInter1158,Mesalazine,DDInter150,Azathioprine,Moderate
DDInter1158,Mesalazine,DDInter161,Bacitracin,Moderate
DDInter1158,Mesalazine,DDInter868,Human botulinum neurotoxin A/B immune globulin,Major
DDInter1158,Mesalazine,DDInter241,Bromfenac,Moderate
DDInter1158,Mesalazine,DDInter288,Capreomycin,Moderate
DDInter1158,Mesalazine,DDInter364,Chlorpropamide,Moderate
DDInter1158,Mesalazine,DDInter378,Cidofovir,Major
DDInter1158,Mesalazine,DDInter387,Cisplatin,Moderate
DDInter1158,Mesalazine,DDInter405,Clofarabine,Moderate
DDInter1158,Mesalazine,DDInter434,Colistimethate,Moderate
DDInter458,Cyclosporine,DDInter1158,Mesalazine,Moderate
DDInter1158,Mesalazine,DDInter870,Human cytomegalovirus immune globulin,Major
DDInter1158,Mesalazine,DDInter488,Deferasirox,Major
DDInter1158,Mesalazine,DDInter533,Diatrizoate,Major
DDInter1158,Mesalazine,DDInter537,Diclofenac,Moderate
DDInter1158,Mesalazine,DDInter542,Dicoumarol,Moderate
DDInter1158,Mesalazine,DDInter551,Diflunisal,Moderate
DDInter1158,Mesalazine,DDInter647,Entecavir,Moderate
DDInter1158,Mesalazine,DDInter698,Etidronic acid,Moderate
DDInter1158,Mesalazine,DDInter699,Etodolac,Moderate
DDInter1158,Mesalazine,DDInter706,Exenatide,Moderate
DDInter1158,Mesalazine,DDInter721,Fenoprofen,Moderate
DDInter1158,Mesalazine,DDInter744,Flucytosine,Moderate
DDInter1158,Mesalazine,DDInter763,Flurbiprofen,Moderate
DDInter1158,Mesalazine,DDInter779,Foscarnet,Moderate
DDInter1158,Mesalazine,DDInter804,Gallium nitrate,Moderate
DDInter1158,Mesalazine,DDInter815,Gentamicin,Moderate
DDInter1158,Mesalazine,DDInter821,Givosiran,Moderate
DDInter825,Glimepiride,DDInter1158,Mesalazine,Moderate
DDInter1158,Mesalazine,DDInter826,Glipizide,Moderate
DDInter1158,Mesalazine,DDInter831,Glyburide,Moderate
DDInter1158,Mesalazine,DDInter897,Ibandronate,Moderate
DDInter873,Human immunoglobulin G (intravenous),DDInter1158,Mesalazine,Major
DDInter872,Human immunoglobulin G (intravenous and subcutaneous),DDInter1158,Mesalazine,Major
DDInter1158,Mesalazine,DDInter921,Indomethacin,Moderate
DDInter1158,Mesalazine,DDInter926,Inotersen,Major
DDInter1158,Mesalazine,DDInter952,Iobenguane (I-131),Moderate
DDInter1158,Mesalazine,DDInter957,Iodipamide,Major
DDInter1158,Mesalazine,DDInter958,Iodixanol,Major
DDInter1158,Mesalazine,DDInter960,Iohexol,Major
DDInter1158,Mesalazine,DDInter961,Iopamidol,Major
DDInter1158,Mesalazine,DDInter964,Iopromide,Major
DDInter1158,Mesalazine,DDInter965,Iothalamic acid,Major
DDInter1158,Mesalazine,DDInter966,Ioversol,Major
DDInter1158,Mesalazine,DDInter967,Ioxilan,Major
DDInter1158,Mesalazine,DDInter1004,Kanamycin,Moderate
DDInter1158,Mesalazine,DDInter1009,Ketoprofen,Moderate
DDInter1158,Mesalazine,DDInter1081,Lithium carbonate,Moderate
DDInter1158,Mesalazine,DDInter1108,Lutetium Lu 177 dotatate,Moderate
DDInter1158,Mesalazine,DDInter1135,Meclofenamic acid,Moderate
DDInter1158,Mesalazine,DDInter1139,Mefenamic acid,Moderate
DDInter1158,Mesalazine,DDInter1143,Meloxicam,Moderate
DDInter1158,Mesalazine,DDInter1156,Mercaptopurine,Moderate
DDInter1158,Mesalazine,DDInter1174,Methotrexate,Moderate
DDInter1158,Mesalazine,DDInter1179,Methoxyflurane,Moderate
DDInter1158,Mesalazine,DDInter1246,Moxetumomab Pasudotox,Moderate
DDInter1158,Mesalazine,DDInter1254,Nabumetone,Moderate
DDInter1158,Mesalazine,DDInter1266,Naproxen,Moderate
DDInter1158,Mesalazine,DDInter1269,Nateglinide,Moderate
DDInter1158,Mesalazine,DDInter1277,Neomycin,Moderate
DDInter1158,Mesalazine,DDInter1283,Netilmicin,Moderate
DDInter1158,Mesalazine,DDInter1355,Oxaliplatin,Moderate
DDInter1158,Mesalazine,DDInter1358,Oxaprozin,Moderate
DDInter1158,Mesalazine,DDInter1383,Pamidronic acid,Moderate
DDInter1158,Mesalazine,DDInter1414,Pemetrexed,Moderate
DDInter1158,Mesalazine,DDInter1420,Pentamidine,Moderate
DDInter1158,Mesalazine,DDInter1451,Phenylbutazone,Moderate
DDInter1158,Mesalazine,DDInter1478,Piroxicam,Moderate
DDInter1158,Mesalazine,DDInter1482,Plazomicin,Moderate
DDInter1158,Mesalazine,DDInter1489,Polymyxin B,Moderate
DDInter1158,Mesalazine,DDInter1578,Remdesivir,Moderate
DDInter1158,Mesalazine,DDInter1581,Repaglinide,Moderate
DDInter1158,Mesalazine,DDInter877,Human Rho(D) immune globulin,Major
DDInter1158,Mesalazine,DDInter1613,Rofecoxib,Moderate
DDInter1158,Mesalazine,DDInter1637,Salsalate,Moderate
DDInter1158,Mesalazine,DDInter1678,Sirolimus,Major
DDInter1158,Mesalazine,DDInter1713,Streptomycin,Moderate
DDInter1158,Mesalazine,DDInter1729,Sulindac,Moderate
DDInter1158,Mesalazine,DDInter1735,Tacrolimus,Major
DDInter1158,Mesalazine,DDInter1756,Telavancin,Moderate
DDInter1158,Mesalazine,DDInter1757,Telbivudine,Moderate
DDInter1158,Mesalazine,DDInter1763,Temsirolimus,Moderate
DDInter1158,Mesalazine,DDInter1814,Tioguanine,Moderate
DDInter1158,Mesalazine,DDInter1822,Tobramycin,Moderate
DDInter1158,Mesalazine,DDInter1826,Tolazamide,Moderate
DDInter1158,Mesalazine,DDInter1828,Tolbutamide,Moderate
DDInter1158,Mesalazine,DDInter1831,Tolmetin,Moderate
DDInter1158,Mesalazine,DDInter1908,Valaciclovir,Moderate
DDInter1158,Mesalazine,DDInter1910,Valdecoxib,Moderate
DDInter1158,Mesalazine,DDInter1916,Vancomycin,Moderate
DDInter1158,Mesalazine,DDInter1920,Varicella Zoster Vaccine (Recombinant),Moderate
DDInter1158,Mesalazine,DDInter1951,Warfarin,Moderate
DDInter1158,Mesalazine,DDInter1968,Zoledronic acid,Moderate
DDInter168,Beclomethasone dipropionate,DDInter116,Arformoterol,Minor
DDInter195,Betamethasone,DDInter116,Arformoterol,Minor
DDInter246,Budesonide,DDInter116,Arformoterol,Minor
DDInter385,Cisapride,DDInter116,Arformoterol,Moderate
DDInter393,Clarithromycin,DDInter116,Arformoterol,Moderate
DDInter513,Dexamethasone,DDInter116,Arformoterol,Minor
DDInter547,Diethylpropion,DDInter116,Arformoterol,Moderate
DDInter581,Dolasetron,DDInter116,Arformoterol,Moderate
DDInter116,Arformoterol,DDInter650,Ephedrine,Moderate
DDInter116,Arformoterol,DDInter651,Ephedrine (nasal),Moderate
DDInter653,Epinephrine (ophthalmic),DDInter116,Arformoterol,Moderate
DDInter654,Epinephrine (topical),DDInter116,Arformoterol,Moderate
DDInter717,Fenfluramine,DDInter116,Arformoterol,Moderate
DDInter840,Granisetron,DDInter116,Arformoterol,Moderate
DDInter935,"Insulin human (inhalation, rapid acting)",DDInter116,Arformoterol,Moderate
DDInter1055,Levofloxacin,DDInter116,Arformoterol,Moderate
DDInter1123,Mannitol,DDInter116,Arformoterol,Moderate
DDInter1126,Mazindol,DDInter116,Arformoterol,Moderate
DDInter1342,Ondansetron,DDInter116,Arformoterol,Moderate
DDInter1382,Palonosetron,DDInter116,Arformoterol,Moderate
DDInter1447,Phentermine,DDInter116,Arformoterol,Moderate
DDInter1513,Prednisolone,DDInter116,Arformoterol,Minor
DDInter1515,Prednisone,DDInter116,Arformoterol,Minor
DDInter1665,Sibutramine,DDInter116,Arformoterol,Moderate
DDInter1855,Triamcinolone,DDInter116,Arformoterol,Minor
DDInter16,Acetohexamide,DDInter118,Aripiprazole,Moderate
DDInter136,Atropine,DDInter118,Aripiprazole,Moderate
DDInter118,Aripiprazole,DDInter280,Canagliflozin,Moderate
DDInter364,Chlorpropamide,DDInter118,Aripiprazole,Moderate
DDInter380,Cimetidine,DDInter118,Aripiprazole,Moderate
DDInter385,Cisapride,DDInter118,Aripiprazole,Moderate
DDInter393,Clarithromycin,DDInter118,Aripiprazole,Moderate
DDInter397,Clidinium,DDInter118,Aripiprazole,Moderate
DDInter416,Clotrimazole,DDInter118,Aripiprazole,Moderate
DDInter118,Aripiprazole,DDInter474,Dapagliflozin,Moderate
DDInter513,Dexamethasone,DDInter118,Aripiprazole,Moderate
DDInter518,Dexfenfluramine,DDInter118,Aripiprazole,Moderate
DDInter543,Dicyclomine,DDInter118,Aripiprazole,Moderate
DDInter581,Dolasetron,DDInter118,Aripiprazole,Moderate
DDInter601,Dronabinol,DDInter118,Aripiprazole,Moderate
DDInter118,Aripiprazole,DDInter607,Dulaglutide,Moderate
DDInter118,Aripiprazole,DDInter629,Eliglustat,Moderate
DDInter118,Aripiprazole,DDInter632,Eluxadoline,Moderate
DDInter118,Aripiprazole,DDInter636,Empagliflozin,Moderate
DDInter118,Aripiprazole,DDInter669,Ertugliflozin,Moderate
DDInter118,Aripiprazole,DDInter706,Exenatide,Moderate
DDInter717,Fenfluramine,DDInter118,Aripiprazole,Moderate
DDInter825,Glimepiride,DDInter118,Aripiprazole,Moderate
DDInter826,Glipizide,DDInter118,Aripiprazole,Moderate
DDInter831,Glyburide,DDInter118,Aripiprazole,Moderate
DDInter118,Aripiprazole,DDInter833,Glycerol phenylbutyrate,Moderate
DDInter834,Glycopyrronium,DDInter118,Aripiprazole,Moderate
DDInter835,Glycopyrronium (topical),DDInter118,Aripiprazole,Moderate
DDInter840,Granisetron,DDInter118,Aripiprazole,Moderate
DDInter934,Insulin human,DDInter118,Aripiprazole,Moderate
DDInter118,Aripiprazole,DDInter929,Insulin aspart (aspart),Moderate
DDInter118,Aripiprazole,DDInter928,Insulin aspart (aspart protamine),Moderate
DDInter118,Aripiprazole,DDInter930,Insulin degludec,Moderate
DDInter118,Aripiprazole,DDInter931,Insulin detemir,Moderate
DDInter932,Insulin glargine,DDInter118,Aripiprazole,Moderate
DDInter118,Aripiprazole,DDInter933,Insulin glulisine,Moderate
DDInter935,"Insulin human (inhalation, rapid acting)",DDInter118,Aripiprazole,Moderate
DDInter936,Insulin human (isophane),DDInter118,Aripiprazole,Moderate
DDInter940,Insulin lispro,DDInter118,Aripiprazole,Moderate
DDInter941,Insulin lispro (protamine),DDInter118,Aripiprazole,Moderate
DDInter937,Insulin human (regular),DDInter118,Aripiprazole,Moderate
DDInter939,Insulin human (zinc),DDInter118,Aripiprazole,Moderate
DDInter938,Insulin human (zinc extended),DDInter118,Aripiprazole,Moderate
DDInter1055,Levofloxacin,DDInter118,Aripiprazole,Moderate
DDInter118,Aripiprazole,DDInter1070,Linagliptin,Moderate
DDInter118,Aripiprazole,DDInter1077,Liraglutide,Moderate
DDInter118,Aripiprazole,DDInter1082,Lixisenatide,Moderate
DDInter118,Aripiprazole,DDInter1093,Lorcaserin,Moderate
DDInter118,Aripiprazole,DDInter1149,Mepenzolate,Moderate
DDInter118,Aripiprazole,DDInter1180,Methscopolamine,Moderate
DDInter1197,Metoclopramide,DDInter118,Aripiprazole,Major
DDInter1202,Metronidazole,DDInter118,Aripiprazole,Minor
DDInter1209,Miconazole,DDInter118,Aripiprazole,Moderate
DDInter1217,Miglitol,DDInter118,Aripiprazole,Moderate
DDInter1244,Morphine,DDInter118,Aripiprazole,Major
DDInter1245,Morphine (liposomal),DDInter118,Aripiprazole,Major
DDInter1253,Nabilone,DDInter118,Aripiprazole,Moderate
DDInter1269,Nateglinide,DDInter118,Aripiprazole,Moderate
DDInter1342,Ondansetron,DDInter118,Aripiprazole,Moderate
DDInter118,Aripiprazole,DDInter1344,Opium,Moderate
DDInter1382,Palonosetron,DDInter118,Aripiprazole,Moderate
DDInter1389,Papaverine,DDInter118,Aripiprazole,Moderate
DDInter118,Aripiprazole,DDInter1487,Polyethylene glycol (3350 with electrolytes),Moderate
DDInter118,Aripiprazole,DDInter1506,Pramlintide,Moderate
DDInter1535,Propantheline,DDInter118,Aripiprazole,Moderate
DDInter1581,Repaglinide,DDInter118,Aripiprazole,Moderate
DDInter118,Aripiprazole,DDInter1615,Rolapitant,Moderate
DDInter1621,Rosiglitazone,DDInter118,Aripiprazole,Moderate
DDInter118,Aripiprazole,DDInter1646,Saxagliptin,Moderate
DDInter1647,Scopolamine,DDInter118,Aripiprazole,Moderate
DDInter118,Aripiprazole,DDInter1660,Semaglutide,Moderate
DDInter1665,Sibutramine,DDInter118,Aripiprazole,Moderate
DDInter118,Aripiprazole,DDInter1679,Sitagliptin,Moderate
DDInter1826,Tolazamide,DDInter118,Aripiprazole,Moderate
DDInter1828,Tolbutamide,DDInter118,Aripiprazole,Moderate
DDInter1881,Troglitazone,DDInter118,Aripiprazole,Moderate
DDInter1886,Trospium,DDInter118,Aripiprazole,Moderate
DDInter16,Acetohexamide,DDInter1855,Triamcinolone,Moderate
DDInter1855,Triamcinolone,DDInter867,Human adenovirus e serotype 4 strain cl-68578 antigen,Moderate
DDInter1855,Triamcinolone,DDInter58,Aluminum hydroxide,Minor
DDInter1855,Triamcinolone,DDInter61,Ambenonium,Moderate
DDInter1855,Triamcinolone,DDInter74,Aminophylline,Moderate
DDInter1855,Triamcinolone,DDInter86,Amphotericin B (cholesteryl sulfate),Moderate
DDInter1855,Triamcinolone,DDInter88,Amphotericin B (liposomal),Moderate
DDInter1855,Triamcinolone,DDInter90,Amprenavir,Major
DDInter1855,Triamcinolone,DDInter98,Anisindione,Moderate
DDInter1855,Triamcinolone,DDInter119,Armodafinil,Minor
DDInter1855,Triamcinolone,DDInter126,Asparaginase Erwinia chrysanthemi,Moderate
DDInter127,Asparaginase Escherichia coli,DDInter1855,Triamcinolone,Moderate
DDInter1855,Triamcinolone,DDInter20,Acetylsalicylic acid,Moderate
DDInter1855,Triamcinolone,DDInter129,Atazanavir,Major
DDInter130,Atenolol,DDInter1855,Triamcinolone,Moderate
DDInter1855,Triamcinolone,DDInter131,Atezolizumab,Moderate
DDInter1855,Triamcinolone,DDInter156,Azilsartan medoxomil,Moderate
DDInter1855,Triamcinolone,DDInter165,Baricitinib,Major
DDInter1855,Triamcinolone,DDInter160,Bacillus calmette-guerin substrain tice live antigen,Major
DDInter1855,Triamcinolone,DDInter176,Bempedoic acid,Major
DDInter177,Benazepril,DDInter1855,Triamcinolone,Moderate
DDInter179,Bendroflumethiazide,DDInter1855,Triamcinolone,Moderate
DDInter188,Benzthiazide,DDInter1855,Triamcinolone,Moderate
DDInter197,Betaxolol,DDInter1855,Triamcinolone,Moderate
DDInter202,Bexarotene,DDInter1855,Triamcinolone,Moderate
DDInter1855,Triamcinolone,DDInter206,Bifidobacterium longum infantis,Moderate
DDInter1855,Triamcinolone,DDInter212,Bisacodyl,Moderate
DDInter216,Bisoprolol,DDInter1855,Triamcinolone,Moderate
DDInter1855,Triamcinolone,DDInter221,Boceprevir,Major
DDInter223,Bosentan,DDInter1855,Triamcinolone,Moderate
DDInter1855,Triamcinolone,DDInter241,Bromfenac,Moderate
DDInter1855,Triamcinolone,DDInter248,Bumetanide,Moderate
DDInter256,Butabarbital,DDInter1855,Triamcinolone,Moderate
DDInter1855,Triamcinolone,DDInter264,Calaspargase pegol,Moderate
DDInter1855,Triamcinolone,DDInter271,Calcium carbonate,Minor
DDInter1855,Triamcinolone,DDInter280,Canagliflozin,Moderate
DDInter1855,Triamcinolone,DDInter281,Canakinumab,Moderate
DDInter1855,Triamcinolone,DDInter282,Candida albicans,Moderate
DDInter288,Capreomycin,DDInter1855,Triamcinolone,Moderate
DDInter1855,Triamcinolone,DDInter292,Captopril,Moderate
DDInter293,Carbamazepine,DDInter1855,Triamcinolone,Moderate
DDInter303,Carteolol,DDInter1855,Triamcinolone,Moderate
DDInter1855,Triamcinolone,DDInter305,Carvedilol,Moderate
DDInter1855,Triamcinolone,DDInter787,Frangula purshiana bark,Moderate
DDInter1855,Triamcinolone,DDInter307,Castor oil,Moderate
DDInter336,Celecoxib,DDInter1855,Triamcinolone,Moderate
DDInter1855,Triamcinolone,DDInter337,Cemiplimab,Moderate
DDInter1855,Triamcinolone,DDInter338,Cenobamate,Moderate
DDInter1855,Triamcinolone,DDInter340,Ceritinib,Major
DDInter1855,Triamcinolone,DDInter342,Certolizumab pegol,Major
DDInter1855,Triamcinolone,DDInter360,Chlorothiazide,Moderate
DDInter1855,Triamcinolone,DDInter364,Chlorpropamide,Moderate
DDInter365,Chlorthalidone,DDInter1855,Triamcinolone,Moderate
DDInter1855,Triamcinolone,DDInter1931,Vibrio cholerae CVD 103-HgR strain live antigen,Moderate
DDInter1855,Triamcinolone,DDInter1932,Vibrio cholerae CVD 103-HgR strain live antigen (live),Moderate
DDInter1855,Triamcinolone,DDInter368,Cholestyramine,Moderate
DDInter1855,Triamcinolone,DDInter370,Choline salicylate,Moderate
DDInter1855,Triamcinolone,DDInter383,Cinoxacin,Major
DDInter384,Ciprofloxacin,DDInter1855,Triamcinolone,Major
DDInter387,Cisplatin,DDInter1855,Triamcinolone,Moderate
DDInter392,Cladribine,DDInter1855,Triamcinolone,Major
DDInter1855,Triamcinolone,DDInter393,Clarithromycin,Major
DDInter1855,Triamcinolone,DDInter396,Clevidipine,Moderate
DDInter412,Clonidine,DDInter1855,Triamcinolone,Moderate
DDInter1855,Triamcinolone,DDInter424,Cobicistat,Major
DDInter1855,Triamcinolone,DDInter428,Coccidioides immitis spherule,Moderate
DDInter1855,Triamcinolone,DDInter432,Colesevelam,Moderate
DDInter433,Colestipol,DDInter1855,Triamcinolone,Moderate
DDInter1855,Triamcinolone,DDInter438,Conivaptan,Major
DDInter439,Conjugated estrogens,DDInter1855,Triamcinolone,Moderate
DDInter440,Conjugated estrogens (topical),DDInter1855,Triamcinolone,Moderate
DDInter458,Cyclosporine,DDInter1855,Triamcinolone,Moderate
DDInter1855,Triamcinolone,DDInter462,Dabrafenib,Moderate
DDInter1855,Triamcinolone,DDInter474,Dapagliflozin,Moderate
DDInter1855,Triamcinolone,DDInter482,Darunavir,Moderate
DDInter1855,Triamcinolone,DDInter488,Deferasirox,Major
DDInter1855,Triamcinolone,DDInter495,Delafloxacin,Major
DDInter1855,Triamcinolone,DDInter496,Delavirdine,Major
DDInter1855,Triamcinolone,DDInter500,Denosumab,Moderate
DDInter1855,Triamcinolone,DDInter502,Deserpidine,Moderate
DDInter1855,Triamcinolone,DDInter505,Desirudin,Major
DDInter507,Desmopressin,DDInter1855,Triamcinolone,Major
DDInter1855,Triamcinolone,DDInter535,Diazoxide,Moderate
DDInter1855,Triamcinolone,DDInter540,Diclofenamide,Moderate
DDInter537,Diclofenac,DDInter1855,Triamcinolone,Moderate
DDInter542,Dicoumarol,DDInter1855,Triamcinolone,Moderate
DDInter1855,Triamcinolone,DDInter545,Dienestrol (topical),Moderate
DDInter548,Diethylstilbestrol,DDInter1855,Triamcinolone,Moderate
DDInter1855,Triamcinolone,DDInter551,Diflunisal,Moderate
DDInter1855,Triamcinolone,DDInter553,Digitoxin,Moderate
DDInter554,Digoxin,DDInter1855,Triamcinolone,Moderate
DDInter561,Diltiazem,DDInter1855,Triamcinolone,Moderate
DDInter1855,Triamcinolone,DDInter564,Dimethyl fumarate,Moderate
DDInter1855,Triamcinolone,DDInter568,Dinutuximab,Major
DDInter1855,Triamcinolone,DDInter574,Diroximel fumarate,Moderate
DDInter575,Disopyramide,DDInter1855,Triamcinolone,Moderate
DDInter1855,Triamcinolone,DDInter590,Doxacurium,Moderate
DDInter592,Doxazosin,DDInter1855,Triamcinolone,Moderate
DDInter1855,Triamcinolone,DDInter607,Dulaglutide,Moderate
DDInter1855,Triamcinolone,DDInter610,Durvalumab,Moderate
DDInter1855,Triamcinolone,DDInter612,Duvelisib,Moderate
DDInter1855,Triamcinolone,DDInter614,Echinacea,Minor
DDInter1855,Triamcinolone,DDInter622,Edrophonium,Moderate
DDInter623,Efalizumab,DDInter1855,Triamcinolone,Moderate
DDInter1855,Triamcinolone,DDInter624,Efavirenz,Moderate
DDInter1855,Triamcinolone,DDInter636,Empagliflozin,Moderate
DDInter638,Enalapril,DDInter1855,Triamcinolone,Moderate
DDInter644,Enoxacin,DDInter1855,Triamcinolone,Major
DDInter1855,Triamcinolone,DDInter656,Eplerenone,Moderate
DDInter1855,Triamcinolone,DDInter658,Eprosartan,Moderate
DDInter1855,Triamcinolone,DDInter669,Ertugliflozin,Moderate
DDInter670,Erythromycin,DDInter1855,Triamcinolone,Moderate
DDInter1855,Triamcinolone,DDInter678,Esterified estrogens,Moderate
DDInter1855,Triamcinolone,DDInter680,Estradiol (topical),Moderate
DDInter1855,Triamcinolone,DDInter681,Estramustine,Moderate
DDInter1855,Triamcinolone,DDInter682,Estrone,Moderate
DDInter1855,Triamcinolone,DDInter683,Estrone sulfate,Moderate
DDInter1855,Triamcinolone,DDInter684,Estrone sulfate (topical),Moderate
DDInter687,Etanercept,DDInter1855,Triamcinolone,Major
DDInter1855,Triamcinolone,DDInter686,Etacrynic acid,Moderate
DDInter1855,Triamcinolone,DDInter696,Ethotoin,Moderate
DDInter1855,Triamcinolone,DDInter699,Etodolac,Moderate
DDInter1855,Triamcinolone,DDInter703,Etravirine,Moderate
DDInter1855,Triamcinolone,DDInter706,Exenatide,Moderate
DDInter1855,Triamcinolone,DDInter714,Fedratinib,Moderate
DDInter1855,Triamcinolone,DDInter716,Felodipine,Moderate
DDInter1855,Triamcinolone,DDInter720,Fenoldopam,Moderate
DDInter721,Fenoprofen,DDInter1855,Triamcinolone,Moderate
DDInter1855,Triamcinolone,DDInter737,Fingolimod,Major
DDInter743,Fluconazole,DDInter1855,Triamcinolone,Moderate
DDInter1855,Triamcinolone,DDInter759,Fluoxymesterone,Moderate
DDInter1855,Triamcinolone,DDInter760,Fluphenazine,Moderate
DDInter1855,Triamcinolone,DDInter763,Flurbiprofen,Moderate
DDInter770,Fluvoxamine,DDInter1855,Triamcinolone,Moderate
DDInter1855,Triamcinolone,DDInter777,Fosamprenavir,Major
DDInter1855,Triamcinolone,DDInter778,Fosaprepitant,Moderate
DDInter779,Foscarnet,DDInter1855,Triamcinolone,Moderate
DDInter781,Fosinopril,DDInter1855,Triamcinolone,Moderate
DDInter1855,Triamcinolone,DDInter783,Fosphenytoin,Moderate
DDInter1855,Triamcinolone,DDInter785,Fostamatinib,Moderate
DDInter1855,Triamcinolone,DDInter790,Furosemide,Moderate
DDInter1855,Triamcinolone,DDInter803,Gallium chloride Ga-67,Moderate
DDInter1855,Triamcinolone,DDInter809,Gatifloxacin,Major
DDInter1855,Triamcinolone,DDInter813,Gemifloxacin,Major
DDInter825,Glimepiride,DDInter1855,Triamcinolone,Moderate
DDInter1855,Triamcinolone,DDInter826,Glipizide,Moderate
DDInter1855,Triamcinolone,DDInter831,Glyburide,Moderate
DDInter1855,Triamcinolone,DDInter832,Glycerin,Moderate
DDInter1855,Triamcinolone,DDInter833,Glycerol phenylbutyrate,Moderate
DDInter1855,Triamcinolone,DDInter837,Golimumab,Major
DDInter842,Grepafloxacin,DDInter1855,Triamcinolone,Major
DDInter1855,Triamcinolone,DDInter844,Guanabenz,Moderate
DDInter845,Guanadrel,DDInter1855,Triamcinolone,Moderate
DDInter1855,Triamcinolone,DDInter846,Guanethidine,Moderate
DDInter1855,Triamcinolone,DDInter847,Guanfacine,Moderate
DDInter1855,Triamcinolone,DDInter858,Hepatitis A Vaccine,Moderate
DDInter1855,Triamcinolone,DDInter860,Hepatitis B Vaccine (Recombinant),Moderate
DDInter1855,Triamcinolone,DDInter875,Human papillomavirus type 11 L1 capsid protein antigen,Moderate
DDInter1855,Triamcinolone,DDInter881,Hyaluronidase,Minor
DDInter1855,Triamcinolone,DDInter882,Hydralazine,Moderate
DDInter1855,Triamcinolone,DDInter889,Hydroflumethiazide,Moderate
DDInter1855,Triamcinolone,DDInter905,Idelalisib,Major
DDInter909,Imatinib,DDInter1855,Triamcinolone,Moderate
DDInter1855,Triamcinolone,DDInter915,Indacaterol,Minor
DDInter1855,Triamcinolone,DDInter916,Indapamide,Moderate
DDInter917,Indinavir,DDInter1855,Triamcinolone,Major
DDInter1855,Triamcinolone,DDInter918,Indium In-111 oxyquinoline,Moderate
DDInter921,Indomethacin,DDInter1855,Triamcinolone,Moderate
DDInter923,Infliximab,DDInter1855,Triamcinolone,Major
DDInter1855,Triamcinolone,DDInter924,Influenza A virus A/California/7/2009 (H1N1)-like antigen (propiolactone inactivated),Moderate
DDInter1855,Triamcinolone,DDInter925,Influenza A virus A/Vietnam/1194/2004 (H5N1) antigen (formaldehyde inactivated),Moderate
DDInter934,Insulin human,DDInter1855,Triamcinolone,Moderate
DDInter1855,Triamcinolone,DDInter929,Insulin aspart (aspart),Moderate
DDInter1855,Triamcinolone,DDInter928,Insulin aspart (aspart protamine),Moderate
DDInter1855,Triamcinolone,DDInter930,Insulin degludec,Moderate
DDInter1855,Triamcinolone,DDInter931,Insulin detemir,Moderate
DDInter932,Insulin glargine,DDInter1855,Triamcinolone,Moderate
DDInter1855,Triamcinolone,DDInter933,Insulin glulisine,Moderate
DDInter935,"Insulin human (inhalation, rapid acting)",DDInter1855,Triamcinolone,Moderate
DDInter936,Insulin human (isophane),DDInter1855,Triamcinolone,Moderate
DDInter940,Insulin lispro,DDInter1855,Triamcinolone,Moderate
DDInter941,Insulin lispro (protamine),DDInter1855,Triamcinolone,Moderate
DDInter937,Insulin human (regular),DDInter1855,Triamcinolone,Moderate
DDInter939,Insulin human (zinc),DDInter1855,Triamcinolone,Moderate
DDInter938,Insulin human (zinc extended),DDInter1855,Triamcinolone,Moderate
DDInter1855,Triamcinolone,DDInter960,Iohexol,Major
DDInter1855,Triamcinolone,DDInter961,Iopamidol,Major
DDInter1855,Triamcinolone,DDInter969,Ipilimumab,Moderate
DDInter1855,Triamcinolone,DDInter972,Irbesartan,Moderate
DDInter1855,Triamcinolone,DDInter980,Isavuconazonium,Moderate
DDInter982,Isoetharine,DDInter1855,Triamcinolone,Minor
DDInter1855,Triamcinolone,DDInter986,Isoniazid,Minor
DDInter1855,Triamcinolone,DDInter987,Isoprenaline,Minor
DDInter993,Isradipine,DDInter1855,Triamcinolone,Moderate
DDInter1855,Triamcinolone,DDInter995,Itraconazole,Major
DDInter1855,Triamcinolone,DDInter997,Ivacaftor,Moderate
DDInter1855,Triamcinolone,DDInter1008,Ketoconazole,Major
DDInter1855,Triamcinolone,DDInter1009,Ketoprofen,Moderate
DDInter1013,Labetalol,DDInter1855,Triamcinolone,Moderate
DDInter1855,Triamcinolone,DDInter1016,Lactitol,Moderate
DDInter1855,Triamcinolone,DDInter1017,Lactobacillus acidophilus,Moderate
DDInter1018,Lactulose,DDInter1855,Triamcinolone,Moderate
DDInter1855,Triamcinolone,DDInter1024,Lapatinib,Moderate
DDInter1855,Triamcinolone,DDInter1026,Larotrectinib,Moderate
DDInter1855,Triamcinolone,DDInter1032,Lefamulin,Moderate
DDInter1855,Triamcinolone,DDInter1033,Leflunomide,Major
DDInter1855,Triamcinolone,DDInter1039,Letermovir,Moderate
DDInter1855,Triamcinolone,DDInter1063,Levosalbutamol,Minor
DDInter1855,Triamcinolone,DDInter1045,Levamlodipine,Moderate
DDInter1855,Triamcinolone,DDInter1055,Levofloxacin,Major
DDInter1855,Triamcinolone,DDInter1065,Licorice,Moderate
DDInter1855,Triamcinolone,DDInter1070,Linagliptin,Moderate
DDInter1855,Triamcinolone,DDInter1077,Liraglutide,Moderate
DDInter1855,Triamcinolone,DDInter1079,Lisinopril,Moderate
DDInter1855,Triamcinolone,DDInter1082,Lixisenatide,Moderate
DDInter1855,Triamcinolone,DDInter1084,Lomefloxacin,Major
DDInter1855,Triamcinolone,DDInter1087,Lonafarnib,Major
DDInter1855,Triamcinolone,DDInter1094,Lorlatinib,Moderate
DDInter1855,Triamcinolone,DDInter1095,Losartan,Moderate
DDInter1109,Lyme disease vaccine (recombinant OspA),DDInter1855,Triamcinolone,Moderate
DDInter1855,Triamcinolone,DDInter1110,Macimorelin,Moderate
DDInter1855,Triamcinolone,DDInter1112,Magaldrate,Minor
DDInter1855,Triamcinolone,DDInter1115,Magnesium citrate,Moderate
DDInter1855,Triamcinolone,DDInter1118,Magnesium hydroxide,Moderate
DDInter1855,Triamcinolone,DDInter1119,Magnesium oxide,Minor
DDInter1855,Triamcinolone,DDInter1120,Magnesium sulfate,Moderate
DDInter1855,Triamcinolone,DDInter1127,Measles virus vaccine live attenuated,Major
DDInter1855,Triamcinolone,DDInter1135,Meclofenamic acid,Moderate
DDInter1855,Triamcinolone,DDInter1139,Mefenamic acid,Moderate
DDInter1855,Triamcinolone,DDInter1143,Meloxicam,Moderate
DDInter1855,Triamcinolone,DDInter1147,Meningococcal polysaccharide vaccine group C,Moderate
DDInter1152,Mephenytoin,DDInter1855,Triamcinolone,Moderate
DDInter1855,Triamcinolone,DDInter1190,Methylphenobarbital,Moderate
DDInter1855,Triamcinolone,DDInter1346,Orciprenaline,Minor
DDInter1855,Triamcinolone,DDInter1167,Methazolamide,Moderate
DDInter1174,Methotrexate,DDInter1855,Triamcinolone,Moderate
DDInter1855,Triamcinolone,DDInter1185,Methyldopa,Moderate
DDInter1855,Triamcinolone,DDInter1193,Methyltestosterone,Moderate
DDInter1855,Triamcinolone,DDInter1198,Metocurine,Moderate
DDInter1199,Metolazone,DDInter1855,Triamcinolone,Moderate
DDInter1200,Metoprolol,DDInter1855,Triamcinolone,Moderate
DDInter1855,Triamcinolone,DDInter1215,Mifepristone,Major
DDInter1217,Miglitol,DDInter1855,Triamcinolone,Moderate
DDInter1855,Triamcinolone,DDInter1223,Mineral oil,Moderate
DDInter1226,Minoxidil,DDInter1855,Triamcinolone,Moderate
DDInter1855,Triamcinolone,DDInter1235,Mivacurium,Moderate
DDInter1855,Triamcinolone,DDInter1236,Modafinil,Minor
DDInter1855,Triamcinolone,DDInter1237,Moexipril,Moderate
DDInter1855,Triamcinolone,DDInter1240,Monomethyl fumarate,Moderate
DDInter1247,Moxifloxacin,DDInter1855,Triamcinolone,Major
DDInter1855,Triamcinolone,DDInter1248,Mumps virus strain B level jeryl lynn live antigen,Major
DDInter1254,Nabumetone,DDInter1855,Triamcinolone,Moderate
DDInter1855,Triamcinolone,DDInter1255,Nadolol,Moderate
DDInter1855,Triamcinolone,DDInter1259,Nalidixic acid,Major
DDInter1855,Triamcinolone,DDInter1266,Naproxen,Moderate
DDInter1268,Natalizumab,DDInter1855,Triamcinolone,Major
DDInter1855,Triamcinolone,DDInter1269,Nateglinide,Moderate
DDInter1855,Triamcinolone,DDInter1271,Nebivolol,Moderate
DDInter1855,Triamcinolone,DDInter1274,Nefazodone,Major
DDInter1276,Nelfinavir,DDInter1855,Triamcinolone,Major
DDInter1855,Triamcinolone,DDInter1279,Neostigmine,Moderate
DDInter1285,Nevirapine,DDInter1855,Triamcinolone,Moderate
DDInter1855,Triamcinolone,DDInter1287,Nicardipine,Moderate
DDInter1855,Triamcinolone,DDInter1293,Nilotinib,Moderate
DDInter1298,Nisoldipine,DDInter1855,Triamcinolone,Moderate
DDInter1305,Nitroprusside,DDInter1855,Triamcinolone,Moderate
DDInter1855,Triamcinolone,DDInter1308,Nivolumab,Moderate
DDInter1855,Triamcinolone,DDInter1313,Norfloxacin,Major
DDInter1855,Triamcinolone,DDInter1321,Ocrelizumab,Moderate
DDInter1855,Triamcinolone,DDInter1325,Ofloxacin,Major
DDInter1330,Olmesartan,DDInter1855,Triamcinolone,Moderate
DDInter1855,Triamcinolone,DDInter1335,Omacetaxine mepesuccinate,Moderate
DDInter1855,Triamcinolone,DDInter1357,Oxandrolone,Moderate
DDInter1855,Triamcinolone,DDInter1358,Oxaprozin,Moderate
DDInter1855,Triamcinolone,DDInter1360,Oxcarbazepine,Moderate
DDInter1855,Triamcinolone,DDInter1371,Oxymetholone,Moderate
DDInter1855,Triamcinolone,DDInter1376,Ozanimod,Major
DDInter1855,Triamcinolone,DDInter1385,Pancuronium,Moderate
DDInter1855,Triamcinolone,DDInter1399,Patiromer,Moderate
DDInter1404,Pegaspargase,DDInter1855,Triamcinolone,Moderate
DDInter1855,Triamcinolone,DDInter1413,Pembrolizumab,Moderate
DDInter1855,Triamcinolone,DDInter1417,Penbutolol,Moderate
DDInter1423,Pentobarbital,DDInter1855,Triamcinolone,Moderate
DDInter1855,Triamcinolone,DDInter1431,Perindopril,Moderate
DDInter1855,Triamcinolone,DDInter1442,Phenobarbital,Moderate
DDInter1855,Triamcinolone,DDInter1443,Phenolphthalein,Moderate
DDInter1855,Triamcinolone,DDInter1451,Phenylbutazone,Moderate
DDInter1460,Phenytoin,DDInter1855,Triamcinolone,Moderate
DDInter1855,Triamcinolone,DDInter1471,Pindolol,Moderate
DDInter1855,Triamcinolone,DDInter1472,Pioglitazone,Moderate
DDInter1855,Triamcinolone,DDInter1473,Pipecuronium,Moderate
DDInter1855,Triamcinolone,DDInter1476,Pirbuterol,Minor
DDInter1478,Piroxicam,DDInter1855,Triamcinolone,Moderate
DDInter1855,Triamcinolone,DDInter1480,Pitolisant,Moderate
DDInter1855,Triamcinolone,DDInter1486,Poliovirus type 1 antigen (formaldehyde inactivated),Moderate
DDInter1855,Triamcinolone,DDInter1488,Polyethylene glycol (3350),Moderate
DDInter1855,Triamcinolone,DDInter1490,Polythiazide,Moderate
DDInter1855,Triamcinolone,DDInter1494,Posaconazole,Major
DDInter1855,Triamcinolone,DDInter1506,Pramlintide,Moderate
DDInter1511,Prazosin,DDInter1855,Triamcinolone,Moderate
DDInter1855,Triamcinolone,DDInter1521,Primidone,Moderate
DDInter1539,Propranolol,DDInter1855,Triamcinolone,Moderate
DDInter1548,Pyridostigmine,DDInter1855,Triamcinolone,Moderate
DDInter1855,Triamcinolone,DDInter1554,Quinapril,Moderate
DDInter1855,Triamcinolone,DDInter1555,Quinestrol,Moderate
DDInter1855,Triamcinolone,DDInter1560,Racepinephrine,Minor
DDInter1565,Ramipril,DDInter1855,Triamcinolone,Moderate
DDInter1855,Triamcinolone,DDInter1571,Rapacuronium,Moderate
DDInter1855,Triamcinolone,DDInter1581,Repaglinide,Moderate
DDInter1582,Reserpine,DDInter1855,Triamcinolone,Moderate
DDInter1855,Triamcinolone,DDInter1588,Ribociclib,Moderate
DDInter1589,Rifabutin,DDInter1855,Triamcinolone,Moderate
DDInter1855,Triamcinolone,DDInter1590,Rifampicin,Moderate
DDInter1855,Triamcinolone,DDInter1592,Rifapentine,Moderate
DDInter1855,Triamcinolone,DDInter1594,Rilonacept,Moderate
DDInter1855,Triamcinolone,DDInter1606,Ritodrine,Minor
DDInter1607,Ritonavir,DDInter1855,Triamcinolone,Major
DDInter1855,Triamcinolone,DDInter1612,Rocuronium,Moderate
DDInter1613,Rofecoxib,DDInter1855,Triamcinolone,Moderate
DDInter1855,Triamcinolone,DDInter1614,Roflumilast,Moderate
DDInter1855,Triamcinolone,DDInter1618,Romosozumab,Moderate
DDInter1621,Rosiglitazone,DDInter1855,Triamcinolone,Moderate
DDInter1855,Triamcinolone,DDInter1623,Rotavirus vaccine,Major
DDInter1855,Triamcinolone,DDInter1625,Rubella virus vaccine,Major
DDInter1855,Triamcinolone,DDInter1626,Rucaparib,Moderate
DDInter1855,Triamcinolone,DDInter1627,Rufinamide,Moderate
DDInter1855,Triamcinolone,DDInter1635,Salmeterol,Minor
DDInter1855,Triamcinolone,DDInter1637,Salsalate,Moderate
DDInter1855,Triamcinolone,DDInter1640,Saquinavir,Major
DDInter1855,Triamcinolone,DDInter1436,Pfizer-BioNTech Covid-19 Vaccine,Moderate
DDInter1855,Triamcinolone,DDInter1646,Saxagliptin,Moderate
DDInter1650,Secobarbital,DDInter1855,Triamcinolone,Moderate
DDInter1855,Triamcinolone,DDInter1658,Selpercatinib,Moderate
DDInter1855,Triamcinolone,DDInter1660,Semaglutide,Moderate
DDInter1855,Triamcinolone,DDInter1676,Siponimod,Major
DDInter1855,Triamcinolone,DDInter1677,Sipuleucel-T,Moderate
DDInter1855,Triamcinolone,DDInter1678,Sirolimus,Moderate
DDInter1855,Triamcinolone,DDInter1679,Sitagliptin,Moderate
DDInter1855,Triamcinolone,DDInter1680,"Smallpox (Vaccinia) Vaccine, Live",Major
DDInter1855,Triamcinolone,DDInter1683,Sodium bicarbonate,Minor
DDInter1855,Triamcinolone,DDInter953,Iodide I-123,Moderate
DDInter1855,Triamcinolone,DDInter954,Iodide I-131,Moderate
DDInter1855,Triamcinolone,DDInter1452,Phenylbutyric acid,Moderate
DDInter1855,Triamcinolone,DDInter1830,Tolevamer,Moderate
DDInter1855,Triamcinolone,DDInter1633,Salicylic acid (sodium),Moderate
DDInter1855,Triamcinolone,DDInter1698,Somapacitan,Moderate
DDInter1855,Triamcinolone,DDInter1700,Somatrem,Moderate
DDInter1699,Somatotropin,DDInter1855,Triamcinolone,Moderate
DDInter1855,Triamcinolone,DDInter1705,Sparfloxacin,Major
DDInter1707,Spironolactone,DDInter1855,Triamcinolone,Moderate
DDInter1855,Triamcinolone,DDInter1709,Stanozolol,Moderate
DDInter1855,Triamcinolone,DDInter1711,Stiripentol,Moderate
DDInter1729,Sulindac,DDInter1855,Triamcinolone,Moderate
DDInter1855,Triamcinolone,DDInter1735,Tacrolimus,Moderate
DDInter1855,Triamcinolone,DDInter1743,Talimogene laherparepvec,Major
DDInter1855,Triamcinolone,DDInter1750,Tazemetostat,Moderate
DDInter1855,Triamcinolone,DDInter1755,Telaprevir,Major
DDInter1855,Triamcinolone,DDInter1757,Telbivudine,Moderate
DDInter1855,Triamcinolone,DDInter1758,Telithromycin,Major
DDInter1855,Triamcinolone,DDInter1759,Telmisartan,Moderate
DDInter1855,Triamcinolone,DDInter1760,Telotristat ethyl,Moderate
DDInter1855,Triamcinolone,DDInter1763,Temsirolimus,Moderate
DDInter1855,Triamcinolone,DDInter1767,Terazosin,Moderate
DDInter1855,Triamcinolone,DDInter1769,Terbutaline,Minor
DDInter1855,Triamcinolone,DDInter1771,Teriflunomide,Major
DDInter1855,Triamcinolone,DDInter1776,Testosterone (topical),Moderate
DDInter1855,Triamcinolone,DDInter1789,Thalidomide,Major
DDInter1791,Theophylline,DDInter1855,Triamcinolone,Moderate
DDInter1804,Ticlopidine,DDInter1855,Triamcinolone,Minor
DDInter1809,Timolol,DDInter1855,Triamcinolone,Moderate
DDInter1855,Triamcinolone,DDInter1825,Tofacitinib,Major
DDInter1855,Triamcinolone,DDInter1826,Tolazamide,Moderate
DDInter1855,Triamcinolone,DDInter1828,Tolbutamide,Moderate
DDInter1831,Tolmetin,DDInter1855,Triamcinolone,Moderate
DDInter1836,Torasemide,DDInter1855,Triamcinolone,Moderate
DDInter1843,Trandolapril,DDInter1855,Triamcinolone,Moderate
DDInter1859,Triamterene,DDInter1855,Triamcinolone,Moderate
DDInter1855,Triamcinolone,DDInter1861,Trichlormethiazide,Moderate
DDInter1855,Triamcinolone,DDInter1862,Trichophyton mentagrophytes,Moderate
DDInter1855,Triamcinolone,DDInter1872,Trimethaphan,Moderate
DDInter1881,Troglitazone,DDInter1855,Triamcinolone,Moderate
DDInter1855,Triamcinolone,DDInter1882,Troleandomycin,Major
DDInter1855,Triamcinolone,DDInter1887,Trovafloxacin,Major
DDInter1855,Triamcinolone,DDInter1889,Tuberculin purified protein derivative,Moderate
DDInter1855,Triamcinolone,DDInter1890,Tubocurarine,Moderate
DDInter1855,Triamcinolone,DDInter1891,Tucatinib,Major
DDInter1855,Triamcinolone,DDInter1893,Typhoid vaccine (inactivated),Moderate
DDInter1855,Triamcinolone,DDInter1894,Typhoid vaccine (live),Major
DDInter1855,Triamcinolone,DDInter1901,Upadacitinib,Major
DDInter1855,Triamcinolone,DDInter1907,Ustekinumab,Moderate
DDInter1910,Valdecoxib,DDInter1855,Triamcinolone,Moderate
DDInter1915,Valsartan,DDInter1855,Triamcinolone,Moderate
DDInter1855,Triamcinolone,DDInter1920,Varicella Zoster Vaccine (Recombinant),Major
DDInter1855,Triamcinolone,DDInter1922,Vecuronium,Moderate
DDInter1855,Triamcinolone,DDInter1928,Verapamil,Moderate
DDInter1855,Triamcinolone,DDInter1933,Vigabatrin,Major
DDInter1943,Vitamin E,DDInter1855,Triamcinolone,Minor
DDInter1946,Voriconazole,DDInter1855,Triamcinolone,Major
DDInter1855,Triamcinolone,DDInter1949,Voxelotor,Moderate
DDInter1855,Triamcinolone,DDInter1951,Warfarin,Moderate
DDInter1855,Triamcinolone,DDInter1953,Yellow Fever Vaccine,Major
DDInter1855,Triamcinolone,DDInter1963,Zinc acetate,Minor
DDInter1855,Triamcinolone,DDInter1964,Zinc chloride,Minor
DDInter1855,Triamcinolone,DDInter1965,Zinc gluconate,Minor
DDInter1855,Triamcinolone,DDInter1966,Zinc sulfate,Minor
DDInter195,Betamethasone,DDInter119,Armodafinil,Minor
DDInter380,Cimetidine,DDInter119,Armodafinil,Minor
DDInter385,Cisapride,DDInter119,Armodafinil,Moderate
DDInter393,Clarithromycin,DDInter119,Armodafinil,Minor
DDInter416,Clotrimazole,DDInter119,Armodafinil,Minor
DDInter513,Dexamethasone,DDInter119,Armodafinil,Moderate
DDInter601,Dronabinol,DDInter119,Armodafinil,Minor
DDInter119,Armodafinil,DDInter629,Eliglustat,Moderate
DDInter676,Esomeprazole,DDInter119,Armodafinil,Moderate
DDInter840,Granisetron,DDInter119,Armodafinil,Minor
DDInter119,Armodafinil,DDInter1070,Linagliptin,Moderate
DDInter1209,Miconazole,DDInter119,Armodafinil,Minor
DDInter119,Armodafinil,DDInter1258,Naldemedine,Minor
DDInter119,Armodafinil,DDInter1261,Naloxegol,Minor
DDInter1300,Nitisinone,DDInter119,Armodafinil,Minor
DDInter1340,Omeprazole,DDInter119,Armodafinil,Moderate
DDInter1342,Ondansetron,DDInter119,Armodafinil,Minor
DDInter1388,Pantoprazole,DDInter119,Armodafinil,Moderate
DDInter1513,Prednisolone,DDInter119,Armodafinil,Minor
DDInter1515,Prednisone,DDInter119,Armodafinil,Minor
DDInter1581,Repaglinide,DDInter119,Armodafinil,Moderate
DDInter119,Armodafinil,DDInter1615,Rolapitant,Moderate
DDInter1646,Saxagliptin,DDInter119,Armodafinil,Minor
DDInter1675,Simvastatin,DDInter119,Armodafinil,Moderate
DDInter1881,Troglitazone,DDInter119,Armodafinil,Moderate
DDInter86,Amphotericin B (cholesteryl sulfate),DDInter120,Arsenic trioxide,Major
DDInter88,Amphotericin B (liposomal),DDInter120,Arsenic trioxide,Major
DDInter120,Arsenic trioxide,DDInter212,Bisacodyl,Moderate
DDInter120,Arsenic trioxide,DDInter307,Castor oil,Moderate
DDInter385,Cisapride,DDInter120,Arsenic trioxide,Major
DDInter120,Arsenic trioxide,DDInter393,Clarithromycin,Major
DDInter581,Dolasetron,DDInter120,Arsenic trioxide,Major
DDInter120,Arsenic trioxide,DDInter832,Glycerin,Moderate
DDInter840,Granisetron,DDInter120,Arsenic trioxide,Major
DDInter120,Arsenic trioxide,DDInter1016,Lactitol,Moderate
DDInter1018,Lactulose,DDInter120,Arsenic trioxide,Moderate
DDInter1055,Levofloxacin,DDInter120,Arsenic trioxide,Major
DDInter120,Arsenic trioxide,DDInter1115,Magnesium citrate,Moderate
DDInter120,Arsenic trioxide,DDInter1118,Magnesium hydroxide,Moderate
DDInter1202,Metronidazole,DDInter120,Arsenic trioxide,Minor
DDInter120,Arsenic trioxide,DDInter1223,Mineral oil,Moderate
DDInter1342,Ondansetron,DDInter120,Arsenic trioxide,Major
DDInter1382,Palonosetron,DDInter120,Arsenic trioxide,Major
DDInter1389,Papaverine,DDInter120,Arsenic trioxide,Major
DDInter120,Arsenic trioxide,DDInter1443,Phenolphthalein,Moderate
DDInter120,Arsenic trioxide,DDInter1488,Polyethylene glycol (3350),Moderate
DDInter120,Arsenic trioxide,DDInter1487,Polyethylene glycol (3350 with electrolytes),Major
DDInter1103,Lumefantrine,DDInter212,Bisacodyl,Moderate
DDInter1103,Lumefantrine,DDInter307,Castor oil,Moderate
DDInter385,Cisapride,DDInter1103,Lumefantrine,Major
DDInter393,Clarithromycin,DDInter121,Artemether,Major
DDInter513,Dexamethasone,DDInter121,Artemether,Moderate
DDInter581,Dolasetron,DDInter1103,Lumefantrine,Major
DDInter712,Famotidine,DDInter1103,Lumefantrine,Moderate
DDInter1103,Lumefantrine,DDInter832,Glycerin,Moderate
DDInter840,Granisetron,DDInter1103,Lumefantrine,Major
DDInter1103,Lumefantrine,DDInter1016,Lactitol,Moderate
DDInter1018,Lactulose,DDInter1103,Lumefantrine,Moderate
DDInter1055,Levofloxacin,DDInter1103,Lumefantrine,Major
DDInter1088,Loperamide,DDInter1103,Lumefantrine,Moderate
DDInter1103,Lumefantrine,DDInter1115,Magnesium citrate,Moderate
DDInter1103,Lumefantrine,DDInter1118,Magnesium hydroxide,Moderate
DDInter1202,Metronidazole,DDInter1103,Lumefantrine,Minor
DDInter1209,Miconazole,DDInter121,Artemether,Moderate
DDInter1103,Lumefantrine,DDInter1223,Mineral oil,Moderate
DDInter1244,Morphine,DDInter1103,Lumefantrine,Moderate
DDInter1342,Ondansetron,DDInter1103,Lumefantrine,Major
DDInter1382,Palonosetron,DDInter1103,Lumefantrine,Major
DDInter1389,Papaverine,DDInter1103,Lumefantrine,Major
DDInter1443,Phenolphthalein,DDInter1103,Lumefantrine,Moderate
DDInter1103,Lumefantrine,DDInter1488,Polyethylene glycol (3350),Moderate
DDInter1103,Lumefantrine,DDInter1487,Polyethylene glycol (3350 with electrolytes),Major
DDInter1881,Troglitazone,DDInter121,Artemether,Moderate
DDInter1245,Morphine (liposomal),DDInter123,Articaine,Moderate
DDInter1244,Morphine,DDInter1362,Oxitriptan,Moderate
DDInter1244,Morphine,DDInter82,Amoxapine,Moderate
DDInter1244,Morphine,DDInter92,Amyl Nitrite,Moderate
DDInter1244,Morphine,DDInter125,Asenapine,Major
DDInter1244,Morphine,DDInter130,Atenolol,Moderate
DDInter1244,Morphine,DDInter136,Atropine,Moderate
DDInter1244,Morphine,DDInter138,Attapulgite,Moderate
DDInter1244,Morphine,DDInter149,Azatadine,Moderate
DDInter1244,Morphine,DDInter154,Azelastine (nasal),Moderate
DDInter1244,Morphine,DDInter156,Azilsartan medoxomil,Moderate
DDInter162,Baclofen,DDInter1244,Morphine,Major
DDInter1244,Morphine,DDInter165,Baricitinib,Moderate
DDInter1244,Morphine,DDInter175,Belladonna,Moderate
DDInter1244,Morphine,DDInter179,Bendroflumethiazide,Moderate
DDInter1244,Morphine,DDInter188,Benzthiazide,Moderate
DDInter181,Benzatropine,DDInter1244,Morphine,Moderate
DDInter1244,Morphine,DDInter192,Bepridil,Moderate
DDInter197,Betaxolol,DDInter1244,Morphine,Moderate
DDInter1244,Morphine,DDInter211,Biperiden,Moderate
DDInter1244,Morphine,DDInter214,Bismuth subgallate,Moderate
DDInter1244,Morphine,DDInter215,Bismuth subsalicylate,Moderate
DDInter1244,Morphine,DDInter216,Bisoprolol,Moderate
DDInter1244,Morphine,DDInter230,Brexanolone,Moderate
DDInter1244,Morphine,DDInter231,Brexpiprazole,Major
DDInter1244,Morphine,DDInter233,Brigatinib,Moderate
DDInter1244,Morphine,DDInter235,Brimonidine (ophthalmic),Moderate
DDInter1244,Morphine,DDInter236,Brimonidine (topical),Moderate
DDInter1244,Morphine,DDInter239,Brivaracetam,Moderate
DDInter1244,Morphine,DDInter243,Bromocriptine,Moderate
DDInter1244,Morphine,DDInter245,Brompheniramine,Moderate
DDInter1244,Morphine,DDInter248,Bumetanide,Moderate
DDInter1244,Morphine,DDInter251,Buprenorphine,Major
DDInter1244,Morphine,DDInter254,Buspirone,Major
DDInter256,Butabarbital,DDInter1244,Morphine,Major
DDInter1244,Morphine,DDInter258,Butorphanol,Major
DDInter1636,Salmon calcitonin,DDInter1244,Morphine,Minor
DDInter1244,Morphine,DDInter284,Cannabidiol,Moderate
DDInter1244,Morphine,DDInter292,Captopril,Moderate
DDInter1244,Morphine,DDInter293,Carbamazepine,Moderate
DDInter1244,Morphine,DDInter1427,Pentoxyverine,Moderate
DDInter1244,Morphine,DDInter297,Carbinoxamine,Moderate
DDInter1244,Morphine,DDInter300,Cariprazine,Major
DDInter1244,Morphine,DDInter301,Carisoprodol,Major
DDInter1244,Morphine,DDInter305,Carvedilol,Moderate
DDInter1244,Morphine,DDInter336,Celecoxib,Moderate
DDInter1244,Morphine,DDInter338,Cenobamate,Moderate
DDInter1244,Morphine,DDInter407,Clofedanol,Moderate
DDInter1244,Morphine,DDInter349,Chloral hydrate,Major
DDInter1244,Morphine,DDInter354,Chlorcyclizine,Moderate
DDInter1244,Morphine,DDInter357,Chlormezanone,Major
DDInter1244,Morphine,DDInter360,Chlorothiazide,Moderate
DDInter1244,Morphine,DDInter361,Chlorphenesin,Major
DDInter1244,Morphine,DDInter363,Chlorpromazine,Major
DDInter1244,Morphine,DDInter365,Chlorthalidone,Moderate
DDInter1244,Morphine,DDInter366,Chlorzoxazone,Major
DDInter1244,Morphine,DDInter380,Cimetidine,Moderate
DDInter1244,Morphine,DDInter385,Cisapride,Minor
DDInter388,Citalopram,DDInter1244,Morphine,Moderate
DDInter395,Clemastine,DDInter1244,Morphine,Moderate
DDInter1244,Morphine,DDInter396,Clevidipine,Moderate
DDInter1244,Morphine,DDInter397,Clidinium,Moderate
DDInter1244,Morphine,DDInter401,Clobazam,Major
DDInter1244,Morphine,DDInter410,Clomipramine,Moderate
DDInter1244,Morphine,DDInter411,Clonazepam,Major
DDInter1244,Morphine,DDInter412,Clonidine,Moderate
DDInter1244,Morphine,DDInter413,Clopidogrel,Moderate
DDInter1244,Morphine,DDInter414,Clorazepic acid,Major
DDInter1244,Morphine,DDInter419,Clozapine,Major
DDInter1244,Morphine,DDInter453,Cyclizine,Moderate
DDInter1244,Morphine,DDInter454,Cyclobenzaprine,Major
DDInter1244,Morphine,DDInter459,Cyproheptadine,Moderate
DDInter1244,Morphine,DDInter473,Dantrolene,Major
DDInter1244,Morphine,DDInter480,Darifenacin,Moderate
DDInter1244,Morphine,DDInter503,Desflurane,Moderate
DDInter1244,Morphine,DDInter504,Desipramine,Moderate
DDInter507,Desmopressin,DDInter1244,Morphine,Moderate
DDInter1244,Morphine,DDInter511,Desvenlafaxine,Moderate
DDInter1244,Morphine,DDInter512,Deutetrabenazine,Moderate
DDInter1244,Morphine,DDInter517,Dexbrompheniramine,Moderate
DDInter1244,Morphine,DDInter518,Dexfenfluramine,Moderate
DDInter1244,Morphine,DDInter520,Dexmedetomidine,Moderate
DDInter1244,Morphine,DDInter527,Dextromethorphan,Moderate
DDInter1244,Morphine,DDInter531,Dezocine,Major
DDInter1244,Morphine,DDInter534,Diazepam,Major
DDInter1244,Morphine,DDInter535,Diazoxide,Moderate
DDInter1244,Morphine,DDInter543,Dicyclomine,Moderate
DDInter1244,Morphine,DDInter561,Diltiazem,Moderate
DDInter1244,Morphine,DDInter562,Dimenhydrinate,Moderate
DDInter1244,Morphine,DDInter569,Diphenhydramine,Moderate
DDInter1244,Morphine,DDInter1913,Valproic acid,Moderate
DDInter1244,Morphine,DDInter581,Dolasetron,Moderate
DDInter1244,Morphine,DDInter592,Doxazosin,Moderate
DDInter1244,Morphine,DDInter593,Doxepin,Moderate
DDInter1244,Morphine,DDInter594,Doxepin (topical),Moderate
DDInter1244,Morphine,DDInter600,Doxylamine,Moderate
DDInter1244,Morphine,DDInter601,Dronabinol,Moderate
DDInter1244,Morphine,DDInter603,Droperidol,Major
DDInter1244,Morphine,DDInter608,Duloxetine,Moderate
DDInter627,Eletriptan,DDInter1244,Morphine,Moderate
DDInter1244,Morphine,DDInter632,Eluxadoline,Moderate
DDInter1244,Morphine,DDInter638,Enalapril,Moderate
DDInter641,Enflurane,DDInter1244,Morphine,Moderate
DDInter1244,Morphine,DDInter646,Entacapone,Moderate
DDInter1244,Morphine,DDInter650,Ephedrine,Minor
DDInter1244,Morphine,DDInter651,Ephedrine (nasal),Minor
DDInter1244,Morphine,DDInter658,Eprosartan,Moderate
DDInter1244,Morphine,DDInter672,Escitalopram,Moderate
DDInter1244,Morphine,DDInter673,Esketamine,Moderate
DDInter1244,Morphine,DDInter674,Eslicarbazepine,Moderate
DDInter675,Esmolol,DDInter1244,Morphine,Moderate
DDInter1244,Morphine,DDInter677,Estazolam,Major
DDInter1244,Morphine,DDInter685,Eszopiclone,Major
DDInter691,Ethchlorvynol,DDInter1244,Morphine,Major
DDInter1244,Morphine,DDInter695,Ethosuximide,Moderate
DDInter1244,Morphine,DDInter696,Ethotoin,Moderate
DDInter1244,Morphine,DDInter708,Ezogabine,Moderate
DDInter1244,Morphine,DDInter715,Felbamate,Moderate
DDInter1244,Morphine,DDInter716,Felodipine,Moderate
DDInter1244,Morphine,DDInter717,Fenfluramine,Moderate
DDInter1244,Morphine,DDInter731,Fesoterodine,Moderate
DDInter1244,Morphine,DDInter738,Flavoxate,Moderate
DDInter1244,Morphine,DDInter741,Flibanserin,Moderate
DDInter1244,Morphine,DDInter758,Fluoxetine,Moderate
DDInter1244,Morphine,DDInter760,Fluphenazine,Major
DDInter1244,Morphine,DDInter762,Flurazepam,Major
DDInter770,Fluvoxamine,DDInter1244,Morphine,Moderate
DDInter1244,Morphine,DDInter781,Fosinopril,Moderate
DDInter1244,Morphine,DDInter783,Fosphenytoin,Moderate
DDInter1244,Morphine,DDInter784,Fospropofol,Moderate
DDInter1244,Morphine,DDInter785,Fostamatinib,Moderate
DDInter1244,Morphine,DDInter788,Frovatriptan,Moderate
DDInter1244,Morphine,DDInter790,Furosemide,Moderate
DDInter1244,Morphine,DDInter791,Gabapentin,Major
DDInter1244,Morphine,DDInter819,Ginkgo biloba,Moderate
DDInter1244,Morphine,DDInter822,Glasdegib,Moderate
DDInter1244,Morphine,DDInter834,Glycopyrronium,Moderate
DDInter1244,Morphine,DDInter840,Granisetron,Moderate
DDInter1244,Morphine,DDInter846,Guanethidine,Moderate
DDInter1244,Morphine,DDInter850,Halazepam,Major
DDInter1244,Morphine,DDInter853,Haloperidol,Major
DDInter1244,Morphine,DDInter854,Halothane,Moderate
DDInter1244,Morphine,DDInter532,Diamorphine,Major
DDInter1244,Morphine,DDInter882,Hydralazine,Moderate
DDInter1244,Morphine,DDInter889,Hydroflumethiazide,Moderate
DDInter1244,Morphine,DDInter890,Hydromorphone,Major
DDInter1244,Morphine,DDInter895,Hydroxyzine,Major
DDInter1244,Morphine,DDInter906,Ifosfamide,Moderate
DDInter1244,Morphine,DDInter907,Iloperidone,Major
DDInter1244,Morphine,DDInter909,Imatinib,Moderate
DDInter1244,Morphine,DDInter912,Imipramine,Moderate
DDInter1244,Morphine,DDInter916,Indapamide,Moderate
DDInter1244,Morphine,DDInter960,Iohexol,Major
DDInter1244,Morphine,DDInter961,Iopamidol,Major
DDInter1244,Morphine,DDInter972,Irbesartan,Moderate
DDInter1244,Morphine,DDInter981,Isocarboxazid,Major
DDInter1244,Morphine,DDInter983,Isoflurane,Moderate
DDInter1244,Morphine,DDInter989,Isosorbide dinitrate,Moderate
DDInter1244,Morphine,DDInter990,Isosorbide mononitrate,Moderate
DDInter993,Isradipine,DDInter1244,Morphine,Moderate
DDInter1244,Morphine,DDInter1005,Kaolin,Moderate
DDInter1244,Morphine,DDInter1006,Kava,Moderate
DDInter1244,Morphine,DDInter1007,Ketamine,Moderate
DDInter1244,Morphine,DDInter1013,Labetalol,Moderate
DDInter1244,Morphine,DDInter1020,Lamotrigine,Moderate
DDInter1244,Morphine,DDInter1027,Lasmiditan,Moderate
DDInter1244,Morphine,DDInter1034,Lemborexant,Major
DDInter1244,Morphine,DDInter1045,Levamlodipine,Moderate
DDInter1244,Morphine,DDInter1046,Levetiracetam,Moderate
DDInter1244,Morphine,DDInter1053,Levocetirizine,Moderate
DDInter1244,Morphine,DDInter1043,Levacetylmethadol,Major
DDInter1244,Morphine,DDInter1059,Levomilnacipran,Moderate
DDInter1244,Morphine,DDInter1062,Levorphanol,Major
DDInter1244,Morphine,DDInter1072,Lindane,Moderate
DDInter1244,Morphine,DDInter1073,Linezolid,Major
DDInter1244,Morphine,DDInter1079,Lisinopril,Moderate
DDInter1244,Morphine,DDInter1081,Lithium carbonate,Moderate
DDInter1244,Morphine,DDInter1083,Lofexidine,Moderate
DDInter1092,Lorazepam,DDInter1244,Morphine,Major
DDInter1244,Morphine,DDInter1094,Lorlatinib,Moderate
DDInter1244,Morphine,DDInter1095,Losartan,Moderate
DDInter1244,Morphine,DDInter1099,Loxapine,Major
DDInter1244,Morphine,DDInter1102,Lumateperone,Major
DDInter1244,Morphine,DDInter1104,Lurasidone,Major
DDInter1244,Morphine,DDInter1124,Maprotiline,Moderate
DDInter1244,Morphine,DDInter1129,Mebrofenin,Moderate
DDInter1244,Morphine,DDInter1134,Meclizine,Moderate
DDInter1244,Morphine,DDInter1149,Mepenzolate,Moderate
DDInter1244,Morphine,DDInter1150,Meperidine,Major
DDInter1244,Morphine,DDInter1152,Mephenytoin,Moderate
DDInter1244,Morphine,DDInter1190,Methylphenobarbital,Major
DDInter1244,Morphine,DDInter1154,Meprobamate,Major
DDInter1244,Morphine,DDInter1159,Mesoridazine,Major
DDInter1244,Morphine,DDInter1163,Metaxalone,Major
DDInter1244,Morphine,DDInter1166,Methadone,Major
DDInter1244,Morphine,DDInter1168,Methdilazine,Moderate
DDInter1244,Morphine,DDInter1172,Methocarbamol,Major
DDInter1244,Morphine,DDInter1173,Methohexital,Moderate
DDInter1244,Morphine,DDInter1175,Methotrimeprazine,Moderate
DDInter1244,Morphine,DDInter1179,Methoxyflurane,Moderate
DDInter1244,Morphine,DDInter1180,Methscopolamine,Moderate
DDInter1244,Morphine,DDInter1181,Methsuximide,Moderate
DDInter1244,Morphine,DDInter1186,Methylene blue,Major
DDInter1244,Morphine,DDInter1197,Metoclopramide,Moderate
DDInter1244,Morphine,DDInter1199,Metolazone,Moderate
DDInter1200,Metoprolol,DDInter1244,Morphine,Moderate
DDInter1244,Morphine,DDInter1205,Metyrosine,Moderate
DDInter1244,Morphine,DDInter1206,Mexiletine,Moderate
DDInter1244,Morphine,DDInter1212,Midazolam,Moderate
DDInter1244,Morphine,DDInter1220,Milnacipran,Moderate
DDInter1244,Morphine,DDInter1226,Minoxidil,Moderate
DDInter1244,Morphine,DDInter1230,Mirtazapine,Moderate
DDInter1244,Morphine,DDInter1237,Moexipril,Moderate
DDInter1244,Morphine,DDInter1239,Molindone,Major
DDInter1244,Morphine,DDInter1253,Nabilone,Moderate
DDInter1244,Morphine,DDInter1255,Nadolol,Moderate
DDInter1244,Morphine,DDInter1257,Nalbuphine,Major
DDInter1244,Morphine,DDInter1262,Naloxone,Moderate
DDInter1244,Morphine,DDInter1263,Naltrexone,Major
DDInter1244,Morphine,DDInter1267,Naratriptan,Moderate
DDInter1244,Morphine,DDInter1271,Nebivolol,Moderate
DDInter1244,Morphine,DDInter1274,Nefazodone,Moderate
DDInter1244,Morphine,DDInter1287,Nicardipine,Moderate
DDInter1244,Morphine,DDInter1295,Nimodipine,Moderate
DDInter1244,Morphine,DDInter1298,Nisoldipine,Moderate
DDInter1244,Morphine,DDInter1304,Nitroglycerin,Moderate
DDInter1244,Morphine,DDInter1305,Nitroprusside,Moderate
DDInter1244,Morphine,DDInter1307,Nitrous oxide,Moderate
DDInter1244,Morphine,DDInter1316,Nortriptyline,Moderate
DDInter1244,Morphine,DDInter1326,Olanzapine,Major
DDInter1244,Morphine,DDInter1329,Oliceridine,Major
DDInter1330,Olmesartan,DDInter1244,Morphine,Moderate
DDInter1244,Morphine,DDInter1333,Olopatadine (nasal),Moderate
DDInter1244,Morphine,DDInter1342,Ondansetron,Moderate
DDInter1244,Morphine,DDInter1343,Opicapone,Moderate
DDInter1244,Morphine,DDInter1344,Opium,Moderate
DDInter1244,Morphine,DDInter1349,Orphenadrine,Major
DDInter1244,Morphine,DDInter1359,Oxazepam,Major
DDInter1244,Morphine,DDInter1360,Oxcarbazepine,Moderate
DDInter1244,Morphine,DDInter1365,Oxybutynin,Moderate
DDInter1244,Morphine,DDInter1366,Oxycodone,Major
DDInter1244,Morphine,DDInter1372,Oxymorphone,Major
DDInter1244,Morphine,DDInter1376,Ozanimod,Major
DDInter1244,Morphine,DDInter1381,Paliperidone,Major
DDInter1244,Morphine,DDInter1382,Palonosetron,Moderate
DDInter1244,Morphine,DDInter1391,Paraldehyde,Major
DDInter1244,Morphine,DDInter1392,Paramethadione,Moderate
DDInter1244,Morphine,DDInter1397,Paroxetine,Moderate
DDInter1412,Pegvisomant,DDInter1244,Morphine,Moderate
DDInter1244,Morphine,DDInter1421,Pentazocine,Major
DDInter1244,Morphine,DDInter1423,Pentobarbital,Major
DDInter1244,Morphine,DDInter1428,Perampanel,Moderate
DDInter1244,Morphine,DDInter1430,Pergolide,Moderate
DDInter1244,Morphine,DDInter1431,Perindopril,Moderate
DDInter1244,Morphine,DDInter1432,Perphenazine,Major
DDInter1244,Morphine,DDInter1437,Phenacemide,Moderate
DDInter1244,Morphine,DDInter1440,Phenelzine,Major
DDInter1244,Morphine,DDInter1441,Phenindamine,Moderate
DDInter1244,Morphine,DDInter1442,Phenobarbital,Major
DDInter1244,Morphine,DDInter1444,Phenoxybenzamine,Moderate
DDInter1244,Morphine,DDInter1446,Phensuximide,Moderate
DDInter1244,Morphine,DDInter1448,Phentolamine,Moderate
DDInter1460,Phenytoin,DDInter1244,Morphine,Moderate
DDInter1244,Morphine,DDInter1467,Pimavanserin,Major
DDInter1244,Morphine,DDInter1470,Pimozide,Major
DDInter1244,Morphine,DDInter1471,Pindolol,Moderate
DDInter1244,Morphine,DDInter1480,Pitolisant,Moderate
DDInter1244,Morphine,DDInter1487,Polyethylene glycol (3350 with electrolytes),Moderate
DDInter1244,Morphine,DDInter1490,Polythiazide,Moderate
DDInter1244,Morphine,DDInter1505,Pramipexole,Moderate
DDInter1244,Morphine,DDInter1508,Prasugrel,Moderate
DDInter1244,Morphine,DDInter1511,Prazosin,Moderate
DDInter1516,Pregabalin,DDInter1244,Morphine,Major
DDInter1244,Morphine,DDInter1521,Primidone,Major
DDInter1244,Morphine,DDInter1526,Procarbazine,Major
DDInter1244,Morphine,DDInter1527,Prochlorperazine,Moderate
DDInter1244,Morphine,DDInter1528,Procyclidine,Moderate
DDInter1244,Morphine,DDInter1532,Promazine,Major
DDInter1244,Morphine,DDInter1533,Promethazine,Moderate
DDInter1244,Morphine,DDInter1535,Propantheline,Moderate
DDInter1244,Morphine,DDInter1537,Propiomazine,Major
DDInter1244,Morphine,DDInter528,Dextropropoxyphene,Major
DDInter1244,Morphine,DDInter1539,Propranolol,Moderate
DDInter1244,Morphine,DDInter1543,Protriptyline,Moderate
DDInter1244,Morphine,DDInter1155,Mepyramine,Moderate
DDInter1244,Morphine,DDInter1552,Quazepam,Major
DDInter1244,Morphine,DDInter1553,Quetiapine,Major
DDInter1244,Morphine,DDInter1554,Quinapril,Moderate
DDInter1244,Morphine,DDInter1564,Ramelteon,Major
DDInter1565,Ramipril,DDInter1244,Morphine,Moderate
DDInter1244,Morphine,DDInter1572,Rasagiline,Major
DDInter1244,Morphine,DDInter1579,Remifentanil,Moderate
DDInter1244,Morphine,DDInter1580,Remimazolam,Major
DDInter1244,Morphine,DDInter1589,Rifabutin,Moderate
DDInter1244,Morphine,DDInter1590,Rifampicin,Moderate
DDInter1244,Morphine,DDInter1605,Risperidone,Major
DDInter1244,Morphine,DDInter1611,Rizatriptan,Moderate
DDInter1619,Ropinirole,DDInter1244,Morphine,Moderate
DDInter1244,Morphine,DDInter1624,Rotigotine,Moderate
DDInter1244,Morphine,DDInter1627,Rufinamide,Moderate
DDInter1244,Morphine,DDInter1647,Scopolamine,Moderate
DDInter1244,Morphine,DDInter1650,Secobarbital,Major
DDInter1244,Morphine,DDInter1662,Sertraline,Moderate
DDInter1244,Morphine,DDInter1664,Sevoflurane,Moderate
DDInter1244,Morphine,DDInter1665,Sibutramine,Moderate
DDInter1666,Sildenafil,DDInter1244,Morphine,Moderate
DDInter1244,Morphine,DDInter1667,Silodosin,Moderate
DDInter1244,Morphine,DDInter1690,Sodium oxybate,Major
DDInter1244,Morphine,DDInter1696,Solifenacin,Moderate
DDInter1244,Morphine,DDInter1704,Sotalol,Moderate
DDInter1244,Morphine,DDInter1707,Spironolactone,Moderate
DDInter1244,Morphine,DDInter1708,St. John's Wort,Moderate
DDInter1244,Morphine,DDInter1711,Stiripentol,Moderate
DDInter1244,Morphine,DDInter1718,Sufentanil,Moderate
DDInter1244,Morphine,DDInter1733,Suvorexant,Major
DDInter1244,Morphine,DDInter1745,Tamsulosin,Moderate
DDInter1244,Morphine,DDInter1746,Tapentadol,Major
DDInter1244,Morphine,DDInter1747,Tasimelteon,Major
DDInter1244,Morphine,DDInter1759,Telmisartan,Moderate
DDInter1761,Temazepam,DDInter1244,Morphine,Major
DDInter1244,Morphine,DDInter1767,Terazosin,Moderate
DDInter1244,Morphine,DDInter1768,Terbinafine,Moderate
DDInter1244,Morphine,DDInter1778,Tetrabenazine,Moderate
DDInter1244,Morphine,DDInter1789,Thalidomide,Moderate
DDInter1244,Morphine,DDInter1793,Thiethylperazine,Moderate
DDInter1244,Morphine,DDInter1795,Thiopental,Moderate
DDInter1244,Morphine,DDInter1796,Thioridazine,Major
DDInter1244,Morphine,DDInter1798,Thiothixene,Major
DDInter1244,Morphine,DDInter1801,Tiagabine,Moderate
DDInter1244,Morphine,DDInter1802,Ticagrelor,Moderate
DDInter1244,Morphine,DDInter1809,Timolol,Moderate
DDInter1244,Morphine,DDInter1821,Tizanidine,Major
DDInter1244,Morphine,DDInter1825,Tofacitinib,Moderate
DDInter1244,Morphine,DDInter1829,Tolcapone,Moderate
DDInter1244,Morphine,DDInter1832,Tolterodine,Moderate
DDInter1834,Topiramate,DDInter1244,Morphine,Moderate
DDInter1836,Torasemide,DDInter1244,Morphine,Moderate
DDInter1244,Morphine,DDInter1843,Trandolapril,Moderate
DDInter1244,Morphine,DDInter1845,Tranylcypromine,Major
DDInter1244,Morphine,DDInter1851,Trazodone,Moderate
DDInter1244,Morphine,DDInter1859,Triamterene,Moderate
DDInter1244,Morphine,DDInter1860,Triazolam,Major
DDInter1244,Morphine,DDInter1866,Trifluoperazine,Major
DDInter1244,Morphine,DDInter1867,Triflupromazine,Major
DDInter1244,Morphine,DDInter1870,Trihexyphenidyl,Moderate
DDInter1244,Morphine,DDInter45,Alimemazine,Moderate
DDInter1244,Morphine,DDInter1871,Trimethadione,Moderate
DDInter1244,Morphine,DDInter1872,Trimethaphan,Moderate
DDInter1244,Morphine,DDInter1873,Trimethobenzamide,Moderate
DDInter1244,Morphine,DDInter1876,Trimipramine,Moderate
DDInter1244,Morphine,DDInter1878,Tripelennamine,Moderate
DDInter1244,Morphine,DDInter1879,Triprolidine,Moderate
DDInter1886,Trospium,DDInter1244,Morphine,Moderate
DDInter1244,Morphine,DDInter1887,Trovafloxacin,Moderate
DDInter1888,Tryptophan,DDInter1244,Morphine,Moderate
DDInter1244,Morphine,DDInter1909,Valbenazine,Moderate
DDInter1244,Morphine,DDInter1911,Valerian,Moderate
DDInter1915,Valsartan,DDInter1244,Morphine,Moderate
DDInter1927,Venlafaxine,DDInter1244,Morphine,Moderate
DDInter1244,Morphine,DDInter1928,Verapamil,Minor
DDInter1244,Morphine,DDInter1933,Vigabatrin,Moderate
DDInter1244,Morphine,DDInter1935,Vilazodone,Moderate
DDInter1244,Morphine,DDInter1948,Vortioxetine,Moderate
DDInter1244,Morphine,DDInter1954,Yohimbine,Minor
DDInter1244,Morphine,DDInter1957,Zaleplon,Major
DDInter1244,Morphine,DDInter1960,Ziconotide,Moderate
DDInter1967,Ziprasidone,DDInter1244,Morphine,Major
DDInter1244,Morphine,DDInter1969,Zolmitriptan,Moderate
DDInter1244,Morphine,DDInter1970,Zolpidem,Major
DDInter1244,Morphine,DDInter1971,Zonisamide,Moderate
DDInter873,Human immunoglobulin G (intravenous),DDInter86,Amphotericin B (cholesteryl sulfate),Major
DDInter873,Human immunoglobulin G (intravenous),DDInter88,Amphotericin B (liposomal),Major
DDInter873,Human immunoglobulin G (intravenous),DDInter164,Balsalazide,Major
DDInter873,Human immunoglobulin G (intravenous),DDInter1004,Kanamycin,Major
DDInter873,Human immunoglobulin G (intravenous),DDInter1277,Neomycin,Major
DDInter873,Human immunoglobulin G (intravenous),DDInter1334,Olsalazine,Major
DDInter873,Human immunoglobulin G (intravenous),DDInter1489,Polymyxin B,Major
DDInter873,Human immunoglobulin G (intravenous),DDInter1713,Streptomycin,Major
DDInter873,Human immunoglobulin G (intravenous),DDInter1725,Sulfasalazine,Major
DDInter873,Human immunoglobulin G (intravenous),DDInter1916,Vancomycin,Major
DDInter124,Ascorbic acid,DDInter58,Aluminum hydroxide,Moderate
DDInter124,Ascorbic acid,DDInter187,Benzphetamine,Moderate
DDInter124,Ascorbic acid,DDInter222,Bortezomib,Moderate
DDInter124,Ascorbic acid,DDInter387,Cisplatin,Minor
DDInter124,Ascorbic acid,DDInter490,Deferoxamine,Moderate
DDInter124,Ascorbic acid,DDInter526,Dextroamphetamine,Moderate
DDInter124,Ascorbic acid,DDInter596,Doxorubicin,Minor
DDInter124,Ascorbic acid,DDInter597,Doxorubicin (liposomal),Minor
DDInter124,Ascorbic acid,DDInter650,Ephedrine,Minor
DDInter124,Ascorbic acid,DDInter651,Ephedrine (nasal),Minor
DDInter124,Ascorbic acid,DDInter740,Flecainide,Minor
DDInter124,Ascorbic acid,DDInter760,Fluphenazine,Minor
DDInter124,Ascorbic acid,DDInter917,Indinavir,Minor
DDInter124,Ascorbic acid,DDInter1078,Lisdexamfetamine,Moderate
DDInter124,Ascorbic acid,DDInter1161,Metamfetamine,Moderate
DDInter124,Ascorbic acid,DDInter1206,Mexiletine,Minor
DDInter124,Ascorbic acid,DDInter1378,Paclitaxel (protein-bound),Minor
DDInter124,Ascorbic acid,DDInter1539,Propranolol,Minor
DDInter124,Ascorbic acid,DDInter1717,Sucralfate,Moderate
DDInter124,Ascorbic acid,DDInter1951,Warfarin,Minor
DDInter16,Acetohexamide,DDInter125,Asenapine,Moderate
DDInter136,Atropine,DDInter125,Asenapine,Moderate
DDInter125,Asenapine,DDInter212,Bisacodyl,Moderate
DDInter125,Asenapine,DDInter280,Canagliflozin,Moderate
DDInter125,Asenapine,DDInter307,Castor oil,Moderate
DDInter364,Chlorpropamide,DDInter125,Asenapine,Moderate
DDInter380,Cimetidine,DDInter125,Asenapine,Moderate
DDInter385,Cisapride,DDInter125,Asenapine,Major
DDInter393,Clarithromycin,DDInter125,Asenapine,Moderate
DDInter397,Clidinium,DDInter125,Asenapine,Moderate
DDInter125,Asenapine,DDInter474,Dapagliflozin,Moderate
DDInter543,Dicyclomine,DDInter125,Asenapine,Moderate
DDInter581,Dolasetron,DDInter125,Asenapine,Major
DDInter601,Dronabinol,DDInter125,Asenapine,Moderate
DDInter125,Asenapine,DDInter607,Dulaglutide,Moderate
DDInter125,Asenapine,DDInter636,Empagliflozin,Moderate
DDInter125,Asenapine,DDInter669,Ertugliflozin,Moderate
DDInter706,Exenatide,DDInter125,Asenapine,Moderate
DDInter825,Glimepiride,DDInter125,Asenapine,Moderate
DDInter826,Glipizide,DDInter125,Asenapine,Moderate
DDInter831,Glyburide,DDInter125,Asenapine,Moderate
DDInter125,Asenapine,DDInter832,Glycerin,Moderate
DDInter125,Asenapine,DDInter833,Glycerol phenylbutyrate,Moderate
DDInter834,Glycopyrronium,DDInter125,Asenapine,Moderate
DDInter840,Granisetron,DDInter125,Asenapine,Moderate
DDInter934,Insulin human,DDInter125,Asenapine,Moderate
DDInter929,Insulin aspart (aspart),DDInter125,Asenapine,Moderate
DDInter928,Insulin aspart (aspart protamine),DDInter125,Asenapine,Moderate
DDInter125,Asenapine,DDInter930,Insulin degludec,Moderate
DDInter931,Insulin detemir,DDInter125,Asenapine,Moderate
DDInter932,Insulin glargine,DDInter125,Asenapine,Moderate
DDInter933,Insulin glulisine,DDInter125,Asenapine,Moderate
DDInter935,"Insulin human (inhalation, rapid acting)",DDInter125,Asenapine,Moderate
DDInter936,Insulin human (isophane),DDInter125,Asenapine,Moderate
DDInter940,Insulin lispro,DDInter125,Asenapine,Moderate
DDInter941,Insulin lispro (protamine),DDInter125,Asenapine,Moderate
DDInter937,Insulin human (regular),DDInter125,Asenapine,Moderate
DDInter939,Insulin human (zinc),DDInter125,Asenapine,Moderate
DDInter938,Insulin human (zinc extended),DDInter125,Asenapine,Moderate
DDInter125,Asenapine,DDInter1016,Lactitol,Moderate
DDInter1018,Lactulose,DDInter125,Asenapine,Moderate
DDInter1055,Levofloxacin,DDInter125,Asenapine,Moderate
DDInter125,Asenapine,DDInter1070,Linagliptin,Moderate
DDInter125,Asenapine,DDInter1077,Liraglutide,Moderate
DDInter125,Asenapine,DDInter1082,Lixisenatide,Moderate
DDInter1093,Lorcaserin,DDInter125,Asenapine,Moderate
DDInter125,Asenapine,DDInter1115,Magnesium citrate,Moderate
DDInter125,Asenapine,DDInter1118,Magnesium hydroxide,Moderate
DDInter1149,Mepenzolate,DDInter125,Asenapine,Moderate
DDInter125,Asenapine,DDInter1180,Methscopolamine,Moderate
DDInter1197,Metoclopramide,DDInter125,Asenapine,Major
DDInter1202,Metronidazole,DDInter125,Asenapine,Minor
DDInter1217,Miglitol,DDInter125,Asenapine,Moderate
DDInter125,Asenapine,DDInter1223,Mineral oil,Moderate
DDInter1245,Morphine (liposomal),DDInter125,Asenapine,Major
DDInter1253,Nabilone,DDInter125,Asenapine,Moderate
DDInter1269,Nateglinide,DDInter125,Asenapine,Moderate
DDInter1319,Obeticholic acid,DDInter125,Asenapine,Moderate
DDInter1342,Ondansetron,DDInter125,Asenapine,Moderate
DDInter125,Asenapine,DDInter1344,Opium,Moderate
DDInter1382,Palonosetron,DDInter125,Asenapine,Moderate
DDInter1389,Papaverine,DDInter125,Asenapine,Major
DDInter1443,Phenolphthalein,DDInter125,Asenapine,Moderate
DDInter125,Asenapine,DDInter1488,Polyethylene glycol (3350),Moderate
DDInter125,Asenapine,DDInter1487,Polyethylene glycol (3350 with electrolytes),Moderate
DDInter1506,Pramlintide,DDInter125,Asenapine,Moderate
DDInter1535,Propantheline,DDInter125,Asenapine,Moderate
DDInter1581,Repaglinide,DDInter125,Asenapine,Moderate
DDInter1621,Rosiglitazone,DDInter125,Asenapine,Moderate
DDInter125,Asenapine,DDInter1646,Saxagliptin,Moderate
DDInter1647,Scopolamine,DDInter125,Asenapine,Moderate
DDInter125,Asenapine,DDInter1660,Semaglutide,Moderate
DDInter1665,Sibutramine,DDInter125,Asenapine,Moderate
DDInter1679,Sitagliptin,DDInter125,Asenapine,Moderate
DDInter1826,Tolazamide,DDInter125,Asenapine,Moderate
DDInter1828,Tolbutamide,DDInter125,Asenapine,Moderate
DDInter1881,Troglitazone,DDInter125,Asenapine,Moderate
DDInter1886,Trospium,DDInter125,Asenapine,Moderate
DDInter127,Asparaginase Escherichia coli,DDInter16,Acetohexamide,Moderate
DDInter127,Asparaginase Escherichia coli,DDInter20,Acetylsalicylic acid,Moderate
DDInter127,Asparaginase Escherichia coli,DDInter195,Betamethasone,Moderate
DDInter127,Asparaginase Escherichia coli,DDInter246,Budesonide,Moderate
DDInter127,Asparaginase Escherichia coli,DDInter280,Canagliflozin,Moderate
DDInter127,Asparaginase Escherichia coli,DDInter348,Chenodeoxycholic acid,Moderate
DDInter127,Asparaginase Escherichia coli,DDInter364,Chlorpropamide,Moderate
DDInter127,Asparaginase Escherichia coli,DDInter393,Clarithromycin,Moderate
DDInter127,Asparaginase Escherichia coli,DDInter416,Clotrimazole,Moderate
DDInter127,Asparaginase Escherichia coli,DDInter474,Dapagliflozin,Moderate
DDInter127,Asparaginase Escherichia coli,DDInter513,Dexamethasone,Moderate
DDInter127,Asparaginase Escherichia coli,DDInter607,Dulaglutide,Moderate
DDInter127,Asparaginase Escherichia coli,DDInter636,Empagliflozin,Moderate
DDInter127,Asparaginase Escherichia coli,DDInter669,Ertugliflozin,Moderate
DDInter127,Asparaginase Escherichia coli,DDInter706,Exenatide,Moderate
DDInter127,Asparaginase Escherichia coli,DDInter825,Glimepiride,Moderate
DDInter127,Asparaginase Escherichia coli,DDInter826,Glipizide,Moderate
DDInter127,Asparaginase Escherichia coli,DDInter831,Glyburide,Moderate
DDInter127,Asparaginase Escherichia coli,DDInter934,Insulin human,Moderate
DDInter127,Asparaginase Escherichia coli,DDInter929,Insulin aspart (aspart),Moderate
DDInter127,Asparaginase Escherichia coli,DDInter928,Insulin aspart (aspart protamine),Moderate
DDInter127,Asparaginase Escherichia coli,DDInter930,Insulin degludec,Moderate
DDInter127,Asparaginase Escherichia coli,DDInter931,Insulin detemir,Moderate
DDInter127,Asparaginase Escherichia coli,DDInter932,Insulin glargine,Moderate
DDInter127,Asparaginase Escherichia coli,DDInter933,Insulin glulisine,Moderate
DDInter127,Asparaginase Escherichia coli,DDInter935,"Insulin human (inhalation, rapid acting)",Moderate
DDInter127,Asparaginase Escherichia coli,DDInter936,Insulin human (isophane),Moderate
DDInter127,Asparaginase Escherichia coli,DDInter940,Insulin lispro,Moderate
DDInter127,Asparaginase Escherichia coli,DDInter941,Insulin lispro (protamine),Moderate
DDInter127,Asparaginase Escherichia coli,DDInter937,Insulin human (regular),Moderate
DDInter127,Asparaginase Escherichia coli,DDInter939,Insulin human (zinc),Moderate
DDInter127,Asparaginase Escherichia coli,DDInter938,Insulin human (zinc extended),Moderate
DDInter127,Asparaginase Escherichia coli,DDInter1055,Levofloxacin,Moderate
DDInter127,Asparaginase Escherichia coli,DDInter1070,Linagliptin,Moderate
DDInter127,Asparaginase Escherichia coli,DDInter1077,Liraglutide,Moderate
DDInter127,Asparaginase Escherichia coli,DDInter1082,Lixisenatide,Moderate
DDInter127,Asparaginase Escherichia coli,DDInter1164,Metformin,Moderate
DDInter127,Asparaginase Escherichia coli,DDInter1217,Miglitol,Moderate
DDInter127,Asparaginase Escherichia coli,DDInter1224,Minocycline,Moderate
DDInter127,Asparaginase Escherichia coli,DDInter1263,Naltrexone,Moderate
DDInter127,Asparaginase Escherichia coli,DDInter1269,Nateglinide,Moderate
DDInter127,Asparaginase Escherichia coli,DDInter1289,Nicotinamide,Moderate
DDInter127,Asparaginase Escherichia coli,DDInter1348,Orlistat,Moderate
DDInter127,Asparaginase Escherichia coli,DDInter1357,Oxandrolone,Moderate
DDInter127,Asparaginase Escherichia coli,DDInter1371,Oxymetholone,Moderate
DDInter127,Asparaginase Escherichia coli,DDInter1506,Pramlintide,Moderate
DDInter127,Asparaginase Escherichia coli,DDInter1513,Prednisolone,Moderate
DDInter127,Asparaginase Escherichia coli,DDInter1515,Prednisone,Moderate
DDInter127,Asparaginase Escherichia coli,DDInter1581,Repaglinide,Moderate
DDInter127,Asparaginase Escherichia coli,DDInter1621,Rosiglitazone,Moderate
DDInter127,Asparaginase Escherichia coli,DDInter1622,Rosuvastatin,Moderate
DDInter127,Asparaginase Escherichia coli,DDInter1646,Saxagliptin,Moderate
DDInter127,Asparaginase Escherichia coli,DDInter1660,Semaglutide,Moderate
DDInter127,Asparaginase Escherichia coli,DDInter1675,Simvastatin,Moderate
DDInter127,Asparaginase Escherichia coli,DDInter1679,Sitagliptin,Moderate
DDInter127,Asparaginase Escherichia coli,DDInter1709,Stanozolol,Moderate
DDInter127,Asparaginase Escherichia coli,DDInter1725,Sulfasalazine,Moderate
DDInter127,Asparaginase Escherichia coli,DDInter1783,Tetracycline,Moderate
DDInter127,Asparaginase Escherichia coli,DDInter1826,Tolazamide,Moderate
DDInter127,Asparaginase Escherichia coli,DDInter1828,Tolbutamide,Moderate
DDInter127,Asparaginase Escherichia coli,DDInter1881,Troglitazone,Moderate
DDInter16,Acetohexamide,DDInter126,Asparaginase Erwinia chrysanthemi,Moderate
DDInter20,Acetylsalicylic acid,DDInter126,Asparaginase Erwinia chrysanthemi,Moderate
DDInter195,Betamethasone,DDInter126,Asparaginase Erwinia chrysanthemi,Moderate
DDInter246,Budesonide,DDInter126,Asparaginase Erwinia chrysanthemi,Moderate
DDInter126,Asparaginase Erwinia chrysanthemi,DDInter280,Canagliflozin,Moderate
DDInter348,Chenodeoxycholic acid,DDInter126,Asparaginase Erwinia chrysanthemi,Moderate
DDInter364,Chlorpropamide,DDInter126,Asparaginase Erwinia chrysanthemi,Moderate
DDInter393,Clarithromycin,DDInter126,Asparaginase Erwinia chrysanthemi,Moderate
DDInter416,Clotrimazole,DDInter126,Asparaginase Erwinia chrysanthemi,Moderate
DDInter474,Dapagliflozin,DDInter126,Asparaginase Erwinia chrysanthemi,Moderate
DDInter513,Dexamethasone,DDInter126,Asparaginase Erwinia chrysanthemi,Moderate
DDInter126,Asparaginase Erwinia chrysanthemi,DDInter607,Dulaglutide,Moderate
DDInter126,Asparaginase Erwinia chrysanthemi,DDInter636,Empagliflozin,Moderate
DDInter126,Asparaginase Erwinia chrysanthemi,DDInter669,Ertugliflozin,Moderate
DDInter706,Exenatide,DDInter126,Asparaginase Erwinia chrysanthemi,Moderate
DDInter825,Glimepiride,DDInter126,Asparaginase Erwinia chrysanthemi,Moderate
DDInter826,Glipizide,DDInter126,Asparaginase Erwinia chrysanthemi,Moderate
DDInter831,Glyburide,DDInter126,Asparaginase Erwinia chrysanthemi,Moderate
DDInter934,Insulin human,DDInter126,Asparaginase Erwinia chrysanthemi,Moderate
DDInter929,Insulin aspart (aspart),DDInter126,Asparaginase Erwinia chrysanthemi,Moderate
DDInter928,Insulin aspart (aspart protamine),DDInter126,Asparaginase Erwinia chrysanthemi,Moderate
DDInter126,Asparaginase Erwinia chrysanthemi,DDInter930,Insulin degludec,Moderate
DDInter931,Insulin detemir,DDInter126,Asparaginase Erwinia chrysanthemi,Moderate
DDInter932,Insulin glargine,DDInter126,Asparaginase Erwinia chrysanthemi,Moderate
DDInter933,Insulin glulisine,DDInter126,Asparaginase Erwinia chrysanthemi,Moderate
DDInter935,"Insulin human (inhalation, rapid acting)",DDInter126,Asparaginase Erwinia chrysanthemi,Moderate
DDInter936,Insulin human (isophane),DDInter126,Asparaginase Erwinia chrysanthemi,Moderate
DDInter940,Insulin lispro,DDInter126,Asparaginase Erwinia chrysanthemi,Moderate
DDInter941,Insulin lispro (protamine),DDInter126,Asparaginase Erwinia chrysanthemi,Moderate
DDInter937,Insulin human (regular),DDInter126,Asparaginase Erwinia chrysanthemi,Moderate
DDInter939,Insulin human (zinc),DDInter126,Asparaginase Erwinia chrysanthemi,Moderate
DDInter938,Insulin human (zinc extended),DDInter126,Asparaginase Erwinia chrysanthemi,Moderate
DDInter1055,Levofloxacin,DDInter126,Asparaginase Erwinia chrysanthemi,Moderate
DDInter1070,Linagliptin,DDInter126,Asparaginase Erwinia chrysanthemi,Moderate
DDInter1077,Liraglutide,DDInter126,Asparaginase Erwinia chrysanthemi,Moderate
DDInter126,Asparaginase Erwinia chrysanthemi,DDInter1082,Lixisenatide,Moderate
DDInter1217,Miglitol,DDInter126,Asparaginase Erwinia chrysanthemi,Moderate
DDInter1224,Minocycline,DDInter126,Asparaginase Erwinia chrysanthemi,Moderate
DDInter1263,Naltrexone,DDInter126,Asparaginase Erwinia chrysanthemi,Moderate
DDInter1269,Nateglinide,DDInter126,Asparaginase Erwinia chrysanthemi,Moderate
DDInter1289,Nicotinamide,DDInter126,Asparaginase Erwinia chrysanthemi,Moderate
DDInter1348,Orlistat,DDInter126,Asparaginase Erwinia chrysanthemi,Moderate
DDInter1357,Oxandrolone,DDInter126,Asparaginase Erwinia chrysanthemi,Moderate
DDInter1371,Oxymetholone,DDInter126,Asparaginase Erwinia chrysanthemi,Moderate
DDInter1506,Pramlintide,DDInter126,Asparaginase Erwinia chrysanthemi,Moderate
DDInter1513,Prednisolone,DDInter126,Asparaginase Erwinia chrysanthemi,Moderate
DDInter1515,Prednisone,DDInter126,Asparaginase Erwinia chrysanthemi,Moderate
DDInter1581,Repaglinide,DDInter126,Asparaginase Erwinia chrysanthemi,Moderate
DDInter1621,Rosiglitazone,DDInter126,Asparaginase Erwinia chrysanthemi,Moderate
DDInter1622,Rosuvastatin,DDInter126,Asparaginase Erwinia chrysanthemi,Moderate
DDInter1646,Saxagliptin,DDInter126,Asparaginase Erwinia chrysanthemi,Moderate
DDInter126,Asparaginase Erwinia chrysanthemi,DDInter1660,Semaglutide,Moderate
DDInter1675,Simvastatin,DDInter126,Asparaginase Erwinia chrysanthemi,Moderate
DDInter1679,Sitagliptin,DDInter126,Asparaginase Erwinia chrysanthemi,Moderate
DDInter1709,Stanozolol,DDInter126,Asparaginase Erwinia chrysanthemi,Moderate
DDInter1725,Sulfasalazine,DDInter126,Asparaginase Erwinia chrysanthemi,Moderate
DDInter1783,Tetracycline,DDInter126,Asparaginase Erwinia chrysanthemi,Moderate
DDInter1826,Tolazamide,DDInter126,Asparaginase Erwinia chrysanthemi,Moderate
DDInter1828,Tolbutamide,DDInter126,Asparaginase Erwinia chrysanthemi,Moderate
DDInter1881,Troglitazone,DDInter126,Asparaginase Erwinia chrysanthemi,Moderate
DDInter16,Acetohexamide,DDInter20,Acetylsalicylic acid,Moderate
DDInter20,Acetylsalicylic acid,DDInter58,Aluminum hydroxide,Moderate
DDInter67,Amikacin (liposome),DDInter20,Acetylsalicylic acid,Moderate
DDInter20,Acetylsalicylic acid,DDInter98,Anisindione,Major
DDInter99,Anistreplase,DDInter20,Acetylsalicylic acid,Moderate
DDInter130,Atenolol,DDInter20,Acetylsalicylic acid,Minor
DDInter20,Acetylsalicylic acid,DDInter142,Avapritinib,Major
DDInter20,Acetylsalicylic acid,DDInter156,Azilsartan medoxomil,Moderate
DDInter20,Acetylsalicylic acid,DDInter165,Baricitinib,Moderate
DDInter177,Benazepril,DDInter20,Acetylsalicylic acid,Moderate
DDInter20,Acetylsalicylic acid,DDInter192,Bepridil,Moderate
DDInter195,Betamethasone,DDInter20,Acetylsalicylic acid,Moderate
DDInter197,Betaxolol,DDInter20,Acetylsalicylic acid,Minor
DDInter20,Acetylsalicylic acid,DDInter200,Betrixaban,Major
DDInter216,Bisoprolol,DDInter20,Acetylsalicylic acid,Minor
DDInter20,Acetylsalicylic acid,DDInter238,Brinzolamide (ophthalmic),Major
DDInter20,Acetylsalicylic acid,DDInter241,Bromfenac,Moderate
DDInter20,Acetylsalicylic acid,DDInter242,Bromfenac (ophthalmic),Moderate
DDInter20,Acetylsalicylic acid,DDInter246,Budesonide,Moderate
DDInter248,Bumetanide,DDInter20,Acetylsalicylic acid,Minor
DDInter20,Acetylsalicylic acid,DDInter271,Calcium carbonate,Moderate
DDInter20,Acetylsalicylic acid,DDInter292,Captopril,Moderate
DDInter303,Carteolol,DDInter20,Acetylsalicylic acid,Minor
DDInter20,Acetylsalicylic acid,DDInter305,Carvedilol,Minor
DDInter20,Acetylsalicylic acid,DDInter347,Chamomile,Minor
DDInter20,Acetylsalicylic acid,DDInter24,Activated charcoal,Moderate
DDInter364,Chlorpropamide,DDInter20,Acetylsalicylic acid,Moderate
DDInter20,Acetylsalicylic acid,DDInter368,Cholestyramine,Minor
DDInter383,Cinoxacin,DDInter20,Acetylsalicylic acid,Moderate
DDInter384,Ciprofloxacin,DDInter20,Acetylsalicylic acid,Moderate
DDInter388,Citalopram,DDInter20,Acetylsalicylic acid,Moderate
DDInter20,Acetylsalicylic acid,DDInter410,Clomipramine,Moderate
DDInter413,Clopidogrel,DDInter20,Acetylsalicylic acid,Moderate
DDInter435,Collagenase clostridium histolyticum,DDInter20,Acetylsalicylic acid,Moderate
DDInter458,Cyclosporine,DDInter20,Acetylsalicylic acid,Moderate
DDInter20,Acetylsalicylic acid,DDInter470,Dalteparin,Major
DDInter20,Acetylsalicylic acid,DDInter491,Defibrotide,Major
DDInter20,Acetylsalicylic acid,DDInter492,Deflazacort,Moderate
DDInter20,Acetylsalicylic acid,DDInter495,Delafloxacin,Moderate
DDInter20,Acetylsalicylic acid,DDInter501,Deoxycholic acid,Moderate
DDInter20,Acetylsalicylic acid,DDInter505,Desirudin,Major
DDInter507,Desmopressin,DDInter20,Acetylsalicylic acid,Minor
DDInter20,Acetylsalicylic acid,DDInter511,Desvenlafaxine,Moderate
DDInter20,Acetylsalicylic acid,DDInter513,Dexamethasone,Moderate
DDInter573,Dipyridamole,DDInter518,Dexfenfluramine,Moderate
DDInter20,Acetylsalicylic acid,DDInter519,Dexlansoprazole,Minor
DDInter20,Acetylsalicylic acid,DDInter540,Diclofenamide,Major
DDInter542,Dicoumarol,DDInter20,Acetylsalicylic acid,Major
DDInter544,Didanosine,DDInter20,Acetylsalicylic acid,Moderate
DDInter551,Diflunisal,DDInter20,Acetylsalicylic acid,Moderate
DDInter554,Digoxin,DDInter20,Acetylsalicylic acid,Moderate
DDInter561,Diltiazem,DDInter20,Acetylsalicylic acid,Moderate
DDInter1913,Valproic acid,DDInter20,Acetylsalicylic acid,Moderate
DDInter583,Donepezil,DDInter20,Acetylsalicylic acid,Minor
DDInter588,Dorzolamide (ophthalmic),DDInter20,Acetylsalicylic acid,Major
DDInter20,Acetylsalicylic acid,DDInter604,Drospirenone,Moderate
DDInter605,Drotrecogin alfa,DDInter20,Acetylsalicylic acid,Major
DDInter608,Duloxetine,DDInter20,Acetylsalicylic acid,Moderate
DDInter638,Enalapril,DDInter20,Acetylsalicylic acid,Moderate
DDInter644,Enoxacin,DDInter20,Acetylsalicylic acid,Moderate
DDInter656,Eplerenone,DDInter20,Acetylsalicylic acid,Moderate
DDInter20,Acetylsalicylic acid,DDInter657,Epoprostenol,Moderate
DDInter658,Eprosartan,DDInter20,Acetylsalicylic acid,Moderate
DDInter20,Acetylsalicylic acid,DDInter672,Escitalopram,Moderate
DDInter675,Esmolol,DDInter20,Acetylsalicylic acid,Minor
DDInter676,Esomeprazole,DDInter20,Acetylsalicylic acid,Minor
DDInter686,Etacrynic acid,DDInter20,Acetylsalicylic acid,Minor
DDInter20,Acetylsalicylic acid,DDInter698,Etidronic acid,Moderate
DDInter699,Etodolac,DDInter20,Acetylsalicylic acid,Moderate
DDInter20,Acetylsalicylic acid,DDInter716,Felodipine,Moderate
DDInter717,Fenfluramine,DDInter20,Acetylsalicylic acid,Moderate
DDInter721,Fenoprofen,DDInter20,Acetylsalicylic acid,Moderate
DDInter747,Fludrocortisone,DDInter20,Acetylsalicylic acid,Moderate
DDInter758,Fluoxetine,DDInter20,Acetylsalicylic acid,Moderate
DDInter764,Flurbiprofen (ophthalmic),DDInter20,Acetylsalicylic acid,Moderate
DDInter20,Acetylsalicylic acid,DDInter809,Gatifloxacin,Moderate
DDInter815,Gentamicin,DDInter20,Acetylsalicylic acid,Moderate
DDInter825,Glimepiride,DDInter20,Acetylsalicylic acid,Moderate
DDInter20,Acetylsalicylic acid,DDInter826,Glipizide,Moderate
DDInter20,Acetylsalicylic acid,DDInter831,Glyburide,Moderate
DDInter842,Grepafloxacin,DDInter20,Acetylsalicylic acid,Moderate
DDInter843,Griseofulvin,DDInter20,Acetylsalicylic acid,Minor
DDInter20,Acetylsalicylic acid,DDInter856,Heparin,Moderate
DDInter20,Acetylsalicylic acid,DDInter881,Hyaluronidase,Minor
DDInter20,Acetylsalicylic acid,DDInter882,Hydralazine,Moderate
DDInter897,Ibandronate,DDInter20,Acetylsalicylic acid,Moderate
DDInter898,Ibritumomab tiuxetan,DDInter20,Acetylsalicylic acid,Major
DDInter903,Icosapent,DDInter20,Acetylsalicylic acid,Moderate
DDInter912,Imipramine,DDInter20,Acetylsalicylic acid,Moderate
DDInter921,Indomethacin,DDInter20,Acetylsalicylic acid,Moderate
DDInter934,Insulin human,DDInter20,Acetylsalicylic acid,Moderate
DDInter20,Acetylsalicylic acid,DDInter929,Insulin aspart (aspart),Moderate
DDInter20,Acetylsalicylic acid,DDInter928,Insulin aspart (aspart protamine),Moderate
DDInter20,Acetylsalicylic acid,DDInter930,Insulin degludec,Moderate
DDInter20,Acetylsalicylic acid,DDInter931,Insulin detemir,Moderate
DDInter932,Insulin glargine,DDInter20,Acetylsalicylic acid,Moderate
DDInter20,Acetylsalicylic acid,DDInter933,Insulin glulisine,Moderate
DDInter935,"Insulin human (inhalation, rapid acting)",DDInter20,Acetylsalicylic acid,Moderate
DDInter936,Insulin human (isophane),DDInter20,Acetylsalicylic acid,Moderate
DDInter940,Insulin lispro,DDInter20,Acetylsalicylic acid,Moderate
DDInter941,Insulin lispro (protamine),DDInter20,Acetylsalicylic acid,Moderate
DDInter937,Insulin human (regular),DDInter20,Acetylsalicylic acid,Moderate
DDInter939,Insulin human (zinc),DDInter20,Acetylsalicylic acid,Moderate
DDInter938,Insulin human (zinc extended),DDInter20,Acetylsalicylic acid,Moderate
DDInter1839,Tositumomab (I-131),DDInter20,Acetylsalicylic acid,Major
DDInter20,Acetylsalicylic acid,DDInter972,Irbesartan,Moderate
DDInter993,Isradipine,DDInter20,Acetylsalicylic acid,Moderate
DDInter20,Acetylsalicylic acid,DDInter1004,Kanamycin,Moderate
DDInter20,Acetylsalicylic acid,DDInter1009,Ketoprofen,Moderate
DDInter1013,Labetalol,DDInter20,Acetylsalicylic acid,Minor
DDInter1022,Lansoprazole,DDInter20,Acetylsalicylic acid,Minor
DDInter20,Acetylsalicylic acid,DDInter1033,Leflunomide,Major
DDInter20,Acetylsalicylic acid,DDInter1038,Lesinurad,Moderate
DDInter20,Acetylsalicylic acid,DDInter1045,Levamlodipine,Moderate
DDInter20,Acetylsalicylic acid,DDInter1055,Levofloxacin,Moderate
DDInter1079,Lisinopril,DDInter20,Acetylsalicylic acid,Moderate
DDInter20,Acetylsalicylic acid,DDInter1081,Lithium carbonate,Minor
DDInter20,Acetylsalicylic acid,DDInter1084,Lomefloxacin,Moderate
DDInter1095,Losartan,DDInter20,Acetylsalicylic acid,Moderate
DDInter20,Acetylsalicylic acid,DDInter1110,Macimorelin,Moderate
DDInter20,Acetylsalicylic acid,DDInter1112,Magaldrate,Moderate
DDInter20,Acetylsalicylic acid,DDInter1113,Magnesium carbonate,Moderate
DDInter20,Acetylsalicylic acid,DDInter1118,Magnesium hydroxide,Moderate
DDInter20,Acetylsalicylic acid,DDInter1119,Magnesium oxide,Moderate
DDInter1135,Meclofenamic acid,DDInter20,Acetylsalicylic acid,Moderate
DDInter1167,Methazolamide,DDInter20,Acetylsalicylic acid,Major
DDInter1174,Methotrexate,DDInter20,Acetylsalicylic acid,Major
DDInter20,Acetylsalicylic acid,DDInter1191,Methylprednisolone,Moderate
DDInter20,Acetylsalicylic acid,DDInter1197,Metoclopramide,Minor
DDInter1200,Metoprolol,DDInter20,Acetylsalicylic acid,Minor
DDInter20,Acetylsalicylic acid,DDInter1220,Milnacipran,Moderate
DDInter1237,Moexipril,DDInter20,Acetylsalicylic acid,Moderate
DDInter1247,Moxifloxacin,DDInter20,Acetylsalicylic acid,Moderate
DDInter1254,Nabumetone,DDInter20,Acetylsalicylic acid,Moderate
DDInter20,Acetylsalicylic acid,DDInter1255,Nadolol,Minor
DDInter1259,Nalidixic acid,DDInter20,Acetylsalicylic acid,Moderate
DDInter1266,Naproxen,DDInter20,Acetylsalicylic acid,Moderate
DDInter1269,Nateglinide,DDInter20,Acetylsalicylic acid,Moderate
DDInter20,Acetylsalicylic acid,DDInter1271,Nebivolol,Minor
DDInter20,Acetylsalicylic acid,DDInter1280,Nepafenac (ophthalmic),Moderate
DDInter20,Acetylsalicylic acid,DDInter1283,Netilmicin,Moderate
DDInter1286,Niacin,DDInter20,Acetylsalicylic acid,Minor
DDInter1287,Nicardipine,DDInter20,Acetylsalicylic acid,Moderate
DDInter1295,Nimodipine,DDInter20,Acetylsalicylic acid,Moderate
DDInter1298,Nisoldipine,DDInter20,Acetylsalicylic acid,Moderate
DDInter1304,Nitroglycerin,DDInter20,Acetylsalicylic acid,Minor
DDInter20,Acetylsalicylic acid,DDInter1313,Norfloxacin,Moderate
DDInter20,Acetylsalicylic acid,DDInter1325,Ofloxacin,Moderate
DDInter1330,Olmesartan,DDInter20,Acetylsalicylic acid,Moderate
DDInter20,Acetylsalicylic acid,DDInter1335,Omacetaxine mepesuccinate,Major
DDInter1340,Omeprazole,DDInter20,Acetylsalicylic acid,Minor
DDInter1383,Pamidronic acid,DDInter20,Acetylsalicylic acid,Moderate
DDInter20,Acetylsalicylic acid,DDInter1387,Panobinostat,Major
DDInter1388,Pantoprazole,DDInter20,Acetylsalicylic acid,Minor
DDInter1397,Paroxetine,DDInter20,Acetylsalicylic acid,Moderate
DDInter1404,Pegaspargase,DDInter20,Acetylsalicylic acid,Moderate
DDInter1414,Pemetrexed,DDInter20,Acetylsalicylic acid,Moderate
DDInter20,Acetylsalicylic acid,DDInter1417,Penbutolol,Minor
DDInter1424,Pentosan polysulfate,DDInter20,Acetylsalicylic acid,Moderate
DDInter1431,Perindopril,DDInter20,Acetylsalicylic acid,Moderate
DDInter1460,Phenytoin,DDInter20,Acetylsalicylic acid,Minor
DDInter20,Acetylsalicylic acid,DDInter1471,Pindolol,Minor
DDInter1478,Piroxicam,DDInter20,Acetylsalicylic acid,Moderate
DDInter20,Acetylsalicylic acid,DDInter1480,Pitolisant,Moderate
DDInter20,Acetylsalicylic acid,DDInter1482,Plazomicin,Moderate
DDInter20,Acetylsalicylic acid,DDInter1487,Polyethylene glycol (3350 with electrolytes),Moderate
DDInter20,Acetylsalicylic acid,DDInter1492,Ponatinib,Major
DDInter20,Acetylsalicylic acid,DDInter1498,Potassium citrate,Moderate
DDInter20,Acetylsalicylic acid,DDInter1502,Pralatrexate,Moderate
DDInter1511,Prazosin,DDInter20,Acetylsalicylic acid,Moderate
DDInter1513,Prednisolone,DDInter20,Acetylsalicylic acid,Moderate
DDInter1515,Prednisone,DDInter20,Acetylsalicylic acid,Moderate
DDInter20,Acetylsalicylic acid,DDInter1522,Probenecid,Moderate
DDInter1539,Propranolol,DDInter20,Acetylsalicylic acid,Minor
DDInter1554,Quinapril,DDInter20,Acetylsalicylic acid,Moderate
DDInter1556,Quinidine,DDInter20,Acetylsalicylic acid,Moderate
DDInter1565,Ramipril,DDInter20,Acetylsalicylic acid,Moderate
DDInter20,Acetylsalicylic acid,DDInter1566,Ramucirumab,Major
DDInter1581,Repaglinide,DDInter20,Acetylsalicylic acid,Moderate
DDInter1585,Reteplase,DDInter20,Acetylsalicylic acid,Moderate
DDInter1604,Risedronic acid,DDInter20,Acetylsalicylic acid,Moderate
DDInter20,Acetylsalicylic acid,DDInter1609,Rivaroxaban,Major
DDInter573,Dipyridamole,DDInter1665,Sibutramine,Moderate
DDInter20,Acetylsalicylic acid,DDInter1681,Sodium acetate,Moderate
DDInter20,Acetylsalicylic acid,DDInter1683,Sodium bicarbonate,Moderate
DDInter20,Acetylsalicylic acid,DDInter953,Iodide I-123,Moderate
DDInter20,Acetylsalicylic acid,DDInter954,Iodide I-131,Moderate
DDInter20,Acetylsalicylic acid,DDInter1015,Lactic acid,Moderate
DDInter1704,Sotalol,DDInter20,Acetylsalicylic acid,Minor
DDInter20,Acetylsalicylic acid,DDInter1705,Sparfloxacin,Moderate
DDInter1707,Spironolactone,DDInter20,Acetylsalicylic acid,Minor
DDInter1712,Streptokinase,DDInter20,Acetylsalicylic acid,Moderate
DDInter20,Acetylsalicylic acid,DDInter1713,Streptomycin,Moderate
DDInter20,Acetylsalicylic acid,DDInter1726,Sulfinpyrazone,Moderate
DDInter1729,Sulindac,DDInter20,Acetylsalicylic acid,Moderate
DDInter20,Acetylsalicylic acid,DDInter1759,Telmisartan,Moderate
DDInter1764,Tenecteplase,DDInter20,Acetylsalicylic acid,Moderate
DDInter20,Acetylsalicylic acid,DDInter1771,Teriflunomide,Major
DDInter1804,Ticlopidine,DDInter20,Acetylsalicylic acid,Moderate
DDInter20,Acetylsalicylic acid,DDInter1808,Tiludronic acid,Moderate
DDInter1809,Timolol,DDInter20,Acetylsalicylic acid,Minor
DDInter20,Acetylsalicylic acid,DDInter1812,Tinzaparin,Major
DDInter1817,Tipranavir,DDInter20,Acetylsalicylic acid,Major
DDInter1822,Tobramycin,DDInter20,Acetylsalicylic acid,Moderate
DDInter20,Acetylsalicylic acid,DDInter1825,Tofacitinib,Moderate
DDInter1826,Tolazamide,DDInter20,Acetylsalicylic acid,Moderate
DDInter20,Acetylsalicylic acid,DDInter1828,Tolbutamide,Moderate
DDInter1831,Tolmetin,DDInter20,Acetylsalicylic acid,Moderate
DDInter1836,Torasemide,DDInter20,Acetylsalicylic acid,Minor
DDInter1838,Tositumomab,DDInter20,Acetylsalicylic acid,Major
DDInter1843,Trandolapril,DDInter20,Acetylsalicylic acid,Moderate
DDInter1857,Triamcinolone (ophthalmic),DDInter20,Acetylsalicylic acid,Moderate
DDInter20,Acetylsalicylic acid,DDInter1883,Tromethamine,Moderate
DDInter1887,Trovafloxacin,DDInter20,Acetylsalicylic acid,Moderate
DDInter20,Acetylsalicylic acid,DDInter1892,Turmeric,Minor
DDInter1905,Urokinase,DDInter20,Acetylsalicylic acid,Moderate
DDInter1915,Valsartan,DDInter20,Acetylsalicylic acid,Moderate
DDInter20,Acetylsalicylic acid,DDInter1920,Varicella Zoster Vaccine (Recombinant),Moderate
DDInter1927,Venlafaxine,DDInter20,Acetylsalicylic acid,Moderate
DDInter1928,Verapamil,DDInter20,Acetylsalicylic acid,Moderate
DDInter1929,Verteporfin,DDInter20,Acetylsalicylic acid,Moderate
DDInter20,Acetylsalicylic acid,DDInter1935,Vilazodone,Moderate
DDInter20,Acetylsalicylic acid,DDInter1948,Vortioxetine,Moderate
DDInter1951,Warfarin,DDInter20,Acetylsalicylic acid,Major
DDInter1955,Zafirlukast,DDInter20,Acetylsalicylic acid,Moderate
DDInter20,Acetylsalicylic acid,DDInter1959,Zanubrutinib,Major
DDInter1968,Zoledronic acid,DDInter20,Acetylsalicylic acid,Moderate
DDInter1340,Omeprazole,DDInter86,Amphotericin B (cholesteryl sulfate),Moderate
DDInter1340,Omeprazole,DDInter88,Amphotericin B (liposomal),Moderate
DDInter115,Ardeparin,DDInter20,Acetylsalicylic acid,Major
DDInter117,Argatroban,DDInter20,Acetylsalicylic acid,Moderate
DDInter1340,Omeprazole,DDInter129,Atazanavir,Major
DDInter1340,Omeprazole,DDInter133,Atorvastatin,Moderate
DDInter1340,Omeprazole,DDInter159,Bacampicillin,Moderate
DDInter1340,Omeprazole,DDInter178,Bendamustine,Moderate
DDInter1340,Omeprazole,DDInter179,Bendroflumethiazide,Moderate
DDInter1340,Omeprazole,DDInter188,Benzthiazide,Moderate
DDInter1340,Omeprazole,DDInter210,Binimetinib,Moderate
DDInter1340,Omeprazole,DDInter224,Bosutinib,Moderate
DDInter1340,Omeprazole,DDInter248,Bumetanide,Moderate
DDInter20,Acetylsalicylic acid,DDInter262,Cabozantinib,Major
DDInter20,Acetylsalicylic acid,DDInter264,Calaspargase pegol,Moderate
DDInter20,Acetylsalicylic acid,DDInter286,Caplacizumab,Major
DDInter288,Capreomycin,DDInter1340,Omeprazole,Moderate
DDInter1340,Omeprazole,DDInter975,Iron,Moderate
DDInter1340,Omeprazole,DDInter298,Carboplatin,Moderate
DDInter1340,Omeprazole,DDInter316,Cefditoren,Moderate
DDInter1340,Omeprazole,DDInter326,Cefpodoxime,Moderate
DDInter1340,Omeprazole,DDInter335,Cefuroxime,Moderate
DDInter336,Celecoxib,DDInter20,Acetylsalicylic acid,Moderate
DDInter1340,Omeprazole,DDInter338,Cenobamate,Moderate
DDInter1340,Omeprazole,DDInter340,Ceritinib,Moderate
DDInter344,Cetuximab,DDInter1340,Omeprazole,Moderate
DDInter1340,Omeprazole,DDInter355,Chlordiazepoxide,Moderate
DDInter1340,Omeprazole,DDInter360,Chlorothiazide,Moderate
DDInter365,Chlorthalidone,DDInter1340,Omeprazole,Moderate
DDInter1340,Omeprazole,DDInter379,Cilostazol,Major
DDInter1340,Omeprazole,DDInter387,Cisplatin,Moderate
DDInter388,Citalopram,DDInter1340,Omeprazole,Major
DDInter1340,Omeprazole,DDInter393,Clarithromycin,Minor
DDInter1340,Omeprazole,DDInter401,Clobazam,Moderate
DDInter1340,Omeprazole,DDInter411,Clonazepam,Moderate
DDInter1340,Omeprazole,DDInter413,Clopidogrel,Major
DDInter1340,Omeprazole,DDInter414,Clorazepic acid,Moderate
DDInter1340,Omeprazole,DDInter419,Clozapine,Moderate
DDInter1340,Omeprazole,DDInter465,Dacomitinib,Major
DDInter20,Acetylsalicylic acid,DDInter471,Danaparoid,Major
DDInter1340,Omeprazole,DDInter484,Dasatinib,Major
DDInter20,Acetylsalicylic acid,DDInter488,Deferasirox,Major
DDInter1340,Omeprazole,DDInter496,Delavirdine,Moderate
DDInter20,Acetylsalicylic acid,DDInter518,Dexfenfluramine,Moderate
DDInter1340,Omeprazole,DDInter534,Diazepam,Moderate
DDInter537,Diclofenac,DDInter20,Acetylsalicylic acid,Moderate
DDInter538,Diclofenac (ophthalmic),DDInter20,Acetylsalicylic acid,Moderate
DDInter1340,Omeprazole,DDInter612,Duvelisib,Moderate
DDInter20,Acetylsalicylic acid,DDInter621,Edoxaban,Major
DDInter20,Acetylsalicylic acid,DDInter645,Enoxaparin,Major
DDInter1340,Omeprazole,DDInter649,Enzalutamide,Moderate
DDInter659,Eptifibatide,DDInter20,Acetylsalicylic acid,Moderate
DDInter1340,Omeprazole,DDInter667,Erlotinib,Major
DDInter1340,Omeprazole,DDInter677,Estazolam,Moderate
DDInter1340,Omeprazole,DDInter686,Etacrynic acid,Moderate
DDInter1340,Omeprazole,DDInter696,Ethotoin,Moderate
DDInter1340,Omeprazole,DDInter703,Etravirine,Moderate
DDInter1340,Omeprazole,DDInter714,Fedratinib,Moderate
DDInter1340,Omeprazole,DDInter725,Ferrous fumarate,Moderate
DDInter1340,Omeprazole,DDInter726,Ferrous gluconate,Moderate
DDInter1340,Omeprazole,DDInter727,Ferrous sulfate anhydrous,Moderate
DDInter1340,Omeprazole,DDInter741,Flibanserin,Moderate
DDInter743,Fluconazole,DDInter1340,Omeprazole,Moderate
DDInter1340,Omeprazole,DDInter762,Flurazepam,Moderate
DDInter763,Flurbiprofen,DDInter20,Acetylsalicylic acid,Moderate
DDInter1340,Omeprazole,DDInter777,Fosamprenavir,Moderate
DDInter1340,Omeprazole,DDInter779,Foscarnet,Moderate
DDInter1340,Omeprazole,DDInter783,Fosphenytoin,Moderate
DDInter1340,Omeprazole,DDInter785,Fostamatinib,Moderate
DDInter1340,Omeprazole,DDInter790,Furosemide,Moderate
DDInter20,Acetylsalicylic acid,DDInter808,Garlic,Moderate
DDInter810,Gefitinib,DDInter1340,Omeprazole,Moderate
DDInter20,Acetylsalicylic acid,DDInter818,Ginger,Moderate
DDInter20,Acetylsalicylic acid,DDInter819,Ginkgo biloba,Moderate
DDInter20,Acetylsalicylic acid,DDInter820,Ginseng,Moderate
DDInter1340,Omeprazole,DDInter850,Halazepam,Moderate
DDInter20,Acetylsalicylic acid,DDInter855,Hemin,Moderate
DDInter1340,Omeprazole,DDInter889,Hydroflumethiazide,Moderate
DDInter20,Acetylsalicylic acid,DDInter899,Ibrutinib,Major
DDInter20,Acetylsalicylic acid,DDInter908,Iloprost,Moderate
DDInter1340,Omeprazole,DDInter916,Indapamide,Moderate
DDInter917,Indinavir,DDInter1340,Omeprazole,Moderate
DDInter20,Acetylsalicylic acid,DDInter926,Inotersen,Major
DDInter1340,Omeprazole,DDInter977,Iron protein succinylate,Moderate
DDInter1340,Omeprazole,DDInter990,Isosorbide mononitrate,Minor
DDInter1340,Omeprazole,DDInter995,Itraconazole,Moderate
DDInter1340,Omeprazole,DDInter1008,Ketoconazole,Moderate
DDInter1340,Omeprazole,DDInter1024,Lapatinib,Moderate
DDInter1340,Omeprazole,DDInter1026,Larotrectinib,Moderate
DDInter1340,Omeprazole,DDInter1032,Lefamulin,Moderate
DDInter1037,Lepirudin,DDInter20,Acetylsalicylic acid,Moderate
DDInter1340,Omeprazole,DDInter1039,Letermovir,Moderate
DDInter20,Acetylsalicylic acid,DDInter1059,Levomilnacipran,Moderate
DDInter1340,Omeprazole,DDInter1064,Levothyroxine,Moderate
DDInter1074,Liothyronine,DDInter1340,Omeprazole,Moderate
DDInter1340,Omeprazole,DDInter1075,Liotrix,Moderate
DDInter1340,Omeprazole,DDInter1087,Lonafarnib,Moderate
DDInter1098,Lovastatin,DDInter1340,Omeprazole,Moderate
DDInter1139,Mefenamic acid,DDInter20,Acetylsalicylic acid,Moderate
DDInter1143,Meloxicam,DDInter20,Acetylsalicylic acid,Moderate
DDInter1340,Omeprazole,DDInter1152,Mephenytoin,Moderate
DDInter1340,Omeprazole,DDInter1199,Metolazone,Moderate
DDInter1340,Omeprazole,DDInter1212,Midazolam,Moderate
DDInter1340,Omeprazole,DDInter1236,Modafinil,Moderate
DDInter1340,Omeprazole,DDInter1251,Mycophenolate mofetil,Moderate
DDInter1276,Nelfinavir,DDInter1340,Omeprazole,Major
DDInter1340,Omeprazole,DDInter1277,Neomycin,Moderate
DDInter1340,Omeprazole,DDInter1281,Neratinib,Major
DDInter1340,Omeprazole,DDInter1293,Nilotinib,Moderate
DDInter20,Acetylsalicylic acid,DDInter1296,Nintedanib,Moderate
DDInter20,Acetylsalicylic acid,DDInter1297,Niraparib,Moderate
DDInter1340,Omeprazole,DDInter1351,Osilodrostat,Moderate
DDInter20,Acetylsalicylic acid,DDInter1358,Oxaprozin,Moderate
DDInter1340,Omeprazole,DDInter1360,Oxcarbazepine,Moderate
DDInter1340,Omeprazole,DDInter1386,Panitumumab,Moderate
DDInter1340,Omeprazole,DDInter1396,Paromomycin,Moderate
DDInter1340,Omeprazole,DDInter1399,Patiromer,Moderate
DDInter1340,Omeprazole,DDInter1400,Pazopanib,Major
DDInter1340,Omeprazole,DDInter1420,Pentamidine,Moderate
DDInter1426,Pentoxifylline,DDInter20,Acetylsalicylic acid,Moderate
DDInter1340,Omeprazole,DDInter1435,Pexidartinib,Major
DDInter1451,Phenylbutazone,DDInter20,Acetylsalicylic acid,Moderate
DDInter1460,Phenytoin,DDInter1340,Omeprazole,Moderate
DDInter1340,Omeprazole,DDInter1477,Pirfenidone,Moderate
DDInter1340,Omeprazole,DDInter1490,Polythiazide,Moderate
DDInter1340,Omeprazole,DDInter1494,Posaconazole,Moderate
DDInter20,Acetylsalicylic acid,DDInter1508,Prasugrel,Moderate
DDInter1340,Omeprazole,DDInter1552,Quazepam,Moderate
DDInter20,Acetylsalicylic acid,DDInter1576,Regorafenib,Major
DDInter1340,Omeprazole,DDInter1590,Rifampicin,Moderate
DDInter1340,Omeprazole,DDInter1595,Rilpivirine,Major
DDInter1340,Omeprazole,DDInter1600,Riociguat,Moderate
DDInter1613,Rofecoxib,DDInter20,Acetylsalicylic acid,Moderate
DDInter1340,Omeprazole,DDInter1640,Saquinavir,Moderate
DDInter1340,Omeprazole,DDInter1658,Selpercatinib,Major
DDInter20,Acetylsalicylic acid,DDInter1659,Selumetinib,Moderate
DDInter20,Acetylsalicylic acid,DDInter1662,Sertraline,Moderate
DDInter20,Acetylsalicylic acid,DDInter1665,Sibutramine,Moderate
DDInter1340,Omeprazole,DDInter1675,Simvastatin,Moderate
DDInter1340,Omeprazole,DDInter1830,Tolevamer,Moderate
DDInter1340,Omeprazole,DDInter1698,Somapacitan,Moderate
DDInter1340,Omeprazole,DDInter1700,Somatrem,Moderate
DDInter1699,Somatotropin,DDInter1340,Omeprazole,Moderate
DDInter1340,Omeprazole,DDInter1708,St. John's Wort,Moderate
DDInter1340,Omeprazole,DDInter1711,Stiripentol,Moderate
DDInter1732,Suprofen (ophthalmic),DDInter20,Acetylsalicylic acid,Moderate
DDInter1340,Omeprazole,DDInter1735,Tacrolimus,Major
DDInter1340,Omeprazole,DDInter1747,Tasimelteon,Moderate
DDInter1791,Theophylline,DDInter1340,Omeprazole,Moderate
DDInter1340,Omeprazole,DDInter1799,"Thyroid, porcine",Moderate
DDInter20,Acetylsalicylic acid,DDInter1802,Ticagrelor,Moderate
DDInter1818,Tirofiban,DDInter20,Acetylsalicylic acid,Moderate
DDInter1836,Torasemide,DDInter1340,Omeprazole,Moderate
DDInter1852,Treprostinil,DDInter20,Acetylsalicylic acid,Moderate
DDInter1340,Omeprazole,DDInter1860,Triazolam,Moderate
DDInter1340,Omeprazole,DDInter1861,Trichlormethiazide,Moderate
DDInter1910,Valdecoxib,DDInter20,Acetylsalicylic acid,Moderate
DDInter1943,Vitamin E,DDInter20,Acetylsalicylic acid,Moderate
DDInter1340,Omeprazole,DDInter1946,Voriconazole,Moderate
DDInter380,Cimetidine,DDInter154,Azelastine (nasal),Minor
DDInter154,Azelastine (nasal),DDInter1197,Metoclopramide,Moderate
DDInter1245,Morphine (liposomal),DDInter154,Azelastine (nasal),Moderate
DDInter1253,Nabilone,DDInter154,Azelastine (nasal),Moderate
DDInter154,Azelastine (nasal),DDInter1344,Opium,Moderate
DDInter16,Acetohexamide,DDInter129,Atazanavir,Moderate
DDInter129,Atazanavir,DDInter58,Aluminum hydroxide,Moderate
DDInter195,Betamethasone,DDInter129,Atazanavir,Moderate
DDInter129,Atazanavir,DDInter246,Budesonide,Major
DDInter129,Atazanavir,DDInter247,Budesonide (nasal),Moderate
DDInter129,Atazanavir,DDInter271,Calcium carbonate,Moderate
DDInter129,Atazanavir,DDInter280,Canagliflozin,Moderate
DDInter364,Chlorpropamide,DDInter129,Atazanavir,Moderate
DDInter380,Cimetidine,DDInter129,Atazanavir,Major
DDInter385,Cisapride,DDInter129,Atazanavir,Major
DDInter129,Atazanavir,DDInter393,Clarithromycin,Moderate
DDInter416,Clotrimazole,DDInter129,Atazanavir,Moderate
DDInter129,Atazanavir,DDInter474,Dapagliflozin,Moderate
DDInter129,Atazanavir,DDInter513,Dexamethasone,Moderate
DDInter129,Atazanavir,DDInter514,Dexamethasone (nasal),Moderate
DDInter129,Atazanavir,DDInter515,Dexamethasone (ophthalmic),Moderate
DDInter129,Atazanavir,DDInter519,Dexlansoprazole,Major
DDInter581,Dolasetron,DDInter129,Atazanavir,Major
DDInter129,Atazanavir,DDInter607,Dulaglutide,Moderate
DDInter129,Atazanavir,DDInter629,Eliglustat,Major
DDInter129,Atazanavir,DDInter632,Eluxadoline,Major
DDInter129,Atazanavir,DDInter636,Empagliflozin,Moderate
DDInter129,Atazanavir,DDInter669,Ertugliflozin,Moderate
DDInter676,Esomeprazole,DDInter129,Atazanavir,Major
DDInter129,Atazanavir,DDInter706,Exenatide,Moderate
DDInter825,Glimepiride,DDInter129,Atazanavir,Moderate
DDInter826,Glipizide,DDInter129,Atazanavir,Moderate
DDInter831,Glyburide,DDInter129,Atazanavir,Moderate
DDInter934,Insulin human,DDInter129,Atazanavir,Moderate
DDInter129,Atazanavir,DDInter929,Insulin aspart (aspart),Moderate
DDInter129,Atazanavir,DDInter928,Insulin aspart (aspart protamine),Moderate
DDInter129,Atazanavir,DDInter930,Insulin degludec,Moderate
DDInter129,Atazanavir,DDInter931,Insulin detemir,Moderate
DDInter932,Insulin glargine,DDInter129,Atazanavir,Moderate
DDInter129,Atazanavir,DDInter933,Insulin glulisine,Moderate
DDInter935,"Insulin human (inhalation, rapid acting)",DDInter129,Atazanavir,Moderate
DDInter936,Insulin human (isophane),DDInter129,Atazanavir,Moderate
DDInter940,Insulin lispro,DDInter129,Atazanavir,Moderate
DDInter941,Insulin lispro (protamine),DDInter129,Atazanavir,Moderate
DDInter937,Insulin human (regular),DDInter129,Atazanavir,Moderate
DDInter939,Insulin human (zinc),DDInter129,Atazanavir,Moderate
DDInter938,Insulin human (zinc extended),DDInter129,Atazanavir,Moderate
DDInter1022,Lansoprazole,DDInter129,Atazanavir,Major
DDInter129,Atazanavir,DDInter1070,Linagliptin,Moderate
DDInter129,Atazanavir,DDInter1077,Liraglutide,Moderate
DDInter129,Atazanavir,DDInter1082,Lixisenatide,Moderate
DDInter129,Atazanavir,DDInter1112,Magaldrate,Moderate
DDInter129,Atazanavir,DDInter1113,Magnesium carbonate,Moderate
DDInter129,Atazanavir,DDInter1118,Magnesium hydroxide,Moderate
DDInter129,Atazanavir,DDInter1119,Magnesium oxide,Moderate
DDInter129,Atazanavir,DDInter1209,Miconazole,Moderate
DDInter1217,Miglitol,DDInter129,Atazanavir,Moderate
DDInter129,Atazanavir,DDInter1258,Naldemedine,Moderate
DDInter129,Atazanavir,DDInter1261,Naloxegol,Major
DDInter1269,Nateglinide,DDInter129,Atazanavir,Moderate
DDInter1300,Nitisinone,DDInter129,Atazanavir,Moderate
DDInter1309,Nizatidine,DDInter129,Atazanavir,Major
DDInter129,Atazanavir,DDInter1348,Orlistat,Moderate
DDInter1388,Pantoprazole,DDInter129,Atazanavir,Major
DDInter129,Atazanavir,DDInter1506,Pramlintide,Moderate
DDInter1513,Prednisolone,DDInter129,Atazanavir,Moderate
DDInter1514,Prednisolone (ophthalmic),DDInter129,Atazanavir,Moderate
DDInter1515,Prednisone,DDInter129,Atazanavir,Moderate
DDInter1569,Ranitidine (bismuth citrate),DDInter129,Atazanavir,Major
DDInter1581,Repaglinide,DDInter129,Atazanavir,Moderate
DDInter1621,Rosiglitazone,DDInter129,Atazanavir,Moderate
DDInter129,Atazanavir,DDInter1622,Rosuvastatin,Major
DDInter129,Atazanavir,DDInter1646,Saxagliptin,Moderate
DDInter129,Atazanavir,DDInter1660,Semaglutide,Moderate
DDInter1675,Simvastatin,DDInter129,Atazanavir,Major
DDInter129,Atazanavir,DDInter1679,Sitagliptin,Moderate
DDInter1826,Tolazamide,DDInter129,Atazanavir,Moderate
DDInter129,Atazanavir,DDInter1828,Tolbutamide,Moderate
DDInter1856,Triamcinolone (nasal),DDInter129,Atazanavir,Moderate
DDInter1857,Triamcinolone (ophthalmic),DDInter129,Atazanavir,Moderate
DDInter1881,Troglitazone,DDInter129,Atazanavir,Moderate
DDInter195,Betamethasone,DDInter424,Cobicistat,Moderate
DDInter385,Cisapride,DDInter424,Cobicistat,Major
DDInter416,Clotrimazole,DDInter424,Cobicistat,Moderate
DDInter514,Dexamethasone (nasal),DDInter424,Cobicistat,Moderate
DDInter515,Dexamethasone (ophthalmic),DDInter424,Cobicistat,Moderate
DDInter518,Dexfenfluramine,DDInter424,Cobicistat,Moderate
DDInter717,Fenfluramine,DDInter424,Cobicistat,Moderate
DDInter1197,Metoclopramide,DDInter424,Cobicistat,Moderate
DDInter1514,Prednisolone (ophthalmic),DDInter424,Cobicistat,Moderate
DDInter1544,Prucalopride,DDInter424,Cobicistat,Minor
DDInter1581,Repaglinide,DDInter424,Cobicistat,Moderate
DDInter1604,Risedronic acid,DDInter58,Aluminum hydroxide,Moderate
DDInter1604,Risedronic acid,DDInter138,Attapulgite,Moderate
DDInter270,Calcium acetate,DDInter1604,Risedronic acid,Moderate
DDInter1604,Risedronic acid,DDInter271,Calcium carbonate,Moderate
DDInter1604,Risedronic acid,DDInter273,Calcium citrate,Moderate
DDInter1604,Risedronic acid,DDInter274,Calcium glubionate anhydrous,Moderate
DDInter1604,Risedronic acid,DDInter276,Calcium gluconate,Moderate
DDInter1604,Risedronic acid,DDInter278,Calcium lactate,Moderate
DDInter1604,Risedronic acid,DDInter279,Calcium Phosphate,Moderate
DDInter1604,Risedronic acid,DDInter975,Iron,Moderate
DDInter1604,Risedronic acid,DDInter1004,Kanamycin,Moderate
DDInter1604,Risedronic acid,DDInter1005,Kaolin,Moderate
DDInter1604,Risedronic acid,DDInter1112,Magaldrate,Moderate
DDInter1604,Risedronic acid,DDInter1113,Magnesium carbonate,Moderate
DDInter1604,Risedronic acid,DDInter1114,Magnesium chloride,Moderate
DDInter1604,Risedronic acid,DDInter1115,Magnesium citrate,Moderate
DDInter1604,Risedronic acid,DDInter1116,Magnesium gluconate,Moderate
DDInter1604,Risedronic acid,DDInter1118,Magnesium hydroxide,Moderate
DDInter1604,Risedronic acid,DDInter1119,Magnesium oxide,Moderate
DDInter1120,Magnesium sulfate,DDInter1604,Risedronic acid,Moderate
DDInter1604,Risedronic acid,DDInter1277,Neomycin,Moderate
DDInter1604,Risedronic acid,DDInter1713,Streptomycin,Moderate
DDInter1717,Sucralfate,DDInter1604,Risedronic acid,Moderate
DDInter1604,Risedronic acid,DDInter1963,Zinc acetate,Moderate
DDInter1604,Risedronic acid,DDInter1965,Zinc gluconate,Moderate
DDInter1604,Risedronic acid,DDInter1966,Zinc sulfate,Moderate
DDInter130,Atenolol,DDInter16,Acetohexamide,Moderate
DDInter130,Atenolol,DDInter58,Aluminum hydroxide,Minor
DDInter130,Atenolol,DDInter136,Atropine,Moderate
DDInter130,Atenolol,DDInter138,Attapulgite,Minor
DDInter130,Atenolol,DDInter195,Betamethasone,Moderate
DDInter130,Atenolol,DDInter246,Budesonide,Moderate
DDInter270,Calcium acetate,DDInter130,Atenolol,Moderate
DDInter130,Atenolol,DDInter271,Calcium carbonate,Moderate
DDInter130,Atenolol,DDInter273,Calcium citrate,Moderate
DDInter130,Atenolol,DDInter274,Calcium glubionate anhydrous,Moderate
DDInter130,Atenolol,DDInter276,Calcium gluconate,Moderate
DDInter130,Atenolol,DDInter278,Calcium lactate,Moderate
DDInter130,Atenolol,DDInter279,Calcium Phosphate,Moderate
DDInter130,Atenolol,DDInter280,Canagliflozin,Moderate
DDInter130,Atenolol,DDInter364,Chlorpropamide,Moderate
DDInter130,Atenolol,DDInter380,Cimetidine,Moderate
DDInter130,Atenolol,DDInter397,Clidinium,Moderate
DDInter130,Atenolol,DDInter474,Dapagliflozin,Moderate
DDInter130,Atenolol,DDInter513,Dexamethasone,Moderate
DDInter130,Atenolol,DDInter543,Dicyclomine,Moderate
DDInter130,Atenolol,DDInter581,Dolasetron,Major
DDInter130,Atenolol,DDInter601,Dronabinol,Moderate
DDInter130,Atenolol,DDInter636,Empagliflozin,Moderate
DDInter130,Atenolol,DDInter650,Ephedrine,Moderate
DDInter130,Atenolol,DDInter669,Ertugliflozin,Moderate
DDInter825,Glimepiride,DDInter130,Atenolol,Moderate
DDInter130,Atenolol,DDInter826,Glipizide,Moderate
DDInter130,Atenolol,DDInter831,Glyburide,Moderate
DDInter130,Atenolol,DDInter834,Glycopyrronium,Moderate
DDInter934,Insulin human,DDInter130,Atenolol,Moderate
DDInter130,Atenolol,DDInter929,Insulin aspart (aspart),Moderate
DDInter130,Atenolol,DDInter928,Insulin aspart (aspart protamine),Moderate
DDInter130,Atenolol,DDInter930,Insulin degludec,Moderate
DDInter130,Atenolol,DDInter931,Insulin detemir,Moderate
DDInter932,Insulin glargine,DDInter130,Atenolol,Moderate
DDInter130,Atenolol,DDInter933,Insulin glulisine,Moderate
DDInter935,"Insulin human (inhalation, rapid acting)",DDInter130,Atenolol,Moderate
DDInter936,Insulin human (isophane),DDInter130,Atenolol,Moderate
DDInter940,Insulin lispro,DDInter130,Atenolol,Moderate
DDInter941,Insulin lispro (protamine),DDInter130,Atenolol,Moderate
DDInter937,Insulin human (regular),DDInter130,Atenolol,Moderate
DDInter939,Insulin human (zinc),DDInter130,Atenolol,Moderate
DDInter938,Insulin human (zinc extended),DDInter130,Atenolol,Moderate
DDInter130,Atenolol,DDInter1005,Kaolin,Minor
DDInter130,Atenolol,DDInter1112,Magaldrate,Minor
DDInter130,Atenolol,DDInter1113,Magnesium carbonate,Minor
DDInter130,Atenolol,DDInter1118,Magnesium hydroxide,Minor
DDInter130,Atenolol,DDInter1119,Magnesium oxide,Minor
DDInter130,Atenolol,DDInter1149,Mepenzolate,Moderate
DDInter130,Atenolol,DDInter1180,Methscopolamine,Moderate
DDInter1245,Morphine (liposomal),DDInter130,Atenolol,Moderate
DDInter130,Atenolol,DDInter1253,Nabilone,Moderate
DDInter130,Atenolol,DDInter1269,Nateglinide,Moderate
DDInter130,Atenolol,DDInter1344,Opium,Moderate
DDInter130,Atenolol,DDInter1513,Prednisolone,Moderate
DDInter130,Atenolol,DDInter1515,Prednisone,Moderate
DDInter130,Atenolol,DDInter1535,Propantheline,Moderate
DDInter130,Atenolol,DDInter1581,Repaglinide,Moderate
DDInter130,Atenolol,DDInter1647,Scopolamine,Moderate
DDInter130,Atenolol,DDInter1717,Sucralfate,Minor
DDInter130,Atenolol,DDInter1826,Tolazamide,Moderate
DDInter130,Atenolol,DDInter1828,Tolbutamide,Moderate
DDInter1886,Trospium,DDInter130,Atenolol,Moderate
DDInter365,Chlorthalidone,DDInter385,Cisapride,Major
DDInter365,Chlorthalidone,DDInter581,Dolasetron,Major
DDInter195,Betamethasone,DDInter131,Atezolizumab,Moderate
DDInter246,Budesonide,DDInter131,Atezolizumab,Moderate
DDInter513,Dexamethasone,DDInter131,Atezolizumab,Moderate
DDInter1513,Prednisolone,DDInter131,Atezolizumab,Moderate
DDInter1515,Prednisone,DDInter131,Atezolizumab,Moderate
DDInter132,Atomoxetine,DDInter212,Bisacodyl,Moderate
DDInter132,Atomoxetine,DDInter307,Castor oil,Moderate
DDInter132,Atomoxetine,DDInter380,Cimetidine,Moderate
DDInter132,Atomoxetine,DDInter385,Cisapride,Major
DDInter132,Atomoxetine,DDInter393,Clarithromycin,Moderate
DDInter132,Atomoxetine,DDInter518,Dexfenfluramine,Moderate
DDInter132,Atomoxetine,DDInter581,Dolasetron,Major
DDInter132,Atomoxetine,DDInter629,Eliglustat,Moderate
DDInter132,Atomoxetine,DDInter650,Ephedrine,Moderate
DDInter132,Atomoxetine,DDInter717,Fenfluramine,Moderate
DDInter132,Atomoxetine,DDInter832,Glycerin,Moderate
DDInter132,Atomoxetine,DDInter833,Glycerol phenylbutyrate,Moderate
DDInter132,Atomoxetine,DDInter840,Granisetron,Moderate
DDInter132,Atomoxetine,DDInter1016,Lactitol,Moderate
DDInter132,Atomoxetine,DDInter1018,Lactulose,Moderate
DDInter132,Atomoxetine,DDInter1055,Levofloxacin,Moderate
DDInter132,Atomoxetine,DDInter1093,Lorcaserin,Moderate
DDInter132,Atomoxetine,DDInter1115,Magnesium citrate,Moderate
DDInter132,Atomoxetine,DDInter1118,Magnesium hydroxide,Moderate
DDInter132,Atomoxetine,DDInter1202,Metronidazole,Minor
DDInter132,Atomoxetine,DDInter1223,Mineral oil,Moderate
DDInter132,Atomoxetine,DDInter1263,Naltrexone,Moderate
DDInter132,Atomoxetine,DDInter1342,Ondansetron,Moderate
DDInter132,Atomoxetine,DDInter1382,Palonosetron,Moderate
DDInter132,Atomoxetine,DDInter1389,Papaverine,Major
DDInter132,Atomoxetine,DDInter1443,Phenolphthalein,Moderate
DDInter132,Atomoxetine,DDInter1488,Polyethylene glycol (3350),Moderate
DDInter132,Atomoxetine,DDInter1487,Polyethylene glycol (3350 with electrolytes),Moderate
DDInter132,Atomoxetine,DDInter1615,Rolapitant,Moderate
DDInter132,Atomoxetine,DDInter1665,Sibutramine,Minor
DDInter133,Atorvastatin,DDInter58,Aluminum hydroxide,Minor
DDInter380,Cimetidine,DDInter133,Atorvastatin,Moderate
DDInter416,Clotrimazole,DDInter133,Atorvastatin,Moderate
DDInter133,Atorvastatin,DDInter513,Dexamethasone,Moderate
DDInter133,Atorvastatin,DDInter629,Eliglustat,Moderate
DDInter133,Atorvastatin,DDInter632,Eluxadoline,Moderate
DDInter676,Esomeprazole,DDInter133,Atorvastatin,Moderate
DDInter1022,Lansoprazole,DDInter133,Atorvastatin,Moderate
DDInter133,Atorvastatin,DDInter1077,Liraglutide,Minor
DDInter133,Atorvastatin,DDInter1118,Magnesium hydroxide,Minor
DDInter1202,Metronidazole,DDInter133,Atorvastatin,Moderate
DDInter133,Atorvastatin,DDInter1209,Miconazole,Moderate
DDInter1263,Naltrexone,DDInter133,Atorvastatin,Moderate
DDInter1388,Pantoprazole,DDInter133,Atorvastatin,Moderate
DDInter133,Atorvastatin,DDInter1401,Pectin,Moderate
DDInter133,Atorvastatin,DDInter1622,Rosuvastatin,Moderate
DDInter1675,Simvastatin,DDInter133,Atorvastatin,Moderate
DDInter1811,Tinidazole,DDInter133,Atorvastatin,Moderate
DDInter1881,Troglitazone,DDInter133,Atorvastatin,Moderate
DDInter134,Atovaquone,DDInter1197,Metoclopramide,Moderate
DDInter1263,Naltrexone,DDInter134,Atovaquone,Moderate
DDInter1783,Tetracycline,DDInter134,Atovaquone,Moderate
DDInter1531,Proguanil,DDInter58,Aluminum hydroxide,Moderate
DDInter1531,Proguanil,DDInter271,Calcium carbonate,Moderate
DDInter1531,Proguanil,DDInter1005,Kaolin,Moderate
DDInter1531,Proguanil,DDInter1112,Magaldrate,Moderate
DDInter1531,Proguanil,DDInter1118,Magnesium hydroxide,Moderate
DDInter1639,Sapropterin,DDInter1531,Proguanil,Moderate
DDInter136,Atropine,DDInter58,Aluminum hydroxide,Moderate
DDInter136,Atropine,DDInter61,Ambenonium,Moderate
DDInter82,Amoxapine,DDInter136,Atropine,Moderate
DDInter136,Atropine,DDInter114,Arbutamine,Moderate
DDInter136,Atropine,DDInter149,Azatadine,Moderate
DDInter136,Atropine,DDInter175,Belladonna,Moderate
DDInter179,Bendroflumethiazide,DDInter136,Atropine,Minor
DDInter188,Benzthiazide,DDInter136,Atropine,Minor
DDInter181,Benzatropine,DDInter136,Atropine,Moderate
DDInter197,Betaxolol,DDInter136,Atropine,Moderate
DDInter136,Atropine,DDInter199,Bethanechol,Moderate
DDInter136,Atropine,DDInter211,Biperiden,Moderate
DDInter136,Atropine,DDInter216,Bisoprolol,Moderate
DDInter136,Atropine,DDInter230,Brexanolone,Moderate
DDInter136,Atropine,DDInter231,Brexpiprazole,Moderate
DDInter136,Atropine,DDInter245,Brompheniramine,Moderate
DDInter136,Atropine,DDInter251,Buprenorphine,Moderate
DDInter136,Atropine,DDInter258,Butorphanol,Moderate
DDInter136,Atropine,DDInter271,Calcium carbonate,Moderate
DDInter294,Carbamoylcholine (ophthalmic),DDInter136,Atropine,Moderate
DDInter136,Atropine,DDInter297,Carbinoxamine,Moderate
DDInter136,Atropine,DDInter300,Cariprazine,Moderate
DDInter303,Carteolol,DDInter136,Atropine,Moderate
DDInter136,Atropine,DDInter305,Carvedilol,Moderate
DDInter346,Cevimeline,DDInter136,Atropine,Moderate
DDInter136,Atropine,DDInter354,Chlorcyclizine,Moderate
DDInter136,Atropine,DDInter360,Chlorothiazide,Minor
DDInter363,Chlorpromazine,DDInter136,Atropine,Moderate
DDInter365,Chlorthalidone,DDInter136,Atropine,Minor
DDInter136,Atropine,DDInter385,Cisapride,Moderate
DDInter395,Clemastine,DDInter136,Atropine,Moderate
DDInter136,Atropine,DDInter397,Clidinium,Moderate
DDInter136,Atropine,DDInter410,Clomipramine,Moderate
DDInter419,Clozapine,DDInter136,Atropine,Moderate
DDInter136,Atropine,DDInter453,Cyclizine,Moderate
DDInter136,Atropine,DDInter454,Cyclobenzaprine,Moderate
DDInter459,Cyproheptadine,DDInter136,Atropine,Moderate
DDInter480,Darifenacin,DDInter136,Atropine,Moderate
DDInter136,Atropine,DDInter497,Demecarium (ophthalmic),Moderate
DDInter136,Atropine,DDInter504,Desipramine,Moderate
DDInter517,Dexbrompheniramine,DDInter136,Atropine,Moderate
DDInter136,Atropine,DDInter531,Dezocine,Moderate
DDInter136,Atropine,DDInter543,Dicyclomine,Moderate
DDInter554,Digoxin,DDInter136,Atropine,Minor
DDInter136,Atropine,DDInter562,Dimenhydrinate,Moderate
DDInter136,Atropine,DDInter569,Diphenhydramine,Moderate
DDInter575,Disopyramide,DDInter136,Atropine,Moderate
DDInter136,Atropine,DDInter583,Donepezil,Moderate
DDInter136,Atropine,DDInter593,Doxepin,Moderate
DDInter136,Atropine,DDInter594,Doxepin (topical),Moderate
DDInter600,Doxylamine,DDInter136,Atropine,Moderate
DDInter136,Atropine,DDInter615,Echothiophate (ophthalmic),Moderate
DDInter136,Atropine,DDInter622,Edrophonium,Moderate
DDInter136,Atropine,DDInter632,Eluxadoline,Moderate
DDInter136,Atropine,DDInter731,Fesoterodine,Moderate
DDInter136,Atropine,DDInter738,Flavoxate,Moderate
DDInter136,Atropine,DDInter741,Flibanserin,Moderate
DDInter136,Atropine,DDInter760,Fluphenazine,Moderate
DDInter136,Atropine,DDInter834,Glycopyrronium,Moderate
DDInter136,Atropine,DDInter835,Glycopyrronium (topical),Moderate
DDInter848,Guanidine,DDInter136,Atropine,Moderate
DDInter853,Haloperidol,DDInter136,Atropine,Moderate
DDInter136,Atropine,DDInter889,Hydroflumethiazide,Minor
DDInter890,Hydromorphone,DDInter136,Atropine,Moderate
DDInter895,Hydroxyzine,DDInter136,Atropine,Moderate
DDInter136,Atropine,DDInter907,Iloperidone,Moderate
DDInter912,Imipramine,DDInter136,Atropine,Moderate
DDInter136,Atropine,DDInter916,Indapamide,Minor
DDInter970,Ipratropium,DDInter136,Atropine,Moderate
DDInter971,Ipratropium (nasal),DDInter136,Atropine,Minor
DDInter136,Atropine,DDInter981,Isocarboxazid,Minor
DDInter136,Atropine,DDInter984,Isoflurophate (ophthalmic),Moderate
DDInter136,Atropine,DDInter1005,Kaolin,Moderate
DDInter136,Atropine,DDInter1008,Ketoconazole,Moderate
DDInter136,Atropine,DDInter1013,Labetalol,Moderate
DDInter136,Atropine,DDInter1027,Lasmiditan,Moderate
DDInter136,Atropine,DDInter1054,Levodopa,Moderate
DDInter136,Atropine,DDInter1043,Levacetylmethadol,Moderate
DDInter136,Atropine,DDInter1062,Levorphanol,Moderate
DDInter1099,Loxapine,DDInter136,Atropine,Moderate
DDInter136,Atropine,DDInter1102,Lumateperone,Moderate
DDInter136,Atropine,DDInter1104,Lurasidone,Moderate
DDInter136,Atropine,DDInter1110,Macimorelin,Moderate
DDInter136,Atropine,DDInter1112,Magaldrate,Moderate
DDInter136,Atropine,DDInter1113,Magnesium carbonate,Moderate
DDInter136,Atropine,DDInter1118,Magnesium hydroxide,Moderate
DDInter136,Atropine,DDInter1124,Maprotiline,Moderate
DDInter136,Atropine,DDInter1134,Meclizine,Moderate
DDInter136,Atropine,DDInter1146,Memantine,Moderate
DDInter136,Atropine,DDInter1149,Mepenzolate,Moderate
DDInter1150,Meperidine,DDInter136,Atropine,Moderate
DDInter136,Atropine,DDInter1159,Mesoridazine,Moderate
DDInter1166,Methadone,DDInter136,Atropine,Moderate
DDInter136,Atropine,DDInter1168,Methdilazine,Moderate
DDInter136,Atropine,DDInter1175,Methotrimeprazine,Moderate
DDInter136,Atropine,DDInter1180,Methscopolamine,Moderate
DDInter136,Atropine,DDInter1197,Metoclopramide,Moderate
DDInter1199,Metolazone,DDInter136,Atropine,Minor
DDInter1200,Metoprolol,DDInter136,Atropine,Moderate
DDInter136,Atropine,DDInter1239,Molindone,Moderate
DDInter1245,Morphine (liposomal),DDInter136,Atropine,Moderate
DDInter136,Atropine,DDInter1255,Nadolol,Moderate
DDInter136,Atropine,DDInter1257,Nalbuphine,Moderate
DDInter136,Atropine,DDInter1271,Nebivolol,Moderate
DDInter136,Atropine,DDInter1279,Neostigmine,Moderate
DDInter136,Atropine,DDInter1303,Nitrofurantoin,Minor
DDInter136,Atropine,DDInter1304,Nitroglycerin,Minor
DDInter1316,Nortriptyline,DDInter136,Atropine,Moderate
DDInter1326,Olanzapine,DDInter136,Atropine,Moderate
DDInter136,Atropine,DDInter1329,Oliceridine,Moderate
DDInter136,Atropine,DDInter1333,Olopatadine (nasal),Moderate
DDInter136,Atropine,DDInter1344,Opium,Moderate
DDInter136,Atropine,DDInter1349,Orphenadrine,Moderate
DDInter136,Atropine,DDInter1365,Oxybutynin,Moderate
DDInter1366,Oxycodone,DDInter136,Atropine,Moderate
DDInter136,Atropine,DDInter1372,Oxymorphone,Moderate
DDInter136,Atropine,DDInter1381,Paliperidone,Moderate
DDInter136,Atropine,DDInter1417,Penbutolol,Moderate
DDInter136,Atropine,DDInter1421,Pentazocine,Moderate
DDInter136,Atropine,DDInter1432,Perphenazine,Moderate
DDInter136,Atropine,DDInter1440,Phenelzine,Minor
DDInter136,Atropine,DDInter1441,Phenindamine,Moderate
DDInter1453,Phenylephrine,DDInter136,Atropine,Moderate
DDInter1455,Phenylephrine (ophthalmic),DDInter136,Atropine,Moderate
DDInter136,Atropine,DDInter1462,Physostigmine,Moderate
DDInter136,Atropine,DDInter1463,Physostigmine (ophthalmic),Moderate
DDInter136,Atropine,DDInter1465,Pilocarpine,Moderate
DDInter136,Atropine,DDInter1466,Pilocarpine (ophthalmic),Moderate
DDInter136,Atropine,DDInter1470,Pimozide,Moderate
DDInter136,Atropine,DDInter1471,Pindolol,Moderate
DDInter136,Atropine,DDInter1490,Polythiazide,Minor
DDInter136,Atropine,DDInter1497,Potassium chloride,Major
DDInter136,Atropine,DDInter1498,Potassium citrate,Major
DDInter136,Atropine,DDInter1503,Pralidoxime,Minor
DDInter136,Atropine,DDInter1506,Pramlintide,Moderate
DDInter1527,Prochlorperazine,DDInter136,Atropine,Moderate
DDInter1528,Procyclidine,DDInter136,Atropine,Moderate
DDInter1532,Promazine,DDInter136,Atropine,Moderate
DDInter136,Atropine,DDInter1533,Promethazine,Moderate
DDInter136,Atropine,DDInter1535,Propantheline,Moderate
DDInter136,Atropine,DDInter1537,Propiomazine,Moderate
DDInter136,Atropine,DDInter528,Dextropropoxyphene,Moderate
DDInter1539,Propranolol,DDInter136,Atropine,Moderate
DDInter1543,Protriptyline,DDInter136,Atropine,Moderate
DDInter136,Atropine,DDInter1544,Prucalopride,Moderate
DDInter1548,Pyridostigmine,DDInter136,Atropine,Moderate
DDInter136,Atropine,DDInter1155,Mepyramine,Moderate
DDInter136,Atropine,DDInter1553,Quetiapine,Moderate
DDInter136,Atropine,DDInter1554,Quinapril,Moderate
DDInter136,Atropine,DDInter1579,Remifentanil,Moderate
DDInter136,Atropine,DDInter1586,Revefenacin,Moderate
DDInter226,Botulinum Toxin Type B,DDInter136,Atropine,Moderate
DDInter136,Atropine,DDInter1605,Risperidone,Moderate
DDInter136,Atropine,DDInter1610,Rivastigmine,Moderate
DDInter136,Atropine,DDInter1647,Scopolamine,Moderate
DDInter136,Atropine,DDInter1651,Secretin human,Minor
DDInter136,Atropine,DDInter1683,Sodium bicarbonate,Moderate
DDInter136,Atropine,DDInter1696,Solifenacin,Moderate
DDInter1704,Sotalol,DDInter136,Atropine,Moderate
DDInter136,Atropine,DDInter1718,Sufentanil,Moderate
DDInter1734,Tacrine,DDInter136,Atropine,Moderate
DDInter136,Atropine,DDInter1746,Tapentadol,Moderate
DDInter1793,Thiethylperazine,DDInter136,Atropine,Moderate
DDInter136,Atropine,DDInter1796,Thioridazine,Moderate
DDInter136,Atropine,DDInter1798,Thiothixene,Moderate
DDInter1809,Timolol,DDInter136,Atropine,Moderate
DDInter136,Atropine,DDInter1815,Tiotropium,Moderate
DDInter136,Atropine,DDInter1821,Tizanidine,Moderate
DDInter136,Atropine,DDInter1832,Tolterodine,Moderate
DDInter1834,Topiramate,DDInter136,Atropine,Major
DDInter136,Atropine,DDInter1845,Tranylcypromine,Minor
DDInter136,Atropine,DDInter1861,Trichlormethiazide,Minor
DDInter136,Atropine,DDInter1866,Trifluoperazine,Moderate
DDInter1867,Triflupromazine,DDInter136,Atropine,Moderate
DDInter1870,Trihexyphenidyl,DDInter136,Atropine,Moderate
DDInter136,Atropine,DDInter45,Alimemazine,Moderate
DDInter136,Atropine,DDInter1876,Trimipramine,Moderate
DDInter136,Atropine,DDInter1878,Tripelennamine,Moderate
DDInter1879,Triprolidine,DDInter136,Atropine,Moderate
DDInter1886,Trospium,DDInter136,Atropine,Moderate
DDInter136,Atropine,DDInter1899,Umeclidinium,Moderate
DDInter1967,Ziprasidone,DDInter136,Atropine,Moderate
DDInter136,Atropine,DDInter1971,Zonisamide,Major
DDInter1202,Metronidazole,DDInter139,Auranofin,Moderate
DDInter139,Auranofin,DDInter1622,Rosuvastatin,Moderate
DDInter1675,Simvastatin,DDInter139,Auranofin,Moderate
DDInter1811,Tinidazole,DDInter139,Auranofin,Moderate
DDInter141,Avanafil,DDInter280,Canagliflozin,Moderate
DDInter393,Clarithromycin,DDInter141,Avanafil,Major
DDInter141,Avanafil,DDInter474,Dapagliflozin,Moderate
DDInter513,Dexamethasone,DDInter141,Avanafil,Moderate
DDInter141,Avanafil,DDInter636,Empagliflozin,Moderate
DDInter141,Avanafil,DDInter669,Ertugliflozin,Moderate
DDInter1093,Lorcaserin,DDInter141,Avanafil,Moderate
DDInter1389,Papaverine,DDInter141,Avanafil,Moderate
DDInter1881,Troglitazone,DDInter141,Avanafil,Moderate
DDInter380,Cimetidine,DDInter142,Avapritinib,Moderate
DDInter393,Clarithromycin,DDInter142,Avapritinib,Major
DDInter416,Clotrimazole,DDInter142,Avapritinib,Moderate
DDInter513,Dexamethasone,DDInter142,Avapritinib,Major
DDInter518,Dexfenfluramine,DDInter142,Avapritinib,Moderate
DDInter717,Fenfluramine,DDInter142,Avapritinib,Moderate
DDInter833,Glycerol phenylbutyrate,DDInter142,Avapritinib,Moderate
DDInter1201,Metreleptin,DDInter142,Avapritinib,Moderate
DDInter1209,Miconazole,DDInter142,Avapritinib,Moderate
DDInter1665,Sibutramine,DDInter142,Avapritinib,Moderate
DDInter1881,Troglitazone,DDInter142,Avapritinib,Moderate
DDInter393,Clarithromycin,DDInter143,Avatrombopag,Moderate
DDInter1300,Nitisinone,DDInter143,Avatrombopag,Moderate
DDInter147,Axitinib,DDInter58,Aluminum hydroxide,Minor
DDInter147,Axitinib,DDInter271,Calcium carbonate,Minor
DDInter380,Cimetidine,DDInter147,Axitinib,Minor
DDInter393,Clarithromycin,DDInter147,Axitinib,Major
DDInter416,Clotrimazole,DDInter147,Axitinib,Moderate
DDInter513,Dexamethasone,DDInter147,Axitinib,Major
DDInter519,Dexlansoprazole,DDInter147,Axitinib,Minor
DDInter676,Esomeprazole,DDInter147,Axitinib,Minor
DDInter1022,Lansoprazole,DDInter147,Axitinib,Minor
DDInter147,Axitinib,DDInter1112,Magaldrate,Minor
DDInter147,Axitinib,DDInter1113,Magnesium carbonate,Minor
DDInter147,Axitinib,DDInter1118,Magnesium hydroxide,Minor
DDInter1119,Magnesium oxide,DDInter147,Axitinib,Minor
DDInter1209,Miconazole,DDInter147,Axitinib,Moderate
DDInter1263,Naltrexone,DDInter147,Axitinib,Moderate
DDInter1309,Nizatidine,DDInter147,Axitinib,Minor
DDInter1340,Omeprazole,DDInter147,Axitinib,Minor
DDInter1388,Pantoprazole,DDInter147,Axitinib,Minor
DDInter1569,Ranitidine (bismuth citrate),DDInter147,Axitinib,Minor
DDInter1881,Troglitazone,DDInter147,Axitinib,Moderate
DDInter16,Acetohexamide,DDInter1312,Norethisterone,Moderate
DDInter1312,Norethisterone,DDInter280,Canagliflozin,Moderate
DDInter364,Chlorpropamide,DDInter1312,Norethisterone,Moderate
DDInter1312,Norethisterone,DDInter393,Clarithromycin,Moderate
DDInter1312,Norethisterone,DDInter636,Empagliflozin,Moderate
DDInter1312,Norethisterone,DDInter669,Ertugliflozin,Moderate
DDInter825,Glimepiride,DDInter1312,Norethisterone,Moderate
DDInter1312,Norethisterone,DDInter826,Glipizide,Moderate
DDInter1312,Norethisterone,DDInter831,Glyburide,Moderate
DDInter1312,Norethisterone,DDInter833,Glycerol phenylbutyrate,Moderate
DDInter934,Insulin human,DDInter1312,Norethisterone,Moderate
DDInter1312,Norethisterone,DDInter929,Insulin aspart (aspart),Moderate
DDInter932,Insulin glargine,DDInter1312,Norethisterone,Moderate
DDInter1312,Norethisterone,DDInter933,Insulin glulisine,Moderate
DDInter936,Insulin human (isophane),DDInter1312,Norethisterone,Moderate
DDInter940,Insulin lispro,DDInter1312,Norethisterone,Moderate
DDInter941,Insulin lispro (protamine),DDInter1312,Norethisterone,Moderate
DDInter937,Insulin human (regular),DDInter1312,Norethisterone,Moderate
DDInter938,Insulin human (zinc extended),DDInter1312,Norethisterone,Moderate
DDInter1312,Norethisterone,DDInter1069,Linaclotide,Moderate
DDInter1312,Norethisterone,DDInter1077,Liraglutide,Moderate
DDInter1312,Norethisterone,DDInter1209,Miconazole,Moderate
DDInter1217,Miglitol,DDInter1312,Norethisterone,Moderate
DDInter1312,Norethisterone,DDInter1472,Pioglitazone,Minor
DDInter1312,Norethisterone,DDInter1581,Repaglinide,Moderate
DDInter1621,Rosiglitazone,DDInter1312,Norethisterone,Moderate
DDInter1312,Norethisterone,DDInter1646,Saxagliptin,Moderate
DDInter1312,Norethisterone,DDInter1826,Tolazamide,Moderate
DDInter1312,Norethisterone,DDInter1828,Tolbutamide,Moderate
DDInter1881,Troglitazone,DDInter1312,Norethisterone,Moderate
DDInter150,Azathioprine,DDInter164,Balsalazide,Moderate
DDInter150,Azathioprine,DDInter1334,Olsalazine,Moderate
DDInter1725,Sulfasalazine,DDInter150,Azathioprine,Moderate
DDInter150,Azathioprine,DDInter1963,Zinc acetate,Minor
DDInter150,Azathioprine,DDInter1965,Zinc gluconate,Minor
DDInter150,Azathioprine,DDInter1966,Zinc sulfate,Minor
DDInter393,Clarithromycin,DDInter767,Fluticasone (nasal),Major
DDInter380,Cimetidine,DDInter155,Azelastine (ophthalmic),Minor
DDInter195,Betamethasone,DDInter156,Azilsartan medoxomil,Moderate
DDInter246,Budesonide,DDInter156,Azilsartan medoxomil,Moderate
DDInter156,Azilsartan medoxomil,DDInter280,Canagliflozin,Moderate
DDInter474,Dapagliflozin,DDInter156,Azilsartan medoxomil,Moderate
DDInter513,Dexamethasone,DDInter156,Azilsartan medoxomil,Moderate
DDInter601,Dronabinol,DDInter156,Azilsartan medoxomil,Moderate
DDInter156,Azilsartan medoxomil,DDInter636,Empagliflozin,Moderate
DDInter156,Azilsartan medoxomil,DDInter669,Ertugliflozin,Moderate
DDInter706,Exenatide,DDInter156,Azilsartan medoxomil,Moderate
DDInter934,Insulin human,DDInter156,Azilsartan medoxomil,Moderate
DDInter929,Insulin aspart (aspart),DDInter156,Azilsartan medoxomil,Moderate
DDInter928,Insulin aspart (aspart protamine),DDInter156,Azilsartan medoxomil,Moderate
DDInter156,Azilsartan medoxomil,DDInter930,Insulin degludec,Moderate
DDInter931,Insulin detemir,DDInter156,Azilsartan medoxomil,Moderate
DDInter932,Insulin glargine,DDInter156,Azilsartan medoxomil,Moderate
DDInter933,Insulin glulisine,DDInter156,Azilsartan medoxomil,Moderate
DDInter935,"Insulin human (inhalation, rapid acting)",DDInter156,Azilsartan medoxomil,Moderate
DDInter936,Insulin human (isophane),DDInter156,Azilsartan medoxomil,Moderate
DDInter940,Insulin lispro,DDInter156,Azilsartan medoxomil,Moderate
DDInter941,Insulin lispro (protamine),DDInter156,Azilsartan medoxomil,Moderate
DDInter937,Insulin human (regular),DDInter156,Azilsartan medoxomil,Moderate
DDInter939,Insulin human (zinc),DDInter156,Azilsartan medoxomil,Moderate
DDInter938,Insulin human (zinc extended),DDInter156,Azilsartan medoxomil,Moderate
DDInter1245,Morphine (liposomal),DDInter156,Azilsartan medoxomil,Moderate
DDInter1253,Nabilone,DDInter156,Azilsartan medoxomil,Moderate
DDInter156,Azilsartan medoxomil,DDInter1344,Opium,Moderate
DDInter156,Azilsartan medoxomil,DDInter1487,Polyethylene glycol (3350 with electrolytes),Moderate
DDInter156,Azilsartan medoxomil,DDInter1496,Potassium bicarbonate,Major
DDInter1497,Potassium chloride,DDInter156,Azilsartan medoxomil,Major
DDInter156,Azilsartan medoxomil,DDInter1498,Potassium citrate,Major
DDInter156,Azilsartan medoxomil,DDInter1499,Potassium gluconate,Major
DDInter1513,Prednisolone,DDInter156,Azilsartan medoxomil,Moderate
DDInter1515,Prednisone,DDInter156,Azilsartan medoxomil,Moderate
DDInter157,Azithromycin,DDInter58,Aluminum hydroxide,Moderate
DDInter157,Azithromycin,DDInter164,Balsalazide,Moderate
DDInter157,Azithromycin,DDInter212,Bisacodyl,Moderate
DDInter157,Azithromycin,DDInter307,Castor oil,Moderate
DDInter157,Azithromycin,DDInter385,Cisapride,Major
DDInter157,Azithromycin,DDInter393,Clarithromycin,Moderate
DDInter157,Azithromycin,DDInter581,Dolasetron,Major
DDInter157,Azithromycin,DDInter832,Glycerin,Moderate
DDInter157,Azithromycin,DDInter840,Granisetron,Moderate
DDInter157,Azithromycin,DDInter1016,Lactitol,Moderate
DDInter157,Azithromycin,DDInter1018,Lactulose,Moderate
DDInter157,Azithromycin,DDInter1055,Levofloxacin,Moderate
DDInter157,Azithromycin,DDInter1112,Magaldrate,Moderate
DDInter157,Azithromycin,DDInter1113,Magnesium carbonate,Moderate
DDInter157,Azithromycin,DDInter1115,Magnesium citrate,Moderate
DDInter157,Azithromycin,DDInter1118,Magnesium hydroxide,Moderate
DDInter157,Azithromycin,DDInter1202,Metronidazole,Minor
DDInter157,Azithromycin,DDInter1223,Mineral oil,Moderate
DDInter157,Azithromycin,DDInter1258,Naldemedine,Moderate
DDInter157,Azithromycin,DDInter1261,Naloxegol,Minor
DDInter157,Azithromycin,DDInter1263,Naltrexone,Moderate
DDInter157,Azithromycin,DDInter1342,Ondansetron,Moderate
DDInter157,Azithromycin,DDInter1382,Palonosetron,Moderate
DDInter157,Azithromycin,DDInter1389,Papaverine,Major
DDInter157,Azithromycin,DDInter1443,Phenolphthalein,Moderate
DDInter157,Azithromycin,DDInter1488,Polyethylene glycol (3350),Moderate
DDInter157,Azithromycin,DDInter1487,Polyethylene glycol (3350 with electrolytes),Moderate
DDInter157,Azithromycin,DDInter1675,Simvastatin,Moderate
DDInter1263,Naltrexone,DDInter1438,Phenazopyridine,Moderate
DDInter547,Diethylpropion,DDInter1186,Methylene blue,Major
DDInter650,Ephedrine,DDInter1186,Methylene blue,Major
DDInter717,Fenfluramine,DDInter1186,Methylene blue,Major
DDInter1126,Mazindol,DDInter1186,Methylene blue,Major
DDInter1342,Ondansetron,DDInter1186,Methylene blue,Major
DDInter1186,Methylene blue,DDInter1344,Opium,Major
DDInter1447,Phentermine,DDInter1186,Methylene blue,Major
DDInter1725,Sulfasalazine,DDInter1169,Methenamine,Major
DDInter184,Benzocaine (topical),DDInter1197,Metoclopramide,Moderate
DDInter161,Bacitracin,DDInter164,Balsalazide,Moderate
DDInter161,Bacitracin,DDInter706,Exenatide,Moderate
DDInter161,Bacitracin,DDInter1004,Kanamycin,Major
DDInter161,Bacitracin,DDInter1277,Neomycin,Major
DDInter161,Bacitracin,DDInter1334,Olsalazine,Moderate
DDInter161,Bacitracin,DDInter1713,Streptomycin,Major
DDInter161,Bacitracin,DDInter1725,Sulfasalazine,Moderate
DDInter1916,Vancomycin,DDInter161,Bacitracin,Moderate
DDInter67,Amikacin (liposome),DDInter1278,Neomycin (topical),Moderate
DDInter1278,Neomycin (topical),DDInter135,Atracurium,Moderate
DDInter386,Cisatracurium,DDInter1278,Neomycin (topical),Moderate
DDInter1278,Neomycin (topical),DDInter590,Doxacurium,Moderate
DDInter815,Gentamicin,DDInter1278,Neomycin (topical),Moderate
DDInter1278,Neomycin (topical),DDInter1004,Kanamycin,Moderate
DDInter1278,Neomycin (topical),DDInter1198,Metocurine,Moderate
DDInter1278,Neomycin (topical),DDInter1235,Mivacurium,Moderate
DDInter1283,Netilmicin,DDInter1278,Neomycin (topical),Moderate
DDInter1278,Neomycin (topical),DDInter1385,Pancuronium,Moderate
DDInter1278,Neomycin (topical),DDInter1473,Pipecuronium,Moderate
DDInter1278,Neomycin (topical),DDInter1482,Plazomicin,Moderate
DDInter1278,Neomycin (topical),DDInter1571,Rapacuronium,Moderate
DDInter1612,Rocuronium,DDInter1278,Neomycin (topical),Moderate
DDInter1278,Neomycin (topical),DDInter1713,Streptomycin,Moderate
DDInter1716,Succinylcholine,DDInter1278,Neomycin (topical),Moderate
DDInter1822,Tobramycin,DDInter1278,Neomycin (topical),Moderate
DDInter1278,Neomycin (topical),DDInter1890,Tubocurarine,Moderate
DDInter1278,Neomycin (topical),DDInter1922,Vecuronium,Moderate
DDInter162,Baclofen,DDInter601,Dronabinol,Moderate
DDInter162,Baclofen,DDInter1197,Metoclopramide,Moderate
DDInter162,Baclofen,DDInter1245,Morphine (liposomal),Major
DDInter162,Baclofen,DDInter1253,Nabilone,Moderate
DDInter162,Baclofen,DDInter1344,Opium,Moderate
DDInter162,Baclofen,DDInter1665,Sibutramine,Moderate
DDInter58,Aluminum hydroxide,DDInter163,Baloxavir marboxil,Moderate
DDInter138,Attapulgite,DDInter163,Baloxavir marboxil,Moderate
DDInter270,Calcium acetate,DDInter163,Baloxavir marboxil,Moderate
DDInter271,Calcium carbonate,DDInter163,Baloxavir marboxil,Moderate
DDInter273,Calcium citrate,DDInter163,Baloxavir marboxil,Moderate
DDInter274,Calcium glubionate anhydrous,DDInter163,Baloxavir marboxil,Moderate
DDInter276,Calcium gluconate,DDInter163,Baloxavir marboxil,Moderate
DDInter278,Calcium lactate,DDInter163,Baloxavir marboxil,Moderate
DDInter279,Calcium Phosphate,DDInter163,Baloxavir marboxil,Moderate
DDInter975,Iron,DDInter163,Baloxavir marboxil,Moderate
DDInter1005,Kaolin,DDInter163,Baloxavir marboxil,Moderate
DDInter1112,Magaldrate,DDInter163,Baloxavir marboxil,Moderate
DDInter1113,Magnesium carbonate,DDInter163,Baloxavir marboxil,Moderate
DDInter1114,Magnesium chloride,DDInter163,Baloxavir marboxil,Moderate
DDInter1115,Magnesium citrate,DDInter163,Baloxavir marboxil,Moderate
DDInter1116,Magnesium gluconate,DDInter163,Baloxavir marboxil,Moderate
DDInter1118,Magnesium hydroxide,DDInter163,Baloxavir marboxil,Moderate
DDInter1119,Magnesium oxide,DDInter163,Baloxavir marboxil,Moderate
DDInter1120,Magnesium sulfate,DDInter163,Baloxavir marboxil,Moderate
DDInter1717,Sucralfate,DDInter163,Baloxavir marboxil,Moderate
DDInter163,Baloxavir marboxil,DDInter1963,Zinc acetate,Moderate
DDInter1965,Zinc gluconate,DDInter163,Baloxavir marboxil,Moderate
DDInter1966,Zinc sulfate,DDInter163,Baloxavir marboxil,Moderate
DDInter16,Acetohexamide,DDInter164,Balsalazide,Moderate
DDInter67,Amikacin (liposome),DDInter164,Balsalazide,Moderate
DDInter86,Amphotericin B (cholesteryl sulfate),DDInter164,Balsalazide,Moderate
DDInter88,Amphotericin B (liposomal),DDInter164,Balsalazide,Moderate
DDInter164,Balsalazide,DDInter98,Anisindione,Moderate
DDInter164,Balsalazide,DDInter159,Bacampicillin,Moderate
DDInter164,Balsalazide,DDInter868,Human botulinum neurotoxin A/B immune globulin,Major
DDInter241,Bromfenac,DDInter164,Balsalazide,Moderate
DDInter288,Capreomycin,DDInter164,Balsalazide,Moderate
DDInter295,Carbenicillin,DDInter164,Balsalazide,Moderate
DDInter309,Cefaclor,DDInter164,Balsalazide,Moderate
DDInter164,Balsalazide,DDInter310,Cefadroxil,Moderate
DDInter315,Cefdinir,DDInter164,Balsalazide,Moderate
DDInter164,Balsalazide,DDInter326,Cefpodoxime,Moderate
DDInter164,Balsalazide,DDInter327,Cefprozil,Moderate
DDInter164,Balsalazide,DDInter331,Ceftibuten,Moderate
DDInter164,Balsalazide,DDInter335,Cefuroxime,Moderate
DDInter339,Cephalexin,DDInter164,Balsalazide,Moderate
DDInter164,Balsalazide,DDInter328,Cefradine,Moderate
DDInter351,Chloramphenicol,DDInter164,Balsalazide,Moderate
DDInter364,Chlorpropamide,DDInter164,Balsalazide,Moderate
DDInter378,Cidofovir,DDInter164,Balsalazide,Major
DDInter383,Cinoxacin,DDInter164,Balsalazide,Moderate
DDInter384,Ciprofloxacin,DDInter164,Balsalazide,Moderate
DDInter387,Cisplatin,DDInter164,Balsalazide,Moderate
DDInter164,Balsalazide,DDInter393,Clarithromycin,Moderate
DDInter394,Clavulanic acid,DDInter164,Balsalazide,Moderate
DDInter164,Balsalazide,DDInter398,Clindamycin,Moderate
DDInter405,Clofarabine,DDInter164,Balsalazide,Moderate
DDInter164,Balsalazide,DDInter418,Cloxacillin,Moderate
DDInter164,Balsalazide,DDInter434,Colistimethate,Moderate
DDInter458,Cyclosporine,DDInter164,Balsalazide,Moderate
DDInter164,Balsalazide,DDInter870,Human cytomegalovirus immune globulin,Major
DDInter164,Balsalazide,DDInter488,Deferasirox,Major
DDInter164,Balsalazide,DDInter495,Delafloxacin,Moderate
DDInter498,Demeclocycline,DDInter164,Balsalazide,Moderate
DDInter533,Diatrizoate,DDInter164,Balsalazide,Major
DDInter537,Diclofenac,DDInter164,Balsalazide,Moderate
DDInter541,Dicloxacillin,DDInter164,Balsalazide,Moderate
DDInter542,Dicoumarol,DDInter164,Balsalazide,Moderate
DDInter551,Diflunisal,DDInter164,Balsalazide,Moderate
DDInter644,Enoxacin,DDInter164,Balsalazide,Moderate
DDInter647,Entecavir,DDInter164,Balsalazide,Moderate
DDInter670,Erythromycin,DDInter164,Balsalazide,Moderate
DDInter164,Balsalazide,DDInter698,Etidronic acid,Moderate
DDInter699,Etodolac,DDInter164,Balsalazide,Moderate
DDInter164,Balsalazide,DDInter706,Exenatide,Moderate
DDInter721,Fenoprofen,DDInter164,Balsalazide,Moderate
DDInter164,Balsalazide,DDInter744,Flucytosine,Moderate
DDInter763,Flurbiprofen,DDInter164,Balsalazide,Moderate
DDInter164,Balsalazide,DDInter809,Gatifloxacin,Moderate
DDInter815,Gentamicin,DDInter164,Balsalazide,Moderate
DDInter164,Balsalazide,DDInter821,Givosiran,Moderate
DDInter825,Glimepiride,DDInter164,Balsalazide,Moderate
DDInter164,Balsalazide,DDInter826,Glipizide,Moderate
DDInter164,Balsalazide,DDInter831,Glyburide,Moderate
DDInter842,Grepafloxacin,DDInter164,Balsalazide,Moderate
DDInter897,Ibandronate,DDInter164,Balsalazide,Moderate
DDInter872,Human immunoglobulin G (intravenous and subcutaneous),DDInter164,Balsalazide,Major
DDInter921,Indomethacin,DDInter164,Balsalazide,Moderate
DDInter164,Balsalazide,DDInter926,Inotersen,Major
DDInter164,Balsalazide,DDInter952,Iobenguane (I-131),Moderate
DDInter164,Balsalazide,DDInter957,Iodipamide,Major
DDInter164,Balsalazide,DDInter958,Iodixanol,Major
DDInter164,Balsalazide,DDInter960,Iohexol,Major
DDInter164,Balsalazide,DDInter961,Iopamidol,Major
DDInter164,Balsalazide,DDInter964,Iopromide,Major
DDInter164,Balsalazide,DDInter965,Iothalamic acid,Major
DDInter164,Balsalazide,DDInter966,Ioversol,Major
DDInter164,Balsalazide,DDInter967,Ioxilan,Major
DDInter164,Balsalazide,DDInter1004,Kanamycin,Moderate
DDInter1009,Ketoprofen,DDInter164,Balsalazide,Moderate
DDInter164,Balsalazide,DDInter1055,Levofloxacin,Moderate
DDInter164,Balsalazide,DDInter1071,Lincomycin,Moderate
DDInter164,Balsalazide,DDInter1081,Lithium carbonate,Moderate
DDInter1084,Lomefloxacin,DDInter164,Balsalazide,Moderate
DDInter164,Balsalazide,DDInter1108,Lutetium Lu 177 dotatate,Moderate
DDInter1135,Meclofenamic acid,DDInter164,Balsalazide,Moderate
DDInter1139,Mefenamic acid,DDInter164,Balsalazide,Moderate
DDInter1143,Meloxicam,DDInter164,Balsalazide,Moderate
DDInter164,Balsalazide,DDInter1156,Mercaptopurine,Moderate
DDInter1174,Methotrexate,DDInter164,Balsalazide,Moderate
DDInter164,Balsalazide,DDInter1179,Methoxyflurane,Moderate
DDInter164,Balsalazide,DDInter1224,Minocycline,Moderate
DDInter164,Balsalazide,DDInter1246,Moxetumomab Pasudotox,Moderate
DDInter1247,Moxifloxacin,DDInter164,Balsalazide,Moderate
DDInter1254,Nabumetone,DDInter164,Balsalazide,Moderate
DDInter1259,Nalidixic acid,DDInter164,Balsalazide,Moderate
DDInter1266,Naproxen,DDInter164,Balsalazide,Moderate
DDInter1269,Nateglinide,DDInter164,Balsalazide,Moderate
DDInter1277,Neomycin,DDInter164,Balsalazide,Moderate
DDInter1283,Netilmicin,DDInter164,Balsalazide,Moderate
DDInter1303,Nitrofurantoin,DDInter164,Balsalazide,Moderate
DDInter164,Balsalazide,DDInter1313,Norfloxacin,Moderate
DDInter164,Balsalazide,DDInter1325,Ofloxacin,Moderate
DDInter1355,Oxaliplatin,DDInter164,Balsalazide,Moderate
DDInter1358,Oxaprozin,DDInter164,Balsalazide,Moderate
DDInter1374,Oxytetracycline,DDInter164,Balsalazide,Moderate
DDInter1383,Pamidronic acid,DDInter164,Balsalazide,Moderate
DDInter1414,Pemetrexed,DDInter164,Balsalazide,Moderate
DDInter1445,Phenoxymethylpenicillin,DDInter164,Balsalazide,Moderate
DDInter1420,Pentamidine,DDInter164,Balsalazide,Moderate
DDInter1451,Phenylbutazone,DDInter164,Balsalazide,Moderate
DDInter1478,Piroxicam,DDInter164,Balsalazide,Moderate
DDInter164,Balsalazide,DDInter1482,Plazomicin,Moderate
DDInter1489,Polymyxin B,DDInter164,Balsalazide,Moderate
DDInter164,Balsalazide,DDInter1578,Remdesivir,Moderate
DDInter1581,Repaglinide,DDInter164,Balsalazide,Moderate
DDInter164,Balsalazide,DDInter877,Human Rho(D) immune globulin,Major
DDInter1613,Rofecoxib,DDInter164,Balsalazide,Moderate
DDInter164,Balsalazide,DDInter1637,Salsalate,Moderate
DDInter1678,Sirolimus,DDInter164,Balsalazide,Major
DDInter164,Balsalazide,DDInter1705,Sparfloxacin,Moderate
DDInter164,Balsalazide,DDInter1713,Streptomycin,Moderate
DDInter1721,Sulfadiazine,DDInter164,Balsalazide,Moderate
DDInter1723,Sulfamethizole,DDInter164,Balsalazide,Moderate
DDInter164,Balsalazide,DDInter1724,Sulfamethoxazole,Moderate
DDInter1727,Sulfisoxazole,DDInter164,Balsalazide,Moderate
DDInter1729,Sulindac,DDInter164,Balsalazide,Moderate
DDInter1735,Tacrolimus,DDInter164,Balsalazide,Major
DDInter164,Balsalazide,DDInter1756,Telavancin,Moderate
DDInter164,Balsalazide,DDInter1757,Telbivudine,Moderate
DDInter164,Balsalazide,DDInter1763,Temsirolimus,Moderate
DDInter1783,Tetracycline,DDInter164,Balsalazide,Moderate
DDInter1814,Tioguanine,DDInter164,Balsalazide,Moderate
DDInter1822,Tobramycin,DDInter164,Balsalazide,Moderate
DDInter1826,Tolazamide,DDInter164,Balsalazide,Moderate
DDInter164,Balsalazide,DDInter1828,Tolbutamide,Moderate
DDInter1831,Tolmetin,DDInter164,Balsalazide,Moderate
DDInter1874,Trimethoprim,DDInter164,Balsalazide,Moderate
DDInter164,Balsalazide,DDInter1882,Troleandomycin,Moderate
DDInter1887,Trovafloxacin,DDInter164,Balsalazide,Moderate
DDInter1908,Valaciclovir,DDInter164,Balsalazide,Moderate
DDInter1910,Valdecoxib,DDInter164,Balsalazide,Moderate
DDInter1916,Vancomycin,DDInter164,Balsalazide,Moderate
DDInter164,Balsalazide,DDInter1920,Varicella Zoster Vaccine (Recombinant),Moderate
DDInter1951,Warfarin,DDInter164,Balsalazide,Moderate
DDInter1968,Zoledronic acid,DDInter164,Balsalazide,Moderate
DDInter195,Betamethasone,DDInter165,Baricitinib,Major
DDInter246,Budesonide,DDInter165,Baricitinib,Major
DDInter513,Dexamethasone,DDInter165,Baricitinib,Major
DDInter1245,Morphine (liposomal),DDInter165,Baricitinib,Moderate
DDInter1300,Nitisinone,DDInter165,Baricitinib,Moderate
DDInter1344,Opium,DDInter165,Baricitinib,Moderate
DDInter1513,Prednisolone,DDInter165,Baricitinib,Major
DDInter1515,Prednisone,DDInter165,Baricitinib,Major
DDInter1857,Triamcinolone (ophthalmic),DDInter165,Baricitinib,Major
DDInter165,Baricitinib,DDInter1963,Zinc acetate,Minor
DDInter1965,Zinc gluconate,DDInter165,Baricitinib,Minor
DDInter1966,Zinc sulfate,DDInter165,Baricitinib,Minor
DDInter166,Basiliximab,DDInter1963,Zinc acetate,Minor
DDInter166,Basiliximab,DDInter1965,Zinc gluconate,Minor
DDInter166,Basiliximab,DDInter1966,Zinc sulfate,Minor
DDInter16,Acetohexamide,DDInter513,Dexamethasone,Moderate
DDInter513,Dexamethasone,DDInter867,Human adenovirus e serotype 4 strain cl-68578 antigen,Moderate
DDInter513,Dexamethasone,DDInter58,Aluminum hydroxide,Minor
DDInter61,Ambenonium,DDInter513,Dexamethasone,Moderate
DDInter71,Aminoglutethimide,DDInter513,Dexamethasone,Moderate
DDInter74,Aminophylline,DDInter513,Dexamethasone,Moderate
DDInter86,Amphotericin B (cholesteryl sulfate),DDInter513,Dexamethasone,Moderate
DDInter88,Amphotericin B (liposomal),DDInter513,Dexamethasone,Moderate
DDInter90,Amprenavir,DDInter513,Dexamethasone,Moderate
DDInter98,Anisindione,DDInter513,Dexamethasone,Moderate
DDInter513,Dexamethasone,DDInter160,Bacillus calmette-guerin substrain tice live antigen,Major
DDInter513,Dexamethasone,DDInter170,Bedaquiline,Major
DDInter513,Dexamethasone,DDInter176,Bempedoic acid,Major
DDInter177,Benazepril,DDInter513,Dexamethasone,Moderate
DDInter179,Bendroflumethiazide,DDInter513,Dexamethasone,Moderate
DDInter188,Benzthiazide,DDInter513,Dexamethasone,Moderate
DDInter513,Dexamethasone,DDInter193,Berotralstat,Moderate
DDInter197,Betaxolol,DDInter513,Dexamethasone,Moderate
DDInter202,Bexarotene,DDInter513,Dexamethasone,Moderate
DDInter513,Dexamethasone,DDInter206,Bifidobacterium longum infantis,Moderate
DDInter513,Dexamethasone,DDInter210,Binimetinib,Moderate
DDInter513,Dexamethasone,DDInter212,Bisacodyl,Moderate
DDInter216,Bisoprolol,DDInter513,Dexamethasone,Moderate
DDInter513,Dexamethasone,DDInter221,Boceprevir,Moderate
DDInter222,Bortezomib,DDInter513,Dexamethasone,Minor
DDInter223,Bosentan,DDInter513,Dexamethasone,Moderate
DDInter513,Dexamethasone,DDInter224,Bosutinib,Major
DDInter513,Dexamethasone,DDInter233,Brigatinib,Major
DDInter241,Bromfenac,DDInter513,Dexamethasone,Moderate
DDInter248,Bumetanide,DDInter513,Dexamethasone,Moderate
DDInter251,Buprenorphine,DDInter513,Dexamethasone,Moderate
DDInter254,Buspirone,DDInter513,Dexamethasone,Moderate
DDInter256,Butabarbital,DDInter513,Dexamethasone,Moderate
DDInter257,Butalbital,DDInter513,Dexamethasone,Moderate
DDInter258,Butorphanol,DDInter513,Dexamethasone,Major
DDInter513,Dexamethasone,DDInter262,Cabozantinib,Moderate
DDInter513,Dexamethasone,DDInter264,Calaspargase pegol,Moderate
DDInter513,Dexamethasone,DDInter271,Calcium carbonate,Minor
DDInter513,Dexamethasone,DDInter280,Canagliflozin,Moderate
DDInter513,Dexamethasone,DDInter281,Canakinumab,Moderate
DDInter513,Dexamethasone,DDInter282,Candida albicans,Moderate
DDInter513,Dexamethasone,DDInter287,Capmatinib,Major
DDInter288,Capreomycin,DDInter513,Dexamethasone,Moderate
DDInter292,Captopril,DDInter513,Dexamethasone,Moderate
DDInter293,Carbamazepine,DDInter513,Dexamethasone,Moderate
DDInter513,Dexamethasone,DDInter300,Cariprazine,Moderate
DDInter303,Carteolol,DDInter513,Dexamethasone,Moderate
DDInter305,Carvedilol,DDInter513,Dexamethasone,Moderate
DDInter513,Dexamethasone,DDInter787,Frangula purshiana bark,Moderate
DDInter306,Caspofungin,DDInter513,Dexamethasone,Major
DDInter513,Dexamethasone,DDInter307,Castor oil,Moderate
DDInter336,Celecoxib,DDInter513,Dexamethasone,Moderate
DDInter513,Dexamethasone,DDInter337,Cemiplimab,Moderate
DDInter513,Dexamethasone,DDInter338,Cenobamate,Moderate
DDInter513,Dexamethasone,DDInter340,Ceritinib,Moderate
DDInter513,Dexamethasone,DDInter342,Certolizumab pegol,Major
DDInter346,Cevimeline,DDInter513,Dexamethasone,Minor
DDInter360,Chlorothiazide,DDInter513,Dexamethasone,Moderate
DDInter364,Chlorpropamide,DDInter513,Dexamethasone,Moderate
DDInter365,Chlorthalidone,DDInter513,Dexamethasone,Moderate
DDInter513,Dexamethasone,DDInter1931,Vibrio cholerae CVD 103-HgR strain live antigen,Moderate
DDInter513,Dexamethasone,DDInter1932,Vibrio cholerae CVD 103-HgR strain live antigen (live),Moderate
DDInter513,Dexamethasone,DDInter368,Cholestyramine,Moderate
DDInter513,Dexamethasone,DDInter370,Choline salicylate,Moderate
DDInter383,Cinoxacin,DDInter513,Dexamethasone,Major
DDInter384,Ciprofloxacin,DDInter513,Dexamethasone,Major
DDInter387,Cisplatin,DDInter513,Dexamethasone,Moderate
DDInter392,Cladribine,DDInter513,Dexamethasone,Major
DDInter393,Clarithromycin,DDInter513,Dexamethasone,Moderate
DDInter513,Dexamethasone,DDInter396,Clevidipine,Moderate
DDInter412,Clonidine,DDInter513,Dexamethasone,Moderate
DDInter513,Dexamethasone,DDInter424,Cobicistat,Moderate
DDInter513,Dexamethasone,DDInter425,Cobimetinib,Major
DDInter513,Dexamethasone,DDInter428,Coccidioides immitis spherule,Moderate
DDInter432,Colesevelam,DDInter513,Dexamethasone,Moderate
DDInter433,Colestipol,DDInter513,Dexamethasone,Moderate
DDInter438,Conivaptan,DDInter513,Dexamethasone,Moderate
DDInter439,Conjugated estrogens,DDInter513,Dexamethasone,Moderate
DDInter440,Conjugated estrogens (topical),DDInter513,Dexamethasone,Moderate
DDInter513,Dexamethasone,DDInter441,Copanlisib,Moderate
DDInter513,Dexamethasone,DDInter448,Crizotinib,Moderate
DDInter458,Cyclosporine,DDInter513,Dexamethasone,Moderate
DDInter513,Dexamethasone,DDInter462,Dabrafenib,Moderate
DDInter513,Dexamethasone,DDInter464,Daclatasvir,Major
DDInter513,Dexamethasone,DDInter474,Dapagliflozin,Moderate
DDInter476,Dapsone (topical),DDInter513,Dexamethasone,Minor
DDInter480,Darifenacin,DDInter513,Dexamethasone,Moderate
DDInter513,Dexamethasone,DDInter481,Darolutamide,Major
DDInter513,Dexamethasone,DDInter482,Darunavir,Moderate
DDInter513,Dexamethasone,DDInter484,Dasatinib,Major
DDInter513,Dexamethasone,DDInter488,Deferasirox,Major
DDInter513,Dexamethasone,DDInter492,Deflazacort,Major
DDInter513,Dexamethasone,DDInter495,Delafloxacin,Major
DDInter496,Delavirdine,DDInter513,Dexamethasone,Moderate
DDInter513,Dexamethasone,DDInter500,Denosumab,Moderate
DDInter502,Deserpidine,DDInter513,Dexamethasone,Moderate
DDInter513,Dexamethasone,DDInter505,Desirudin,Major
DDInter507,Desmopressin,DDInter513,Dexamethasone,Major
DDInter534,Diazepam,DDInter513,Dexamethasone,Minor
DDInter535,Diazoxide,DDInter513,Dexamethasone,Moderate
DDInter540,Diclofenamide,DDInter513,Dexamethasone,Moderate
DDInter537,Diclofenac,DDInter513,Dexamethasone,Moderate
DDInter542,Dicoumarol,DDInter513,Dexamethasone,Moderate
DDInter545,Dienestrol (topical),DDInter513,Dexamethasone,Moderate
DDInter548,Diethylstilbestrol,DDInter513,Dexamethasone,Moderate
DDInter551,Diflunisal,DDInter513,Dexamethasone,Moderate
DDInter513,Dexamethasone,DDInter553,Digitoxin,Moderate
DDInter554,Digoxin,DDInter513,Dexamethasone,Moderate
DDInter557,Dihydroergotamine,DDInter513,Dexamethasone,Moderate
DDInter561,Diltiazem,DDInter513,Dexamethasone,Moderate
DDInter513,Dexamethasone,DDInter564,Dimethyl fumarate,Moderate
DDInter513,Dexamethasone,DDInter568,Dinutuximab,Major
DDInter513,Dexamethasone,DDInter574,Diroximel fumarate,Moderate
DDInter575,Disopyramide,DDInter513,Dexamethasone,Moderate
DDInter513,Dexamethasone,DDInter578,Docetaxel,Minor
DDInter580,Dofetilide,DDInter513,Dexamethasone,Minor
DDInter583,Donepezil,DDInter513,Dexamethasone,Moderate
DDInter513,Dexamethasone,DDInter585,Doravirine,Major
DDInter590,Doxacurium,DDInter513,Dexamethasone,Moderate
DDInter592,Doxazosin,DDInter513,Dexamethasone,Moderate
DDInter596,Doxorubicin,DDInter513,Dexamethasone,Moderate
DDInter597,Doxorubicin (liposomal),DDInter513,Dexamethasone,Moderate
DDInter513,Dexamethasone,DDInter602,Dronedarone,Moderate
DDInter513,Dexamethasone,DDInter607,Dulaglutide,Moderate
DDInter513,Dexamethasone,DDInter610,Durvalumab,Moderate
DDInter513,Dexamethasone,DDInter612,Duvelisib,Moderate
DDInter513,Dexamethasone,DDInter614,Echinacea,Minor
DDInter622,Edrophonium,DDInter513,Dexamethasone,Moderate
DDInter623,Efalizumab,DDInter513,Dexamethasone,Moderate
DDInter624,Efavirenz,DDInter513,Dexamethasone,Moderate
DDInter513,Dexamethasone,DDInter625,Elagolix,Moderate
DDInter513,Dexamethasone,DDInter629,Eliglustat,Moderate
DDInter513,Dexamethasone,DDInter633,Elvitegravir,Moderate
DDInter513,Dexamethasone,DDInter636,Empagliflozin,Moderate
DDInter638,Enalapril,DDInter513,Dexamethasone,Moderate
DDInter513,Dexamethasone,DDInter640,Encorafenib,Major
DDInter644,Enoxacin,DDInter513,Dexamethasone,Major
DDInter513,Dexamethasone,DDInter648,Entrectinib,Major
DDInter513,Dexamethasone,DDInter649,Enzalutamide,Moderate
DDInter513,Dexamethasone,DDInter650,Ephedrine,Minor
DDInter656,Eplerenone,DDInter513,Dexamethasone,Moderate
DDInter658,Eprosartan,DDInter513,Dexamethasone,Moderate
DDInter513,Dexamethasone,DDInter661,Erdafitinib,Major
DDInter513,Dexamethasone,DDInter664,Ergometrine,Moderate
DDInter665,Ergotamine,DDInter513,Dexamethasone,Moderate
DDInter667,Erlotinib,DDInter513,Dexamethasone,Moderate
DDInter513,Dexamethasone,DDInter669,Ertugliflozin,Moderate
DDInter670,Erythromycin,DDInter513,Dexamethasone,Moderate
DDInter513,Dexamethasone,DDInter678,Esterified estrogens,Moderate
DDInter680,Estradiol (topical),DDInter513,Dexamethasone,Moderate
DDInter681,Estramustine,DDInter513,Dexamethasone,Moderate
DDInter682,Estrone,DDInter513,Dexamethasone,Moderate
DDInter513,Dexamethasone,DDInter683,Estrone sulfate,Moderate
DDInter513,Dexamethasone,DDInter684,Estrone sulfate (topical),Moderate
DDInter685,Eszopiclone,DDInter513,Dexamethasone,Moderate
DDInter687,Etanercept,DDInter513,Dexamethasone,Major
DDInter686,Etacrynic acid,DDInter513,Dexamethasone,Moderate
DDInter696,Ethotoin,DDInter513,Dexamethasone,Moderate
DDInter699,Etodolac,DDInter513,Dexamethasone,Moderate
DDInter513,Dexamethasone,DDInter703,Etravirine,Moderate
DDInter513,Dexamethasone,DDInter704,Everolimus,Major
DDInter705,Exemestane,DDInter513,Dexamethasone,Moderate
DDInter513,Dexamethasone,DDInter706,Exenatide,Moderate
DDInter513,Dexamethasone,DDInter714,Fedratinib,Major
DDInter716,Felodipine,DDInter513,Dexamethasone,Moderate
DDInter720,Fenoldopam,DDInter513,Dexamethasone,Moderate
DDInter721,Fenoprofen,DDInter513,Dexamethasone,Moderate
DDInter513,Dexamethasone,DDInter731,Fesoterodine,Moderate
DDInter513,Dexamethasone,DDInter737,Fingolimod,Major
DDInter513,Dexamethasone,DDInter741,Flibanserin,Moderate
DDInter743,Fluconazole,DDInter513,Dexamethasone,Moderate
DDInter759,Fluoxymesterone,DDInter513,Dexamethasone,Moderate
DDInter760,Fluphenazine,DDInter513,Dexamethasone,Moderate
DDInter763,Flurbiprofen,DDInter513,Dexamethasone,Moderate
DDInter770,Fluvoxamine,DDInter513,Dexamethasone,Moderate
DDInter513,Dexamethasone,DDInter777,Fosamprenavir,Moderate
DDInter513,Dexamethasone,DDInter778,Fosaprepitant,Moderate
DDInter779,Foscarnet,DDInter513,Dexamethasone,Moderate
DDInter781,Fosinopril,DDInter513,Dexamethasone,Moderate
DDInter513,Dexamethasone,DDInter783,Fosphenytoin,Moderate
DDInter513,Dexamethasone,DDInter785,Fostamatinib,Moderate
DDInter513,Dexamethasone,DDInter786,Fostemsavir,Minor
DDInter790,Furosemide,DDInter513,Dexamethasone,Moderate
DDInter513,Dexamethasone,DDInter803,Gallium chloride Ga-67,Moderate
DDInter809,Gatifloxacin,DDInter513,Dexamethasone,Major
DDInter810,Gefitinib,DDInter513,Dexamethasone,Moderate
DDInter813,Gemifloxacin,DDInter513,Dexamethasone,Major
DDInter513,Dexamethasone,DDInter817,Gilteritinib,Moderate
DDInter513,Dexamethasone,DDInter822,Glasdegib,Major
DDInter825,Glimepiride,DDInter513,Dexamethasone,Moderate
DDInter826,Glipizide,DDInter513,Dexamethasone,Moderate
DDInter831,Glyburide,DDInter513,Dexamethasone,Moderate
DDInter513,Dexamethasone,DDInter832,Glycerin,Moderate
DDInter513,Dexamethasone,DDInter833,Glycerol phenylbutyrate,Moderate
DDInter513,Dexamethasone,DDInter837,Golimumab,Major
DDInter842,Grepafloxacin,DDInter513,Dexamethasone,Major
DDInter844,Guanabenz,DDInter513,Dexamethasone,Moderate
DDInter845,Guanadrel,DDInter513,Dexamethasone,Moderate
DDInter846,Guanethidine,DDInter513,Dexamethasone,Moderate
DDInter847,Guanfacine,DDInter513,Dexamethasone,Major
DDInter513,Dexamethasone,DDInter858,Hepatitis A Vaccine,Moderate
DDInter513,Dexamethasone,DDInter860,Hepatitis B Vaccine (Recombinant),Moderate
DDInter513,Dexamethasone,DDInter875,Human papillomavirus type 11 L1 capsid protein antigen,Moderate
DDInter513,Dexamethasone,DDInter881,Hyaluronidase,Minor
DDInter513,Dexamethasone,DDInter882,Hydralazine,Moderate
DDInter889,Hydroflumethiazide,DDInter513,Dexamethasone,Moderate
DDInter513,Dexamethasone,DDInter899,Ibrutinib,Moderate
DDInter513,Dexamethasone,DDInter905,Idelalisib,Moderate
DDInter909,Imatinib,DDInter513,Dexamethasone,Moderate
DDInter513,Dexamethasone,DDInter915,Indacaterol,Minor
DDInter916,Indapamide,DDInter513,Dexamethasone,Moderate
DDInter917,Indinavir,DDInter513,Dexamethasone,Moderate
DDInter513,Dexamethasone,DDInter918,Indium In-111 oxyquinoline,Moderate
DDInter921,Indomethacin,DDInter513,Dexamethasone,Moderate
DDInter923,Infliximab,DDInter513,Dexamethasone,Major
DDInter513,Dexamethasone,DDInter924,Influenza A virus A/California/7/2009 (H1N1)-like antigen (propiolactone inactivated),Moderate
DDInter513,Dexamethasone,DDInter925,Influenza A virus A/Vietnam/1194/2004 (H5N1) antigen (formaldehyde inactivated),Moderate
DDInter934,Insulin human,DDInter513,Dexamethasone,Moderate
DDInter513,Dexamethasone,DDInter929,Insulin aspart (aspart),Moderate
DDInter513,Dexamethasone,DDInter928,Insulin aspart (aspart protamine),Moderate
DDInter513,Dexamethasone,DDInter930,Insulin degludec,Moderate
DDInter513,Dexamethasone,DDInter931,Insulin detemir,Moderate
DDInter932,Insulin glargine,DDInter513,Dexamethasone,Moderate
DDInter513,Dexamethasone,DDInter933,Insulin glulisine,Moderate
DDInter935,"Insulin human (inhalation, rapid acting)",DDInter513,Dexamethasone,Moderate
DDInter936,Insulin human (isophane),DDInter513,Dexamethasone,Moderate
DDInter940,Insulin lispro,DDInter513,Dexamethasone,Moderate
DDInter941,Insulin lispro (protamine),DDInter513,Dexamethasone,Moderate
DDInter937,Insulin human (regular),DDInter513,Dexamethasone,Moderate
DDInter939,Insulin human (zinc),DDInter513,Dexamethasone,Moderate
DDInter938,Insulin human (zinc extended),DDInter513,Dexamethasone,Moderate
DDInter513,Dexamethasone,DDInter960,Iohexol,Major
DDInter513,Dexamethasone,DDInter961,Iopamidol,Major
DDInter513,Dexamethasone,DDInter969,Ipilimumab,Moderate
DDInter972,Irbesartan,DDInter513,Dexamethasone,Moderate
DDInter973,Irinotecan,DDInter513,Dexamethasone,Moderate
DDInter974,Irinotecan (liposomal),DDInter513,Dexamethasone,Moderate
DDInter513,Dexamethasone,DDInter980,Isavuconazonium,Moderate
DDInter982,Isoetharine,DDInter513,Dexamethasone,Minor
DDInter986,Isoniazid,DDInter513,Dexamethasone,Minor
DDInter987,Isoprenaline,DDInter513,Dexamethasone,Minor
DDInter993,Isradipine,DDInter513,Dexamethasone,Moderate
DDInter513,Dexamethasone,DDInter994,Istradefylline,Moderate
DDInter995,Itraconazole,DDInter513,Dexamethasone,Moderate
DDInter513,Dexamethasone,DDInter996,Ivabradine,Moderate
DDInter513,Dexamethasone,DDInter997,Ivacaftor,Moderate
DDInter513,Dexamethasone,DDInter1001,Ixabepilone,Moderate
DDInter1008,Ketoconazole,DDInter513,Dexamethasone,Moderate
DDInter1009,Ketoprofen,DDInter513,Dexamethasone,Moderate
DDInter1013,Labetalol,DDInter513,Dexamethasone,Moderate
DDInter513,Dexamethasone,DDInter1016,Lactitol,Moderate
DDInter513,Dexamethasone,DDInter1017,Lactobacillus acidophilus,Moderate
DDInter1018,Lactulose,DDInter513,Dexamethasone,Moderate
DDInter513,Dexamethasone,DDInter1024,Lapatinib,Moderate
DDInter513,Dexamethasone,DDInter1026,Larotrectinib,Moderate
DDInter513,Dexamethasone,DDInter1032,Lefamulin,Major
DDInter1033,Leflunomide,DDInter513,Dexamethasone,Major
DDInter513,Dexamethasone,DDInter1034,Lemborexant,Moderate
DDInter513,Dexamethasone,DDInter1039,Letermovir,Moderate
DDInter513,Dexamethasone,DDInter1063,Levosalbutamol,Minor
DDInter513,Dexamethasone,DDInter1045,Levamlodipine,Moderate
DDInter1051,Levobupivacaine,DDInter513,Dexamethasone,Minor
DDInter1055,Levofloxacin,DDInter513,Dexamethasone,Major
DDInter1043,Levacetylmethadol,DDInter513,Dexamethasone,Major
DDInter513,Dexamethasone,DDInter1065,Licorice,Moderate
DDInter513,Dexamethasone,DDInter1070,Linagliptin,Moderate
DDInter513,Dexamethasone,DDInter1077,Liraglutide,Moderate
DDInter1079,Lisinopril,DDInter513,Dexamethasone,Moderate
DDInter513,Dexamethasone,DDInter1082,Lixisenatide,Moderate
DDInter1084,Lomefloxacin,DDInter513,Dexamethasone,Major
DDInter513,Dexamethasone,DDInter1087,Lonafarnib,Major
DDInter513,Dexamethasone,DDInter1094,Lorlatinib,Major
DDInter1095,Losartan,DDInter513,Dexamethasone,Moderate
DDInter513,Dexamethasone,DDInter1102,Lumateperone,Major
DDInter513,Dexamethasone,DDInter1104,Lurasidone,Moderate
DDInter513,Dexamethasone,DDInter1105,Lurbinectedin,Major
DDInter1109,Lyme disease vaccine (recombinant OspA),DDInter513,Dexamethasone,Moderate
DDInter513,Dexamethasone,DDInter1110,Macimorelin,Moderate
DDInter513,Dexamethasone,DDInter1111,Macitentan,Moderate
DDInter513,Dexamethasone,DDInter1112,Magaldrate,Minor
DDInter513,Dexamethasone,DDInter1115,Magnesium citrate,Moderate
DDInter513,Dexamethasone,DDInter1118,Magnesium hydroxide,Moderate
DDInter513,Dexamethasone,DDInter1119,Magnesium oxide,Minor
DDInter1120,Magnesium sulfate,DDInter513,Dexamethasone,Moderate
DDInter513,Dexamethasone,DDInter1125,Maraviroc,Moderate
DDInter513,Dexamethasone,DDInter1127,Measles virus vaccine live attenuated,Major
DDInter1135,Meclofenamic acid,DDInter513,Dexamethasone,Moderate
DDInter1137,Medroxyprogesterone acetate,DDInter513,Dexamethasone,Moderate
DDInter1139,Mefenamic acid,DDInter513,Dexamethasone,Moderate
DDInter1140,Mefloquine,DDInter513,Dexamethasone,Moderate
DDInter1143,Meloxicam,DDInter513,Dexamethasone,Moderate
DDInter513,Dexamethasone,DDInter1147,Meningococcal polysaccharide vaccine group C,Moderate
DDInter1152,Mephenytoin,DDInter513,Dexamethasone,Moderate
DDInter1190,Methylphenobarbital,DDInter513,Dexamethasone,Moderate
DDInter1346,Orciprenaline,DDInter513,Dexamethasone,Minor
DDInter1166,Methadone,DDInter513,Dexamethasone,Major
DDInter1167,Methazolamide,DDInter513,Dexamethasone,Moderate
DDInter1174,Methotrexate,DDInter513,Dexamethasone,Moderate
DDInter1185,Methyldopa,DDInter513,Dexamethasone,Moderate
DDInter1187,Methylergometrine,DDInter513,Dexamethasone,Moderate
DDInter513,Dexamethasone,DDInter1193,Methyltestosterone,Moderate
DDInter1194,Methysergide,DDInter513,Dexamethasone,Moderate
DDInter513,Dexamethasone,DDInter1198,Metocurine,Moderate
DDInter1199,Metolazone,DDInter513,Dexamethasone,Moderate
DDInter1200,Metoprolol,DDInter513,Dexamethasone,Moderate
DDInter1212,Midazolam,DDInter513,Dexamethasone,Minor
DDInter513,Dexamethasone,DDInter1214,Midostaurin,Moderate
DDInter1215,Mifepristone,DDInter513,Dexamethasone,Major
DDInter1217,Miglitol,DDInter513,Dexamethasone,Moderate
DDInter513,Dexamethasone,DDInter1223,Mineral oil,Moderate
DDInter1226,Minoxidil,DDInter513,Dexamethasone,Moderate
DDInter513,Dexamethasone,DDInter1229,Mirabegron,Minor
DDInter1230,Mirtazapine,DDInter513,Dexamethasone,Moderate
DDInter1235,Mivacurium,DDInter513,Dexamethasone,Moderate
DDInter1236,Modafinil,DDInter513,Dexamethasone,Moderate
DDInter1237,Moexipril,DDInter513,Dexamethasone,Moderate
DDInter513,Dexamethasone,DDInter1240,Monomethyl fumarate,Moderate
DDInter1242,Montelukast,DDInter513,Dexamethasone,Moderate
DDInter1247,Moxifloxacin,DDInter513,Dexamethasone,Major
DDInter513,Dexamethasone,DDInter1248,Mumps virus strain B level jeryl lynn live antigen,Major
DDInter1254,Nabumetone,DDInter513,Dexamethasone,Moderate
DDInter1255,Nadolol,DDInter513,Dexamethasone,Moderate
DDInter513,Dexamethasone,DDInter1258,Naldemedine,Moderate
DDInter1259,Nalidixic acid,DDInter513,Dexamethasone,Major
DDInter513,Dexamethasone,DDInter1261,Naloxegol,Moderate
DDInter1266,Naproxen,DDInter513,Dexamethasone,Moderate
DDInter1268,Natalizumab,DDInter513,Dexamethasone,Major
DDInter1269,Nateglinide,DDInter513,Dexamethasone,Moderate
DDInter513,Dexamethasone,DDInter1271,Nebivolol,Moderate
DDInter1274,Nefazodone,DDInter513,Dexamethasone,Moderate
DDInter1276,Nelfinavir,DDInter513,Dexamethasone,Moderate
DDInter513,Dexamethasone,DDInter1279,Neostigmine,Moderate
DDInter513,Dexamethasone,DDInter1281,Neratinib,Major
DDInter1285,Nevirapine,DDInter513,Dexamethasone,Moderate
DDInter1287,Nicardipine,DDInter513,Dexamethasone,Moderate
DDInter513,Dexamethasone,DDInter1293,Nilotinib,Major
DDInter513,Dexamethasone,DDInter1296,Nintedanib,Major
DDInter1298,Nisoldipine,DDInter513,Dexamethasone,Moderate
DDInter1300,Nitisinone,DDInter513,Dexamethasone,Moderate
DDInter1305,Nitroprusside,DDInter513,Dexamethasone,Moderate
DDInter513,Dexamethasone,DDInter1308,Nivolumab,Moderate
DDInter1313,Norfloxacin,DDInter513,Dexamethasone,Major
DDInter513,Dexamethasone,DDInter1321,Ocrelizumab,Moderate
DDInter1325,Ofloxacin,DDInter513,Dexamethasone,Major
DDInter513,Dexamethasone,DDInter1327,Olaparib,Major
DDInter513,Dexamethasone,DDInter1329,Oliceridine,Major
DDInter1330,Olmesartan,DDInter513,Dexamethasone,Moderate
DDInter513,Dexamethasone,DDInter1335,Omacetaxine mepesuccinate,Moderate
DDInter513,Dexamethasone,DDInter1351,Osilodrostat,Moderate
DDInter513,Dexamethasone,DDInter1352,Osimertinib,Moderate
DDInter1357,Oxandrolone,DDInter513,Dexamethasone,Moderate
DDInter1358,Oxaprozin,DDInter513,Dexamethasone,Moderate
DDInter1360,Oxcarbazepine,DDInter513,Dexamethasone,Moderate
DDInter1366,Oxycodone,DDInter513,Dexamethasone,Major
DDInter513,Dexamethasone,DDInter1371,Oxymetholone,Moderate
DDInter1378,Paclitaxel (protein-bound),DDInter513,Dexamethasone,Moderate
DDInter513,Dexamethasone,DDInter1379,Palbociclib,Moderate
DDInter513,Dexamethasone,DDInter1385,Pancuronium,Moderate
DDInter513,Dexamethasone,DDInter1387,Panobinostat,Moderate
DDInter513,Dexamethasone,DDInter1399,Patiromer,Moderate
DDInter513,Dexamethasone,DDInter1400,Pazopanib,Moderate
DDInter1404,Pegaspargase,DDInter513,Dexamethasone,Moderate
DDInter513,Dexamethasone,DDInter1413,Pembrolizumab,Moderate
DDInter513,Dexamethasone,DDInter1415,Pemigatinib,Major
DDInter513,Dexamethasone,DDInter1417,Penbutolol,Moderate
DDInter1423,Pentobarbital,DDInter513,Dexamethasone,Moderate
DDInter513,Dexamethasone,DDInter1428,Perampanel,Moderate
DDInter1431,Perindopril,DDInter513,Dexamethasone,Moderate
DDInter513,Dexamethasone,DDInter1435,Pexidartinib,Moderate
DDInter1442,Phenobarbital,DDInter513,Dexamethasone,Moderate
DDInter513,Dexamethasone,DDInter1443,Phenolphthalein,Moderate
DDInter1451,Phenylbutazone,DDInter513,Dexamethasone,Moderate
DDInter1460,Phenytoin,DDInter513,Dexamethasone,Moderate
DDInter513,Dexamethasone,DDInter1467,Pimavanserin,Moderate
DDInter1471,Pindolol,DDInter513,Dexamethasone,Moderate
DDInter513,Dexamethasone,DDInter1473,Pipecuronium,Moderate
DDInter513,Dexamethasone,DDInter1476,Pirbuterol,Minor
DDInter1478,Piroxicam,DDInter513,Dexamethasone,Moderate
DDInter513,Dexamethasone,DDInter1480,Pitolisant,Moderate
DDInter513,Dexamethasone,DDInter1486,Poliovirus type 1 antigen (formaldehyde inactivated),Moderate
DDInter513,Dexamethasone,DDInter1488,Polyethylene glycol (3350),Moderate
DDInter513,Dexamethasone,DDInter1490,Polythiazide,Moderate
DDInter513,Dexamethasone,DDInter1492,Ponatinib,Moderate
DDInter513,Dexamethasone,DDInter1494,Posaconazole,Moderate
DDInter513,Dexamethasone,DDInter1504,Pralsetinib,Moderate
DDInter513,Dexamethasone,DDInter1506,Pramlintide,Moderate
DDInter1510,Praziquantel,DDInter513,Dexamethasone,Moderate
DDInter1511,Prazosin,DDInter513,Dexamethasone,Moderate
DDInter513,Dexamethasone,DDInter1517,Pretomanid,Major
DDInter1521,Primidone,DDInter513,Dexamethasone,Moderate
DDInter1539,Propranolol,DDInter513,Dexamethasone,Moderate
DDInter1548,Pyridostigmine,DDInter513,Dexamethasone,Moderate
DDInter1553,Quetiapine,DDInter513,Dexamethasone,Moderate
DDInter1554,Quinapril,DDInter513,Dexamethasone,Moderate
DDInter513,Dexamethasone,DDInter1555,Quinestrol,Moderate
DDInter1557,Quinine,DDInter513,Dexamethasone,Moderate
DDInter513,Dexamethasone,DDInter1560,Racepinephrine,Minor
DDInter513,Dexamethasone,DDInter1563,Raltegravir,Minor
DDInter1564,Ramelteon,DDInter513,Dexamethasone,Moderate
DDInter1565,Ramipril,DDInter513,Dexamethasone,Moderate
DDInter1570,Ranolazine,DDInter513,Dexamethasone,Major
DDInter513,Dexamethasone,DDInter1571,Rapacuronium,Moderate
DDInter513,Dexamethasone,DDInter1576,Regorafenib,Moderate
DDInter513,Dexamethasone,DDInter1577,Relugolix,Moderate
DDInter1581,Repaglinide,DDInter513,Dexamethasone,Moderate
DDInter1582,Reserpine,DDInter513,Dexamethasone,Moderate
DDInter513,Dexamethasone,DDInter1588,Ribociclib,Moderate
DDInter1589,Rifabutin,DDInter513,Dexamethasone,Moderate
DDInter1590,Rifampicin,DDInter513,Dexamethasone,Moderate
DDInter1592,Rifapentine,DDInter513,Dexamethasone,Moderate
DDInter513,Dexamethasone,DDInter1594,Rilonacept,Moderate
DDInter513,Dexamethasone,DDInter1595,Rilpivirine,Major
DDInter513,Dexamethasone,DDInter1598,Rimegepant,Major
DDInter513,Dexamethasone,DDInter1600,Riociguat,Moderate
DDInter513,Dexamethasone,DDInter1601,Ripretinib,Moderate
DDInter1606,Ritodrine,DDInter513,Dexamethasone,Minor
DDInter1607,Ritonavir,DDInter513,Dexamethasone,Moderate
DDInter513,Dexamethasone,DDInter1609,Rivaroxaban,Moderate
DDInter1612,Rocuronium,DDInter513,Dexamethasone,Moderate
DDInter1613,Rofecoxib,DDInter513,Dexamethasone,Moderate
DDInter513,Dexamethasone,DDInter1614,Roflumilast,Moderate
DDInter513,Dexamethasone,DDInter1615,Rolapitant,Moderate
DDInter513,Dexamethasone,DDInter1616,Romidepsin,Moderate
DDInter513,Dexamethasone,DDInter1618,Romosozumab,Moderate
DDInter1621,Rosiglitazone,DDInter513,Dexamethasone,Moderate
DDInter513,Dexamethasone,DDInter1623,Rotavirus vaccine,Major
DDInter513,Dexamethasone,DDInter1625,Rubella virus vaccine,Major
DDInter513,Dexamethasone,DDInter1626,Rucaparib,Moderate
DDInter513,Dexamethasone,DDInter1628,Ruxolitinib,Moderate
DDInter1635,Salmeterol,DDInter513,Dexamethasone,Minor
DDInter513,Dexamethasone,DDInter1637,Salsalate,Moderate
DDInter1640,Saquinavir,DDInter513,Dexamethasone,Moderate
DDInter513,Dexamethasone,DDInter1436,Pfizer-BioNTech Covid-19 Vaccine,Moderate
DDInter513,Dexamethasone,DDInter1646,Saxagliptin,Moderate
DDInter1650,Secobarbital,DDInter513,Dexamethasone,Moderate
DDInter513,Dexamethasone,DDInter1658,Selpercatinib,Major
DDInter513,Dexamethasone,DDInter1659,Selumetinib,Major
DDInter513,Dexamethasone,DDInter1660,Semaglutide,Moderate
DDInter1666,Sildenafil,DDInter513,Dexamethasone,Moderate
DDInter513,Dexamethasone,DDInter1667,Silodosin,Moderate
DDInter513,Dexamethasone,DDInter1673,Simeprevir,Major
DDInter513,Dexamethasone,DDInter1676,Siponimod,Major
DDInter513,Dexamethasone,DDInter1677,Sipuleucel-T,Moderate
DDInter1678,Sirolimus,DDInter513,Dexamethasone,Moderate
DDInter513,Dexamethasone,DDInter1679,Sitagliptin,Moderate
DDInter513,Dexamethasone,DDInter1680,"Smallpox (Vaccinia) Vaccine, Live",Major
DDInter513,Dexamethasone,DDInter1683,Sodium bicarbonate,Minor
DDInter513,Dexamethasone,DDInter953,Iodide I-123,Moderate
DDInter513,Dexamethasone,DDInter954,Iodide I-131,Moderate
DDInter513,Dexamethasone,DDInter1452,Phenylbutyric acid,Moderate
DDInter513,Dexamethasone,DDInter1830,Tolevamer,Moderate
DDInter1633,Salicylic acid (sodium),DDInter513,Dexamethasone,Moderate
DDInter513,Dexamethasone,DDInter1696,Solifenacin,Moderate
DDInter513,Dexamethasone,DDInter1698,Somapacitan,Moderate
DDInter513,Dexamethasone,DDInter1700,Somatrem,Moderate
DDInter1699,Somatotropin,DDInter513,Dexamethasone,Moderate
DDInter513,Dexamethasone,DDInter1701,Sonidegib,Major
DDInter1702,Sorafenib,DDInter513,Dexamethasone,Moderate
DDInter1705,Sparfloxacin,DDInter513,Dexamethasone,Major
DDInter1707,Spironolactone,DDInter513,Dexamethasone,Moderate
DDInter513,Dexamethasone,DDInter1709,Stanozolol,Moderate
DDInter513,Dexamethasone,DDInter1711,Stiripentol,Moderate
DDInter1729,Sulindac,DDInter513,Dexamethasone,Moderate
DDInter513,Dexamethasone,DDInter1731,Sunitinib,Moderate
DDInter513,Dexamethasone,DDInter1733,Suvorexant,Moderate
DDInter1735,Tacrolimus,DDInter513,Dexamethasone,Moderate
DDInter1736,Tadalafil,DDInter513,Dexamethasone,Moderate
DDInter513,Dexamethasone,DDInter1743,Talimogene laherparepvec,Major
DDInter1744,Tamoxifen,DDInter513,Dexamethasone,Moderate
DDInter513,Dexamethasone,DDInter1747,Tasimelteon,Moderate
DDInter513,Dexamethasone,DDInter1750,Tazemetostat,Major
DDInter513,Dexamethasone,DDInter1755,Telaprevir,Moderate
DDInter513,Dexamethasone,DDInter1757,Telbivudine,Moderate
DDInter1758,Telithromycin,DDInter513,Dexamethasone,Moderate
DDInter1759,Telmisartan,DDInter513,Dexamethasone,Moderate
DDInter513,Dexamethasone,DDInter1760,Telotristat ethyl,Moderate
DDInter513,Dexamethasone,DDInter1763,Temsirolimus,Major
DDInter1767,Terazosin,DDInter513,Dexamethasone,Moderate
DDInter1769,Terbutaline,DDInter513,Dexamethasone,Minor
DDInter513,Dexamethasone,DDInter1771,Teriflunomide,Major
DDInter1776,Testosterone (topical),DDInter513,Dexamethasone,Moderate
DDInter1789,Thalidomide,DDInter513,Dexamethasone,Major
DDInter513,Dexamethasone,DDInter1790,Thallous Chloride,Moderate
DDInter1791,Theophylline,DDInter513,Dexamethasone,Moderate
DDInter513,Dexamethasone,DDInter1802,Ticagrelor,Moderate
DDInter1804,Ticlopidine,DDInter513,Dexamethasone,Minor
DDInter1809,Timolol,DDInter513,Dexamethasone,Moderate
DDInter1817,Tipranavir,DDInter513,Dexamethasone,Moderate
DDInter513,Dexamethasone,DDInter1825,Tofacitinib,Major
DDInter1826,Tolazamide,DDInter513,Dexamethasone,Moderate
DDInter1828,Tolbutamide,DDInter513,Dexamethasone,Moderate
DDInter1831,Tolmetin,DDInter513,Dexamethasone,Moderate
DDInter513,Dexamethasone,DDInter1833,Tolvaptan,Moderate
DDInter1837,Toremifene,DDInter513,Dexamethasone,Major
DDInter1836,Torasemide,DDInter513,Dexamethasone,Moderate
DDInter513,Dexamethasone,DDInter1840,Trabectedin,Moderate
DDInter1843,Trandolapril,DDInter513,Dexamethasone,Moderate
DDInter1859,Triamterene,DDInter513,Dexamethasone,Moderate
DDInter1860,Triazolam,DDInter513,Dexamethasone,Minor
DDInter1861,Trichlormethiazide,DDInter513,Dexamethasone,Moderate
DDInter513,Dexamethasone,DDInter1862,Trichophyton mentagrophytes,Moderate
DDInter1872,Trimethaphan,DDInter513,Dexamethasone,Moderate
DDInter1881,Troglitazone,DDInter513,Dexamethasone,Moderate
DDInter513,Dexamethasone,DDInter1882,Troleandomycin,Moderate
DDInter1887,Trovafloxacin,DDInter513,Dexamethasone,Major
DDInter513,Dexamethasone,DDInter1889,Tuberculin purified protein derivative,Moderate
DDInter1890,Tubocurarine,DDInter513,Dexamethasone,Moderate
DDInter513,Dexamethasone,DDInter1891,Tucatinib,Moderate
DDInter513,Dexamethasone,DDInter1893,Typhoid vaccine (inactivated),Moderate
DDInter513,Dexamethasone,DDInter1894,Typhoid vaccine (live),Major
DDInter513,Dexamethasone,DDInter1896,Ubrogepant,Moderate
DDInter513,Dexamethasone,DDInter1901,Upadacitinib,Major
DDInter513,Dexamethasone,DDInter1907,Ustekinumab,Moderate
DDInter1910,Valdecoxib,DDInter513,Dexamethasone,Moderate
DDInter1915,Valsartan,DDInter513,Dexamethasone,Moderate
DDInter513,Dexamethasone,DDInter1917,Vandetanib,Moderate
DDInter513,Dexamethasone,DDInter1920,Varicella Zoster Vaccine (Recombinant),Major
DDInter513,Dexamethasone,DDInter1922,Vecuronium,Moderate
DDInter513,Dexamethasone,DDInter1925,Vemurafenib,Moderate
DDInter513,Dexamethasone,DDInter1926,Venetoclax,Major
DDInter1928,Verapamil,DDInter513,Dexamethasone,Moderate
DDInter1933,Vigabatrin,DDInter513,Dexamethasone,Major
DDInter513,Dexamethasone,DDInter1935,Vilazodone,Moderate
DDInter1936,Vinblastine,DDInter513,Dexamethasone,Moderate
DDInter1937,Vincristine,DDInter513,Dexamethasone,Moderate
DDInter1938,Vincristine (liposome),DDInter513,Dexamethasone,Moderate
DDInter1939,Vinorelbine,DDInter513,Dexamethasone,Moderate
DDInter1943,Vitamin E,DDInter513,Dexamethasone,Minor
DDInter1946,Voriconazole,DDInter513,Dexamethasone,Moderate
DDInter513,Dexamethasone,DDInter1948,Vortioxetine,Moderate
DDInter513,Dexamethasone,DDInter1949,Voxelotor,Major
DDInter1951,Warfarin,DDInter513,Dexamethasone,Moderate
DDInter513,Dexamethasone,DDInter1953,Yellow Fever Vaccine,Major
DDInter1957,Zaleplon,DDInter513,Dexamethasone,Minor
DDInter513,Dexamethasone,DDInter1959,Zanubrutinib,Major
DDInter513,Dexamethasone,DDInter1963,Zinc acetate,Minor
DDInter513,Dexamethasone,DDInter1964,Zinc chloride,Minor
DDInter513,Dexamethasone,DDInter1965,Zinc gluconate,Minor
DDInter513,Dexamethasone,DDInter1966,Zinc sulfate,Minor
DDInter1967,Ziprasidone,DDInter513,Dexamethasone,Minor
DDInter1970,Zolpidem,DDInter513,Dexamethasone,Moderate
DDInter1971,Zonisamide,DDInter513,Dexamethasone,Moderate
DDInter439,Conjugated estrogens,DDInter16,Acetohexamide,Moderate
DDInter439,Conjugated estrogens,DDInter195,Betamethasone,Moderate
DDInter439,Conjugated estrogens,DDInter246,Budesonide,Moderate
DDInter269,Calcitriol (topical),DDInter439,Conjugated estrogens,Moderate
DDInter439,Conjugated estrogens,DDInter280,Canagliflozin,Moderate
DDInter439,Conjugated estrogens,DDInter348,Chenodeoxycholic acid,Moderate
DDInter439,Conjugated estrogens,DDInter364,Chlorpropamide,Moderate
DDInter439,Conjugated estrogens,DDInter380,Cimetidine,Minor
DDInter439,Conjugated estrogens,DDInter393,Clarithromycin,Moderate
DDInter416,Clotrimazole,DDInter439,Conjugated estrogens,Moderate
DDInter439,Conjugated estrogens,DDInter474,Dapagliflozin,Moderate
DDInter439,Conjugated estrogens,DDInter607,Dulaglutide,Moderate
DDInter439,Conjugated estrogens,DDInter636,Empagliflozin,Moderate
DDInter439,Conjugated estrogens,DDInter669,Ertugliflozin,Moderate
DDInter439,Conjugated estrogens,DDInter706,Exenatide,Moderate
DDInter825,Glimepiride,DDInter439,Conjugated estrogens,Moderate
DDInter439,Conjugated estrogens,DDInter826,Glipizide,Moderate
DDInter439,Conjugated estrogens,DDInter831,Glyburide,Moderate
DDInter934,Insulin human,DDInter439,Conjugated estrogens,Moderate
DDInter439,Conjugated estrogens,DDInter929,Insulin aspart (aspart),Moderate
DDInter439,Conjugated estrogens,DDInter928,Insulin aspart (aspart protamine),Moderate
DDInter439,Conjugated estrogens,DDInter930,Insulin degludec,Moderate
DDInter439,Conjugated estrogens,DDInter931,Insulin detemir,Moderate
DDInter932,Insulin glargine,DDInter439,Conjugated estrogens,Moderate
DDInter439,Conjugated estrogens,DDInter933,Insulin glulisine,Moderate
DDInter935,"Insulin human (inhalation, rapid acting)",DDInter439,Conjugated estrogens,Moderate
DDInter936,Insulin human (isophane),DDInter439,Conjugated estrogens,Moderate
DDInter940,Insulin lispro,DDInter439,Conjugated estrogens,Moderate
DDInter941,Insulin lispro (protamine),DDInter439,Conjugated estrogens,Moderate
DDInter937,Insulin human (regular),DDInter439,Conjugated estrogens,Moderate
DDInter939,Insulin human (zinc),DDInter439,Conjugated estrogens,Moderate
DDInter938,Insulin human (zinc extended),DDInter439,Conjugated estrogens,Moderate
DDInter439,Conjugated estrogens,DDInter1070,Linagliptin,Moderate
DDInter439,Conjugated estrogens,DDInter1077,Liraglutide,Moderate
DDInter439,Conjugated estrogens,DDInter1082,Lixisenatide,Moderate
DDInter439,Conjugated estrogens,DDInter1164,Metformin,Moderate
DDInter439,Conjugated estrogens,DDInter1209,Miconazole,Moderate
